task_id,order,width,phase,case_id,kind,distribution
width8__1_add8_err_0.0299377_size_63_depth_12__compile_ER,0,8,A,1_add8_err_0.0299377_size_63_depth_12,compile_ER,
width8__1_add8_err_0.0299377_size_63_depth_12__ER__D0,1,8,A,1_add8_err_0.0299377_size_63_depth_12,ER__D0,D0
width8__1_add8_err_0.0299377_size_63_depth_12__ER__D1,2,8,A,1_add8_err_0.0299377_size_63_depth_12,ER__D1,D1
width8__1_add8_err_0.0299377_size_63_depth_12__ER__D2,3,8,A,1_add8_err_0.0299377_size_63_depth_12,ER__D2,D2
width8__1_add8_err_0.0299377_size_63_depth_12__ER__D3,4,8,A,1_add8_err_0.0299377_size_63_depth_12,ER__D3,D3
width8__1_add8_err_0.0299377_size_63_depth_12__ER__D4,5,8,A,1_add8_err_0.0299377_size_63_depth_12,ER__D4,D4
width8__1_add8_err_0.0299377_size_63_depth_12__ER__D5,6,8,A,1_add8_err_0.0299377_size_63_depth_12,ER__D5,D5
width8__1_add8_err_0.0299377_size_63_depth_12__ER__R0,7,8,A,1_add8_err_0.0299377_size_63_depth_12,ER__R0,R0
width8__1_add8_err_0.0299377_size_63_depth_12__ER__R1,8,8,A,1_add8_err_0.0299377_size_63_depth_12,ER__R1,R1
width8__1_add8_err_0.0299377_size_63_depth_12__ER__R2,9,8,A,1_add8_err_0.0299377_size_63_depth_12,ER__R2,R2
width8__1_add8_err_0.0299377_size_63_depth_12__ER__R3,10,8,A,1_add8_err_0.0299377_size_63_depth_12,ER__R3,R3
width8__1_add8_err_0.0299377_size_63_depth_12__ER__R4,11,8,A,1_add8_err_0.0299377_size_63_depth_12,ER__R4,R4
width8__1_add8_err_0.0299377_size_63_depth_12__ER__R5,12,8,A,1_add8_err_0.0299377_size_63_depth_12,ER__R5,R5
width8__1_add8_err_0.0299377_size_63_depth_12__ER__R6,13,8,A,1_add8_err_0.0299377_size_63_depth_12,ER__R6,R6
width8__1_add8_err_0.0299377_size_63_depth_12__ER__R7,14,8,A,1_add8_err_0.0299377_size_63_depth_12,ER__R7,R7
width8__1_add8_err_0.0299377_size_63_depth_12__ER__R8,15,8,A,1_add8_err_0.0299377_size_63_depth_12,ER__R8,R8
width8__1_add8_err_0.0299377_size_63_depth_12__ER__R9,16,8,A,1_add8_err_0.0299377_size_63_depth_12,ER__R9,R9
width8__1_add8_err_0.0299377_size_63_depth_12__compile_MED,17,8,A,1_add8_err_0.0299377_size_63_depth_12,compile_MED,
width8__1_add8_err_0.0299377_size_63_depth_12__MED__D0,18,8,A,1_add8_err_0.0299377_size_63_depth_12,MED__D0,D0
width8__1_add8_err_0.0299377_size_63_depth_12__MED__D1,19,8,A,1_add8_err_0.0299377_size_63_depth_12,MED__D1,D1
width8__1_add8_err_0.0299377_size_63_depth_12__MED__D2,20,8,A,1_add8_err_0.0299377_size_63_depth_12,MED__D2,D2
width8__1_add8_err_0.0299377_size_63_depth_12__MED__D3,21,8,A,1_add8_err_0.0299377_size_63_depth_12,MED__D3,D3
width8__1_add8_err_0.0299377_size_63_depth_12__MED__D4,22,8,A,1_add8_err_0.0299377_size_63_depth_12,MED__D4,D4
width8__1_add8_err_0.0299377_size_63_depth_12__MED__D5,23,8,A,1_add8_err_0.0299377_size_63_depth_12,MED__D5,D5
width8__1_add8_err_0.0299377_size_63_depth_12__timing_K16,24,8,A,1_add8_err_0.0299377_size_63_depth_12,timing_K16,
width8__1_add8_err_0.0299377_size_63_depth_12__timing_K64,25,8,A,1_add8_err_0.0299377_size_63_depth_12,timing_K64,
width8__2_add8_err_0.11734_size_59_depth_10__compile_ER,26,8,A,2_add8_err_0.11734_size_59_depth_10,compile_ER,
width8__2_add8_err_0.11734_size_59_depth_10__ER__D0,27,8,A,2_add8_err_0.11734_size_59_depth_10,ER__D0,D0
width8__2_add8_err_0.11734_size_59_depth_10__ER__D1,28,8,A,2_add8_err_0.11734_size_59_depth_10,ER__D1,D1
width8__2_add8_err_0.11734_size_59_depth_10__ER__D2,29,8,A,2_add8_err_0.11734_size_59_depth_10,ER__D2,D2
width8__2_add8_err_0.11734_size_59_depth_10__ER__D3,30,8,A,2_add8_err_0.11734_size_59_depth_10,ER__D3,D3
width8__2_add8_err_0.11734_size_59_depth_10__ER__D4,31,8,A,2_add8_err_0.11734_size_59_depth_10,ER__D4,D4
width8__2_add8_err_0.11734_size_59_depth_10__ER__D5,32,8,A,2_add8_err_0.11734_size_59_depth_10,ER__D5,D5
width8__2_add8_err_0.11734_size_59_depth_10__ER__R0,33,8,A,2_add8_err_0.11734_size_59_depth_10,ER__R0,R0
width8__2_add8_err_0.11734_size_59_depth_10__ER__R1,34,8,A,2_add8_err_0.11734_size_59_depth_10,ER__R1,R1
width8__2_add8_err_0.11734_size_59_depth_10__ER__R2,35,8,A,2_add8_err_0.11734_size_59_depth_10,ER__R2,R2
width8__2_add8_err_0.11734_size_59_depth_10__ER__R3,36,8,A,2_add8_err_0.11734_size_59_depth_10,ER__R3,R3
width8__2_add8_err_0.11734_size_59_depth_10__ER__R4,37,8,A,2_add8_err_0.11734_size_59_depth_10,ER__R4,R4
width8__2_add8_err_0.11734_size_59_depth_10__ER__R5,38,8,A,2_add8_err_0.11734_size_59_depth_10,ER__R5,R5
width8__2_add8_err_0.11734_size_59_depth_10__ER__R6,39,8,A,2_add8_err_0.11734_size_59_depth_10,ER__R6,R6
width8__2_add8_err_0.11734_size_59_depth_10__ER__R7,40,8,A,2_add8_err_0.11734_size_59_depth_10,ER__R7,R7
width8__2_add8_err_0.11734_size_59_depth_10__ER__R8,41,8,A,2_add8_err_0.11734_size_59_depth_10,ER__R8,R8
width8__2_add8_err_0.11734_size_59_depth_10__ER__R9,42,8,A,2_add8_err_0.11734_size_59_depth_10,ER__R9,R9
width8__2_add8_err_0.11734_size_59_depth_10__compile_MED,43,8,A,2_add8_err_0.11734_size_59_depth_10,compile_MED,
width8__2_add8_err_0.11734_size_59_depth_10__MED__D0,44,8,A,2_add8_err_0.11734_size_59_depth_10,MED__D0,D0
width8__2_add8_err_0.11734_size_59_depth_10__MED__D1,45,8,A,2_add8_err_0.11734_size_59_depth_10,MED__D1,D1
width8__2_add8_err_0.11734_size_59_depth_10__MED__D2,46,8,A,2_add8_err_0.11734_size_59_depth_10,MED__D2,D2
width8__2_add8_err_0.11734_size_59_depth_10__MED__D3,47,8,A,2_add8_err_0.11734_size_59_depth_10,MED__D3,D3
width8__2_add8_err_0.11734_size_59_depth_10__MED__D4,48,8,A,2_add8_err_0.11734_size_59_depth_10,MED__D4,D4
width8__2_add8_err_0.11734_size_59_depth_10__MED__D5,49,8,A,2_add8_err_0.11734_size_59_depth_10,MED__D5,D5
width8__2_add8_err_0.11734_size_59_depth_10__timing_K16,50,8,A,2_add8_err_0.11734_size_59_depth_10,timing_K16,
width8__2_add8_err_0.11734_size_59_depth_10__timing_K64,51,8,A,2_add8_err_0.11734_size_59_depth_10,timing_K64,
width8__3_add8_err_0.188568_size_56_depth_8__compile_ER,52,8,A,3_add8_err_0.188568_size_56_depth_8,compile_ER,
width8__3_add8_err_0.188568_size_56_depth_8__ER__D0,53,8,A,3_add8_err_0.188568_size_56_depth_8,ER__D0,D0
width8__3_add8_err_0.188568_size_56_depth_8__ER__D1,54,8,A,3_add8_err_0.188568_size_56_depth_8,ER__D1,D1
width8__3_add8_err_0.188568_size_56_depth_8__ER__D2,55,8,A,3_add8_err_0.188568_size_56_depth_8,ER__D2,D2
width8__3_add8_err_0.188568_size_56_depth_8__ER__D3,56,8,A,3_add8_err_0.188568_size_56_depth_8,ER__D3,D3
width8__3_add8_err_0.188568_size_56_depth_8__ER__D4,57,8,A,3_add8_err_0.188568_size_56_depth_8,ER__D4,D4
width8__3_add8_err_0.188568_size_56_depth_8__ER__D5,58,8,A,3_add8_err_0.188568_size_56_depth_8,ER__D5,D5
width8__3_add8_err_0.188568_size_56_depth_8__ER__R0,59,8,A,3_add8_err_0.188568_size_56_depth_8,ER__R0,R0
width8__3_add8_err_0.188568_size_56_depth_8__ER__R1,60,8,A,3_add8_err_0.188568_size_56_depth_8,ER__R1,R1
width8__3_add8_err_0.188568_size_56_depth_8__ER__R2,61,8,A,3_add8_err_0.188568_size_56_depth_8,ER__R2,R2
width8__3_add8_err_0.188568_size_56_depth_8__ER__R3,62,8,A,3_add8_err_0.188568_size_56_depth_8,ER__R3,R3
width8__3_add8_err_0.188568_size_56_depth_8__ER__R4,63,8,A,3_add8_err_0.188568_size_56_depth_8,ER__R4,R4
width8__3_add8_err_0.188568_size_56_depth_8__ER__R5,64,8,A,3_add8_err_0.188568_size_56_depth_8,ER__R5,R5
width8__3_add8_err_0.188568_size_56_depth_8__ER__R6,65,8,A,3_add8_err_0.188568_size_56_depth_8,ER__R6,R6
width8__3_add8_err_0.188568_size_56_depth_8__ER__R7,66,8,A,3_add8_err_0.188568_size_56_depth_8,ER__R7,R7
width8__3_add8_err_0.188568_size_56_depth_8__ER__R8,67,8,A,3_add8_err_0.188568_size_56_depth_8,ER__R8,R8
width8__3_add8_err_0.188568_size_56_depth_8__ER__R9,68,8,A,3_add8_err_0.188568_size_56_depth_8,ER__R9,R9
width8__3_add8_err_0.188568_size_56_depth_8__compile_MED,69,8,A,3_add8_err_0.188568_size_56_depth_8,compile_MED,
width8__3_add8_err_0.188568_size_56_depth_8__MED__D0,70,8,A,3_add8_err_0.188568_size_56_depth_8,MED__D0,D0
width8__3_add8_err_0.188568_size_56_depth_8__MED__D1,71,8,A,3_add8_err_0.188568_size_56_depth_8,MED__D1,D1
width8__3_add8_err_0.188568_size_56_depth_8__MED__D2,72,8,A,3_add8_err_0.188568_size_56_depth_8,MED__D2,D2
width8__3_add8_err_0.188568_size_56_depth_8__MED__D3,73,8,A,3_add8_err_0.188568_size_56_depth_8,MED__D3,D3
width8__3_add8_err_0.188568_size_56_depth_8__MED__D4,74,8,A,3_add8_err_0.188568_size_56_depth_8,MED__D4,D4
width8__3_add8_err_0.188568_size_56_depth_8__MED__D5,75,8,A,3_add8_err_0.188568_size_56_depth_8,MED__D5,D5
width8__3_add8_err_0.188568_size_56_depth_8__timing_K16,76,8,A,3_add8_err_0.188568_size_56_depth_8,timing_K16,
width8__3_add8_err_0.188568_size_56_depth_8__timing_K64,77,8,A,3_add8_err_0.188568_size_56_depth_8,timing_K64,
width8__4_add8_err_0.269669_size_53_depth_7__compile_ER,78,8,A,4_add8_err_0.269669_size_53_depth_7,compile_ER,
width8__4_add8_err_0.269669_size_53_depth_7__ER__D0,79,8,A,4_add8_err_0.269669_size_53_depth_7,ER__D0,D0
width8__4_add8_err_0.269669_size_53_depth_7__ER__D1,80,8,A,4_add8_err_0.269669_size_53_depth_7,ER__D1,D1
width8__4_add8_err_0.269669_size_53_depth_7__ER__D2,81,8,A,4_add8_err_0.269669_size_53_depth_7,ER__D2,D2
width8__4_add8_err_0.269669_size_53_depth_7__ER__D3,82,8,A,4_add8_err_0.269669_size_53_depth_7,ER__D3,D3
width8__4_add8_err_0.269669_size_53_depth_7__ER__D4,83,8,A,4_add8_err_0.269669_size_53_depth_7,ER__D4,D4
width8__4_add8_err_0.269669_size_53_depth_7__ER__D5,84,8,A,4_add8_err_0.269669_size_53_depth_7,ER__D5,D5
width8__4_add8_err_0.269669_size_53_depth_7__ER__R0,85,8,A,4_add8_err_0.269669_size_53_depth_7,ER__R0,R0
width8__4_add8_err_0.269669_size_53_depth_7__ER__R1,86,8,A,4_add8_err_0.269669_size_53_depth_7,ER__R1,R1
width8__4_add8_err_0.269669_size_53_depth_7__ER__R2,87,8,A,4_add8_err_0.269669_size_53_depth_7,ER__R2,R2
width8__4_add8_err_0.269669_size_53_depth_7__ER__R3,88,8,A,4_add8_err_0.269669_size_53_depth_7,ER__R3,R3
width8__4_add8_err_0.269669_size_53_depth_7__ER__R4,89,8,A,4_add8_err_0.269669_size_53_depth_7,ER__R4,R4
width8__4_add8_err_0.269669_size_53_depth_7__ER__R5,90,8,A,4_add8_err_0.269669_size_53_depth_7,ER__R5,R5
width8__4_add8_err_0.269669_size_53_depth_7__ER__R6,91,8,A,4_add8_err_0.269669_size_53_depth_7,ER__R6,R6
width8__4_add8_err_0.269669_size_53_depth_7__ER__R7,92,8,A,4_add8_err_0.269669_size_53_depth_7,ER__R7,R7
width8__4_add8_err_0.269669_size_53_depth_7__ER__R8,93,8,A,4_add8_err_0.269669_size_53_depth_7,ER__R8,R8
width8__4_add8_err_0.269669_size_53_depth_7__ER__R9,94,8,A,4_add8_err_0.269669_size_53_depth_7,ER__R9,R9
width8__4_add8_err_0.269669_size_53_depth_7__compile_MED,95,8,A,4_add8_err_0.269669_size_53_depth_7,compile_MED,
width8__4_add8_err_0.269669_size_53_depth_7__MED__D0,96,8,A,4_add8_err_0.269669_size_53_depth_7,MED__D0,D0
width8__4_add8_err_0.269669_size_53_depth_7__MED__D1,97,8,A,4_add8_err_0.269669_size_53_depth_7,MED__D1,D1
width8__4_add8_err_0.269669_size_53_depth_7__MED__D2,98,8,A,4_add8_err_0.269669_size_53_depth_7,MED__D2,D2
width8__4_add8_err_0.269669_size_53_depth_7__MED__D3,99,8,A,4_add8_err_0.269669_size_53_depth_7,MED__D3,D3
width8__4_add8_err_0.269669_size_53_depth_7__MED__D4,100,8,A,4_add8_err_0.269669_size_53_depth_7,MED__D4,D4
width8__4_add8_err_0.269669_size_53_depth_7__MED__D5,101,8,A,4_add8_err_0.269669_size_53_depth_7,MED__D5,D5
width8__4_add8_err_0.269669_size_53_depth_7__timing_K16,102,8,A,4_add8_err_0.269669_size_53_depth_7,timing_K16,
width8__4_add8_err_0.269669_size_53_depth_7__timing_K64,103,8,A,4_add8_err_0.269669_size_53_depth_7,timing_K64,
width8__5_add8_err_0.325058_size_50_depth_7__compile_ER,104,8,A,5_add8_err_0.325058_size_50_depth_7,compile_ER,
width8__5_add8_err_0.325058_size_50_depth_7__ER__D0,105,8,A,5_add8_err_0.325058_size_50_depth_7,ER__D0,D0
width8__5_add8_err_0.325058_size_50_depth_7__ER__D1,106,8,A,5_add8_err_0.325058_size_50_depth_7,ER__D1,D1
width8__5_add8_err_0.325058_size_50_depth_7__ER__D2,107,8,A,5_add8_err_0.325058_size_50_depth_7,ER__D2,D2
width8__5_add8_err_0.325058_size_50_depth_7__ER__D3,108,8,A,5_add8_err_0.325058_size_50_depth_7,ER__D3,D3
width8__5_add8_err_0.325058_size_50_depth_7__ER__D4,109,8,A,5_add8_err_0.325058_size_50_depth_7,ER__D4,D4
width8__5_add8_err_0.325058_size_50_depth_7__ER__D5,110,8,A,5_add8_err_0.325058_size_50_depth_7,ER__D5,D5
width8__5_add8_err_0.325058_size_50_depth_7__ER__R0,111,8,A,5_add8_err_0.325058_size_50_depth_7,ER__R0,R0
width8__5_add8_err_0.325058_size_50_depth_7__ER__R1,112,8,A,5_add8_err_0.325058_size_50_depth_7,ER__R1,R1
width8__5_add8_err_0.325058_size_50_depth_7__ER__R2,113,8,A,5_add8_err_0.325058_size_50_depth_7,ER__R2,R2
width8__5_add8_err_0.325058_size_50_depth_7__ER__R3,114,8,A,5_add8_err_0.325058_size_50_depth_7,ER__R3,R3
width8__5_add8_err_0.325058_size_50_depth_7__ER__R4,115,8,A,5_add8_err_0.325058_size_50_depth_7,ER__R4,R4
width8__5_add8_err_0.325058_size_50_depth_7__ER__R5,116,8,A,5_add8_err_0.325058_size_50_depth_7,ER__R5,R5
width8__5_add8_err_0.325058_size_50_depth_7__ER__R6,117,8,A,5_add8_err_0.325058_size_50_depth_7,ER__R6,R6
width8__5_add8_err_0.325058_size_50_depth_7__ER__R7,118,8,A,5_add8_err_0.325058_size_50_depth_7,ER__R7,R7
width8__5_add8_err_0.325058_size_50_depth_7__ER__R8,119,8,A,5_add8_err_0.325058_size_50_depth_7,ER__R8,R8
width8__5_add8_err_0.325058_size_50_depth_7__ER__R9,120,8,A,5_add8_err_0.325058_size_50_depth_7,ER__R9,R9
width8__5_add8_err_0.325058_size_50_depth_7__compile_MED,121,8,A,5_add8_err_0.325058_size_50_depth_7,compile_MED,
width8__5_add8_err_0.325058_size_50_depth_7__MED__D0,122,8,A,5_add8_err_0.325058_size_50_depth_7,MED__D0,D0
width8__5_add8_err_0.325058_size_50_depth_7__MED__D1,123,8,A,5_add8_err_0.325058_size_50_depth_7,MED__D1,D1
width8__5_add8_err_0.325058_size_50_depth_7__MED__D2,124,8,A,5_add8_err_0.325058_size_50_depth_7,MED__D2,D2
width8__5_add8_err_0.325058_size_50_depth_7__MED__D3,125,8,A,5_add8_err_0.325058_size_50_depth_7,MED__D3,D3
width8__5_add8_err_0.325058_size_50_depth_7__MED__D4,126,8,A,5_add8_err_0.325058_size_50_depth_7,MED__D4,D4
width8__5_add8_err_0.325058_size_50_depth_7__MED__D5,127,8,A,5_add8_err_0.325058_size_50_depth_7,MED__D5,D5
width8__5_add8_err_0.325058_size_50_depth_7__timing_K16,128,8,A,5_add8_err_0.325058_size_50_depth_7,timing_K16,
width8__5_add8_err_0.325058_size_50_depth_7__timing_K64,129,8,A,5_add8_err_0.325058_size_50_depth_7,timing_K64,
width8__6_add8_err_0.400146_size_47_depth_7__compile_ER,130,8,A,6_add8_err_0.400146_size_47_depth_7,compile_ER,
width8__6_add8_err_0.400146_size_47_depth_7__ER__D0,131,8,A,6_add8_err_0.400146_size_47_depth_7,ER__D0,D0
width8__6_add8_err_0.400146_size_47_depth_7__ER__D1,132,8,A,6_add8_err_0.400146_size_47_depth_7,ER__D1,D1
width8__6_add8_err_0.400146_size_47_depth_7__ER__D2,133,8,A,6_add8_err_0.400146_size_47_depth_7,ER__D2,D2
width8__6_add8_err_0.400146_size_47_depth_7__ER__D3,134,8,A,6_add8_err_0.400146_size_47_depth_7,ER__D3,D3
width8__6_add8_err_0.400146_size_47_depth_7__ER__D4,135,8,A,6_add8_err_0.400146_size_47_depth_7,ER__D4,D4
width8__6_add8_err_0.400146_size_47_depth_7__ER__D5,136,8,A,6_add8_err_0.400146_size_47_depth_7,ER__D5,D5
width8__6_add8_err_0.400146_size_47_depth_7__ER__R0,137,8,A,6_add8_err_0.400146_size_47_depth_7,ER__R0,R0
width8__6_add8_err_0.400146_size_47_depth_7__ER__R1,138,8,A,6_add8_err_0.400146_size_47_depth_7,ER__R1,R1
width8__6_add8_err_0.400146_size_47_depth_7__ER__R2,139,8,A,6_add8_err_0.400146_size_47_depth_7,ER__R2,R2
width8__6_add8_err_0.400146_size_47_depth_7__ER__R3,140,8,A,6_add8_err_0.400146_size_47_depth_7,ER__R3,R3
width8__6_add8_err_0.400146_size_47_depth_7__ER__R4,141,8,A,6_add8_err_0.400146_size_47_depth_7,ER__R4,R4
width8__6_add8_err_0.400146_size_47_depth_7__ER__R5,142,8,A,6_add8_err_0.400146_size_47_depth_7,ER__R5,R5
width8__6_add8_err_0.400146_size_47_depth_7__ER__R6,143,8,A,6_add8_err_0.400146_size_47_depth_7,ER__R6,R6
width8__6_add8_err_0.400146_size_47_depth_7__ER__R7,144,8,A,6_add8_err_0.400146_size_47_depth_7,ER__R7,R7
width8__6_add8_err_0.400146_size_47_depth_7__ER__R8,145,8,A,6_add8_err_0.400146_size_47_depth_7,ER__R8,R8
width8__6_add8_err_0.400146_size_47_depth_7__ER__R9,146,8,A,6_add8_err_0.400146_size_47_depth_7,ER__R9,R9
width8__6_add8_err_0.400146_size_47_depth_7__compile_MED,147,8,A,6_add8_err_0.400146_size_47_depth_7,compile_MED,
width8__6_add8_err_0.400146_size_47_depth_7__MED__D0,148,8,A,6_add8_err_0.400146_size_47_depth_7,MED__D0,D0
width8__6_add8_err_0.400146_size_47_depth_7__MED__D1,149,8,A,6_add8_err_0.400146_size_47_depth_7,MED__D1,D1
width8__6_add8_err_0.400146_size_47_depth_7__MED__D2,150,8,A,6_add8_err_0.400146_size_47_depth_7,MED__D2,D2
width8__6_add8_err_0.400146_size_47_depth_7__MED__D3,151,8,A,6_add8_err_0.400146_size_47_depth_7,MED__D3,D3
width8__6_add8_err_0.400146_size_47_depth_7__MED__D4,152,8,A,6_add8_err_0.400146_size_47_depth_7,MED__D4,D4
width8__6_add8_err_0.400146_size_47_depth_7__MED__D5,153,8,A,6_add8_err_0.400146_size_47_depth_7,MED__D5,D5
width8__6_add8_err_0.400146_size_47_depth_7__timing_K16,154,8,A,6_add8_err_0.400146_size_47_depth_7,timing_K16,
width8__6_add8_err_0.400146_size_47_depth_7__timing_K64,155,8,A,6_add8_err_0.400146_size_47_depth_7,timing_K64,
width8__7_add8_err_0.453918_size_45_depth_7__compile_ER,156,8,A,7_add8_err_0.453918_size_45_depth_7,compile_ER,
width8__7_add8_err_0.453918_size_45_depth_7__ER__D0,157,8,A,7_add8_err_0.453918_size_45_depth_7,ER__D0,D0
width8__7_add8_err_0.453918_size_45_depth_7__ER__D1,158,8,A,7_add8_err_0.453918_size_45_depth_7,ER__D1,D1
width8__7_add8_err_0.453918_size_45_depth_7__ER__D2,159,8,A,7_add8_err_0.453918_size_45_depth_7,ER__D2,D2
width8__7_add8_err_0.453918_size_45_depth_7__ER__D3,160,8,A,7_add8_err_0.453918_size_45_depth_7,ER__D3,D3
width8__7_add8_err_0.453918_size_45_depth_7__ER__D4,161,8,A,7_add8_err_0.453918_size_45_depth_7,ER__D4,D4
width8__7_add8_err_0.453918_size_45_depth_7__ER__D5,162,8,A,7_add8_err_0.453918_size_45_depth_7,ER__D5,D5
width8__7_add8_err_0.453918_size_45_depth_7__ER__R0,163,8,A,7_add8_err_0.453918_size_45_depth_7,ER__R0,R0
width8__7_add8_err_0.453918_size_45_depth_7__ER__R1,164,8,A,7_add8_err_0.453918_size_45_depth_7,ER__R1,R1
width8__7_add8_err_0.453918_size_45_depth_7__ER__R2,165,8,A,7_add8_err_0.453918_size_45_depth_7,ER__R2,R2
width8__7_add8_err_0.453918_size_45_depth_7__ER__R3,166,8,A,7_add8_err_0.453918_size_45_depth_7,ER__R3,R3
width8__7_add8_err_0.453918_size_45_depth_7__ER__R4,167,8,A,7_add8_err_0.453918_size_45_depth_7,ER__R4,R4
width8__7_add8_err_0.453918_size_45_depth_7__ER__R5,168,8,A,7_add8_err_0.453918_size_45_depth_7,ER__R5,R5
width8__7_add8_err_0.453918_size_45_depth_7__ER__R6,169,8,A,7_add8_err_0.453918_size_45_depth_7,ER__R6,R6
width8__7_add8_err_0.453918_size_45_depth_7__ER__R7,170,8,A,7_add8_err_0.453918_size_45_depth_7,ER__R7,R7
width8__7_add8_err_0.453918_size_45_depth_7__ER__R8,171,8,A,7_add8_err_0.453918_size_45_depth_7,ER__R8,R8
width8__7_add8_err_0.453918_size_45_depth_7__ER__R9,172,8,A,7_add8_err_0.453918_size_45_depth_7,ER__R9,R9
width8__7_add8_err_0.453918_size_45_depth_7__compile_MED,173,8,A,7_add8_err_0.453918_size_45_depth_7,compile_MED,
width8__7_add8_err_0.453918_size_45_depth_7__MED__D0,174,8,A,7_add8_err_0.453918_size_45_depth_7,MED__D0,D0
width8__7_add8_err_0.453918_size_45_depth_7__MED__D1,175,8,A,7_add8_err_0.453918_size_45_depth_7,MED__D1,D1
width8__7_add8_err_0.453918_size_45_depth_7__MED__D2,176,8,A,7_add8_err_0.453918_size_45_depth_7,MED__D2,D2
width8__7_add8_err_0.453918_size_45_depth_7__MED__D3,177,8,A,7_add8_err_0.453918_size_45_depth_7,MED__D3,D3
width8__7_add8_err_0.453918_size_45_depth_7__MED__D4,178,8,A,7_add8_err_0.453918_size_45_depth_7,MED__D4,D4
width8__7_add8_err_0.453918_size_45_depth_7__MED__D5,179,8,A,7_add8_err_0.453918_size_45_depth_7,MED__D5,D5
width8__7_add8_err_0.453918_size_45_depth_7__timing_K16,180,8,A,7_add8_err_0.453918_size_45_depth_7,timing_K16,
width8__7_add8_err_0.453918_size_45_depth_7__timing_K64,181,8,A,7_add8_err_0.453918_size_45_depth_7,timing_K64,
width12__add12u_054__compile_ER,182,12,A,add12u_054,compile_ER,
width12__add12u_054__ER__D0,183,12,A,add12u_054,ER__D0,D0
width12__add12u_054__ER__D1,184,12,A,add12u_054,ER__D1,D1
width12__add12u_054__ER__D2,185,12,A,add12u_054,ER__D2,D2
width12__add12u_054__ER__D3,186,12,A,add12u_054,ER__D3,D3
width12__add12u_054__ER__D4,187,12,A,add12u_054,ER__D4,D4
width12__add12u_054__ER__D5,188,12,A,add12u_054,ER__D5,D5
width12__add12u_054__ER__R0,189,12,A,add12u_054,ER__R0,R0
width12__add12u_054__ER__R1,190,12,A,add12u_054,ER__R1,R1
width12__add12u_054__ER__R2,191,12,A,add12u_054,ER__R2,R2
width12__add12u_054__ER__R3,192,12,A,add12u_054,ER__R3,R3
width12__add12u_054__ER__R4,193,12,A,add12u_054,ER__R4,R4
width12__add12u_054__ER__R5,194,12,A,add12u_054,ER__R5,R5
width12__add12u_054__ER__R6,195,12,A,add12u_054,ER__R6,R6
width12__add12u_054__ER__R7,196,12,A,add12u_054,ER__R7,R7
width12__add12u_054__ER__R8,197,12,A,add12u_054,ER__R8,R8
width12__add12u_054__ER__R9,198,12,A,add12u_054,ER__R9,R9
width12__add12u_054__compile_MED,199,12,A,add12u_054,compile_MED,
width12__add12u_054__MED__D0,200,12,A,add12u_054,MED__D0,D0
width12__add12u_054__MED__D1,201,12,A,add12u_054,MED__D1,D1
width12__add12u_054__MED__D2,202,12,A,add12u_054,MED__D2,D2
width12__add12u_054__MED__D3,203,12,A,add12u_054,MED__D3,D3
width12__add12u_054__MED__D4,204,12,A,add12u_054,MED__D4,D4
width12__add12u_054__MED__D5,205,12,A,add12u_054,MED__D5,D5
width12__add12u_054__timing_K16,206,12,A,add12u_054,timing_K16,
width12__add12u_054__timing_K64,207,12,A,add12u_054,timing_K64,
width12__add12u_2MB__compile_ER,208,12,A,add12u_2MB,compile_ER,
width12__add12u_2MB__ER__D0,209,12,A,add12u_2MB,ER__D0,D0
width12__add12u_2MB__ER__D1,210,12,A,add12u_2MB,ER__D1,D1
width12__add12u_2MB__ER__D2,211,12,A,add12u_2MB,ER__D2,D2
width12__add12u_2MB__ER__D3,212,12,A,add12u_2MB,ER__D3,D3
width12__add12u_2MB__ER__D4,213,12,A,add12u_2MB,ER__D4,D4
width12__add12u_2MB__ER__D5,214,12,A,add12u_2MB,ER__D5,D5
width12__add12u_2MB__ER__R0,215,12,A,add12u_2MB,ER__R0,R0
width12__add12u_2MB__ER__R1,216,12,A,add12u_2MB,ER__R1,R1
width12__add12u_2MB__ER__R2,217,12,A,add12u_2MB,ER__R2,R2
width12__add12u_2MB__ER__R3,218,12,A,add12u_2MB,ER__R3,R3
width12__add12u_2MB__ER__R4,219,12,A,add12u_2MB,ER__R4,R4
width12__add12u_2MB__ER__R5,220,12,A,add12u_2MB,ER__R5,R5
width12__add12u_2MB__ER__R6,221,12,A,add12u_2MB,ER__R6,R6
width12__add12u_2MB__ER__R7,222,12,A,add12u_2MB,ER__R7,R7
width12__add12u_2MB__ER__R8,223,12,A,add12u_2MB,ER__R8,R8
width12__add12u_2MB__ER__R9,224,12,A,add12u_2MB,ER__R9,R9
width12__add12u_2MB__compile_MED,225,12,A,add12u_2MB,compile_MED,
width12__add12u_2MB__MED__D0,226,12,A,add12u_2MB,MED__D0,D0
width12__add12u_2MB__MED__D1,227,12,A,add12u_2MB,MED__D1,D1
width12__add12u_2MB__MED__D2,228,12,A,add12u_2MB,MED__D2,D2
width12__add12u_2MB__MED__D3,229,12,A,add12u_2MB,MED__D3,D3
width12__add12u_2MB__MED__D4,230,12,A,add12u_2MB,MED__D4,D4
width12__add12u_2MB__MED__D5,231,12,A,add12u_2MB,MED__D5,D5
width12__add12u_2MB__timing_K16,232,12,A,add12u_2MB,timing_K16,
width12__add12u_2MB__timing_K64,233,12,A,add12u_2MB,timing_K64,
width12__add12u_4FZ__compile_ER,234,12,A,add12u_4FZ,compile_ER,
width12__add12u_4FZ__ER__D0,235,12,A,add12u_4FZ,ER__D0,D0
width12__add12u_4FZ__ER__D1,236,12,A,add12u_4FZ,ER__D1,D1
width12__add12u_4FZ__ER__D2,237,12,A,add12u_4FZ,ER__D2,D2
width12__add12u_4FZ__ER__D3,238,12,A,add12u_4FZ,ER__D3,D3
width12__add12u_4FZ__ER__D4,239,12,A,add12u_4FZ,ER__D4,D4
width12__add12u_4FZ__ER__D5,240,12,A,add12u_4FZ,ER__D5,D5
width12__add12u_4FZ__ER__R0,241,12,A,add12u_4FZ,ER__R0,R0
width12__add12u_4FZ__ER__R1,242,12,A,add12u_4FZ,ER__R1,R1
width12__add12u_4FZ__ER__R2,243,12,A,add12u_4FZ,ER__R2,R2
width12__add12u_4FZ__ER__R3,244,12,A,add12u_4FZ,ER__R3,R3
width12__add12u_4FZ__ER__R4,245,12,A,add12u_4FZ,ER__R4,R4
width12__add12u_4FZ__ER__R5,246,12,A,add12u_4FZ,ER__R5,R5
width12__add12u_4FZ__ER__R6,247,12,A,add12u_4FZ,ER__R6,R6
width12__add12u_4FZ__ER__R7,248,12,A,add12u_4FZ,ER__R7,R7
width12__add12u_4FZ__ER__R8,249,12,A,add12u_4FZ,ER__R8,R8
width12__add12u_4FZ__ER__R9,250,12,A,add12u_4FZ,ER__R9,R9
width12__add12u_4FZ__compile_MED,251,12,A,add12u_4FZ,compile_MED,
width12__add12u_4FZ__MED__D0,252,12,A,add12u_4FZ,MED__D0,D0
width12__add12u_4FZ__MED__D1,253,12,A,add12u_4FZ,MED__D1,D1
width12__add12u_4FZ__MED__D2,254,12,A,add12u_4FZ,MED__D2,D2
width12__add12u_4FZ__MED__D3,255,12,A,add12u_4FZ,MED__D3,D3
width12__add12u_4FZ__MED__D4,256,12,A,add12u_4FZ,MED__D4,D4
width12__add12u_4FZ__MED__D5,257,12,A,add12u_4FZ,MED__D5,D5
width12__add12u_4FZ__timing_K16,258,12,A,add12u_4FZ,timing_K16,
width12__add12u_4FZ__timing_K64,259,12,A,add12u_4FZ,timing_K64,
width12__add12u_4R6__compile_ER,260,12,A,add12u_4R6,compile_ER,
width12__add12u_4R6__ER__D0,261,12,A,add12u_4R6,ER__D0,D0
width12__add12u_4R6__ER__D1,262,12,A,add12u_4R6,ER__D1,D1
width12__add12u_4R6__ER__D2,263,12,A,add12u_4R6,ER__D2,D2
width12__add12u_4R6__ER__D3,264,12,A,add12u_4R6,ER__D3,D3
width12__add12u_4R6__ER__D4,265,12,A,add12u_4R6,ER__D4,D4
width12__add12u_4R6__ER__D5,266,12,A,add12u_4R6,ER__D5,D5
width12__add12u_4R6__ER__R0,267,12,A,add12u_4R6,ER__R0,R0
width12__add12u_4R6__ER__R1,268,12,A,add12u_4R6,ER__R1,R1
width12__add12u_4R6__ER__R2,269,12,A,add12u_4R6,ER__R2,R2
width12__add12u_4R6__ER__R3,270,12,A,add12u_4R6,ER__R3,R3
width12__add12u_4R6__ER__R4,271,12,A,add12u_4R6,ER__R4,R4
width12__add12u_4R6__ER__R5,272,12,A,add12u_4R6,ER__R5,R5
width12__add12u_4R6__ER__R6,273,12,A,add12u_4R6,ER__R6,R6
width12__add12u_4R6__ER__R7,274,12,A,add12u_4R6,ER__R7,R7
width12__add12u_4R6__ER__R8,275,12,A,add12u_4R6,ER__R8,R8
width12__add12u_4R6__ER__R9,276,12,A,add12u_4R6,ER__R9,R9
width12__add12u_4R6__compile_MED,277,12,A,add12u_4R6,compile_MED,
width12__add12u_4R6__MED__D0,278,12,A,add12u_4R6,MED__D0,D0
width12__add12u_4R6__MED__D1,279,12,A,add12u_4R6,MED__D1,D1
width12__add12u_4R6__MED__D2,280,12,A,add12u_4R6,MED__D2,D2
width12__add12u_4R6__MED__D3,281,12,A,add12u_4R6,MED__D3,D3
width12__add12u_4R6__MED__D4,282,12,A,add12u_4R6,MED__D4,D4
width12__add12u_4R6__MED__D5,283,12,A,add12u_4R6,MED__D5,D5
width12__add12u_4R6__timing_K16,284,12,A,add12u_4R6,timing_K16,
width12__add12u_4R6__timing_K64,285,12,A,add12u_4R6,timing_K64,
width12__add12u_4RF__compile_ER,286,12,A,add12u_4RF,compile_ER,
width12__add12u_4RF__ER__D0,287,12,A,add12u_4RF,ER__D0,D0
width12__add12u_4RF__ER__D1,288,12,A,add12u_4RF,ER__D1,D1
width12__add12u_4RF__ER__D2,289,12,A,add12u_4RF,ER__D2,D2
width12__add12u_4RF__ER__D3,290,12,A,add12u_4RF,ER__D3,D3
width12__add12u_4RF__ER__D4,291,12,A,add12u_4RF,ER__D4,D4
width12__add12u_4RF__ER__D5,292,12,A,add12u_4RF,ER__D5,D5
width12__add12u_4RF__ER__R0,293,12,A,add12u_4RF,ER__R0,R0
width12__add12u_4RF__ER__R1,294,12,A,add12u_4RF,ER__R1,R1
width12__add12u_4RF__ER__R2,295,12,A,add12u_4RF,ER__R2,R2
width12__add12u_4RF__ER__R3,296,12,A,add12u_4RF,ER__R3,R3
width12__add12u_4RF__ER__R4,297,12,A,add12u_4RF,ER__R4,R4
width12__add12u_4RF__ER__R5,298,12,A,add12u_4RF,ER__R5,R5
width12__add12u_4RF__ER__R6,299,12,A,add12u_4RF,ER__R6,R6
width12__add12u_4RF__ER__R7,300,12,A,add12u_4RF,ER__R7,R7
width12__add12u_4RF__ER__R8,301,12,A,add12u_4RF,ER__R8,R8
width12__add12u_4RF__ER__R9,302,12,A,add12u_4RF,ER__R9,R9
width12__add12u_4RF__compile_MED,303,12,A,add12u_4RF,compile_MED,
width12__add12u_4RF__MED__D0,304,12,A,add12u_4RF,MED__D0,D0
width12__add12u_4RF__MED__D1,305,12,A,add12u_4RF,MED__D1,D1
width12__add12u_4RF__MED__D2,306,12,A,add12u_4RF,MED__D2,D2
width12__add12u_4RF__MED__D3,307,12,A,add12u_4RF,MED__D3,D3
width12__add12u_4RF__MED__D4,308,12,A,add12u_4RF,MED__D4,D4
width12__add12u_4RF__MED__D5,309,12,A,add12u_4RF,MED__D5,D5
width12__add12u_4RF__timing_K16,310,12,A,add12u_4RF,timing_K16,
width12__add12u_4RF__timing_K64,311,12,A,add12u_4RF,timing_K64,
width12__add12u_4XD__compile_ER,312,12,A,add12u_4XD,compile_ER,
width12__add12u_4XD__ER__D0,313,12,A,add12u_4XD,ER__D0,D0
width12__add12u_4XD__ER__D1,314,12,A,add12u_4XD,ER__D1,D1
width12__add12u_4XD__ER__D2,315,12,A,add12u_4XD,ER__D2,D2
width12__add12u_4XD__ER__D3,316,12,A,add12u_4XD,ER__D3,D3
width12__add12u_4XD__ER__D4,317,12,A,add12u_4XD,ER__D4,D4
width12__add12u_4XD__ER__D5,318,12,A,add12u_4XD,ER__D5,D5
width12__add12u_4XD__ER__R0,319,12,A,add12u_4XD,ER__R0,R0
width12__add12u_4XD__ER__R1,320,12,A,add12u_4XD,ER__R1,R1
width12__add12u_4XD__ER__R2,321,12,A,add12u_4XD,ER__R2,R2
width12__add12u_4XD__ER__R3,322,12,A,add12u_4XD,ER__R3,R3
width12__add12u_4XD__ER__R4,323,12,A,add12u_4XD,ER__R4,R4
width12__add12u_4XD__ER__R5,324,12,A,add12u_4XD,ER__R5,R5
width12__add12u_4XD__ER__R6,325,12,A,add12u_4XD,ER__R6,R6
width12__add12u_4XD__ER__R7,326,12,A,add12u_4XD,ER__R7,R7
width12__add12u_4XD__ER__R8,327,12,A,add12u_4XD,ER__R8,R8
width12__add12u_4XD__ER__R9,328,12,A,add12u_4XD,ER__R9,R9
width12__add12u_4XD__compile_MED,329,12,A,add12u_4XD,compile_MED,
width12__add12u_4XD__MED__D0,330,12,A,add12u_4XD,MED__D0,D0
width12__add12u_4XD__MED__D1,331,12,A,add12u_4XD,MED__D1,D1
width12__add12u_4XD__MED__D2,332,12,A,add12u_4XD,MED__D2,D2
width12__add12u_4XD__MED__D3,333,12,A,add12u_4XD,MED__D3,D3
width12__add12u_4XD__MED__D4,334,12,A,add12u_4XD,MED__D4,D4
width12__add12u_4XD__MED__D5,335,12,A,add12u_4XD,MED__D5,D5
width12__add12u_4XD__timing_K16,336,12,A,add12u_4XD,timing_K16,
width12__add12u_4XD__timing_K64,337,12,A,add12u_4XD,timing_K64,
width12__add12u_4YK__compile_ER,338,12,A,add12u_4YK,compile_ER,
width12__add12u_4YK__ER__D0,339,12,A,add12u_4YK,ER__D0,D0
width12__add12u_4YK__ER__D1,340,12,A,add12u_4YK,ER__D1,D1
width12__add12u_4YK__ER__D2,341,12,A,add12u_4YK,ER__D2,D2
width12__add12u_4YK__ER__D3,342,12,A,add12u_4YK,ER__D3,D3
width12__add12u_4YK__ER__D4,343,12,A,add12u_4YK,ER__D4,D4
width12__add12u_4YK__ER__D5,344,12,A,add12u_4YK,ER__D5,D5
width12__add12u_4YK__ER__R0,345,12,A,add12u_4YK,ER__R0,R0
width12__add12u_4YK__ER__R1,346,12,A,add12u_4YK,ER__R1,R1
width12__add12u_4YK__ER__R2,347,12,A,add12u_4YK,ER__R2,R2
width12__add12u_4YK__ER__R3,348,12,A,add12u_4YK,ER__R3,R3
width12__add12u_4YK__ER__R4,349,12,A,add12u_4YK,ER__R4,R4
width12__add12u_4YK__ER__R5,350,12,A,add12u_4YK,ER__R5,R5
width12__add12u_4YK__ER__R6,351,12,A,add12u_4YK,ER__R6,R6
width12__add12u_4YK__ER__R7,352,12,A,add12u_4YK,ER__R7,R7
width12__add12u_4YK__ER__R8,353,12,A,add12u_4YK,ER__R8,R8
width12__add12u_4YK__ER__R9,354,12,A,add12u_4YK,ER__R9,R9
width12__add12u_4YK__compile_MED,355,12,A,add12u_4YK,compile_MED,
width12__add12u_4YK__MED__D0,356,12,A,add12u_4YK,MED__D0,D0
width12__add12u_4YK__MED__D1,357,12,A,add12u_4YK,MED__D1,D1
width12__add12u_4YK__MED__D2,358,12,A,add12u_4YK,MED__D2,D2
width12__add12u_4YK__MED__D3,359,12,A,add12u_4YK,MED__D3,D3
width12__add12u_4YK__MED__D4,360,12,A,add12u_4YK,MED__D4,D4
width12__add12u_4YK__MED__D5,361,12,A,add12u_4YK,MED__D5,D5
width12__add12u_4YK__timing_K16,362,12,A,add12u_4YK,timing_K16,
width12__add12u_4YK__timing_K64,363,12,A,add12u_4YK,timing_K64,
width12__add12u_4YR__compile_ER,364,12,A,add12u_4YR,compile_ER,
width12__add12u_4YR__ER__D0,365,12,A,add12u_4YR,ER__D0,D0
width12__add12u_4YR__ER__D1,366,12,A,add12u_4YR,ER__D1,D1
width12__add12u_4YR__ER__D2,367,12,A,add12u_4YR,ER__D2,D2
width12__add12u_4YR__ER__D3,368,12,A,add12u_4YR,ER__D3,D3
width12__add12u_4YR__ER__D4,369,12,A,add12u_4YR,ER__D4,D4
width12__add12u_4YR__ER__D5,370,12,A,add12u_4YR,ER__D5,D5
width12__add12u_4YR__ER__R0,371,12,A,add12u_4YR,ER__R0,R0
width12__add12u_4YR__ER__R1,372,12,A,add12u_4YR,ER__R1,R1
width12__add12u_4YR__ER__R2,373,12,A,add12u_4YR,ER__R2,R2
width12__add12u_4YR__ER__R3,374,12,A,add12u_4YR,ER__R3,R3
width12__add12u_4YR__ER__R4,375,12,A,add12u_4YR,ER__R4,R4
width12__add12u_4YR__ER__R5,376,12,A,add12u_4YR,ER__R5,R5
width12__add12u_4YR__ER__R6,377,12,A,add12u_4YR,ER__R6,R6
width12__add12u_4YR__ER__R7,378,12,A,add12u_4YR,ER__R7,R7
width12__add12u_4YR__ER__R8,379,12,A,add12u_4YR,ER__R8,R8
width12__add12u_4YR__ER__R9,380,12,A,add12u_4YR,ER__R9,R9
width12__add12u_4YR__compile_MED,381,12,A,add12u_4YR,compile_MED,
width12__add12u_4YR__MED__D0,382,12,A,add12u_4YR,MED__D0,D0
width12__add12u_4YR__MED__D1,383,12,A,add12u_4YR,MED__D1,D1
width12__add12u_4YR__MED__D2,384,12,A,add12u_4YR,MED__D2,D2
width12__add12u_4YR__MED__D3,385,12,A,add12u_4YR,MED__D3,D3
width12__add12u_4YR__MED__D4,386,12,A,add12u_4YR,MED__D4,D4
width12__add12u_4YR__MED__D5,387,12,A,add12u_4YR,MED__D5,D5
width12__add12u_4YR__timing_K16,388,12,A,add12u_4YR,timing_K16,
width12__add12u_4YR__timing_K64,389,12,A,add12u_4YR,timing_K64,
width16__10_add16_err_0.566452_size_105_depth_13__compile_ER,390,16,A,10_add16_err_0.566452_size_105_depth_13,compile_ER,
width16__10_add16_err_0.566452_size_105_depth_13__ER__D0,391,16,A,10_add16_err_0.566452_size_105_depth_13,ER__D0,D0
width16__10_add16_err_0.566452_size_105_depth_13__ER__D1,392,16,A,10_add16_err_0.566452_size_105_depth_13,ER__D1,D1
width16__10_add16_err_0.566452_size_105_depth_13__ER__D2,393,16,A,10_add16_err_0.566452_size_105_depth_13,ER__D2,D2
width16__10_add16_err_0.566452_size_105_depth_13__ER__D3,394,16,A,10_add16_err_0.566452_size_105_depth_13,ER__D3,D3
width16__10_add16_err_0.566452_size_105_depth_13__ER__D4,395,16,A,10_add16_err_0.566452_size_105_depth_13,ER__D4,D4
width16__10_add16_err_0.566452_size_105_depth_13__ER__D5,396,16,A,10_add16_err_0.566452_size_105_depth_13,ER__D5,D5
width16__10_add16_err_0.566452_size_105_depth_13__ER__R0,397,16,A,10_add16_err_0.566452_size_105_depth_13,ER__R0,R0
width16__10_add16_err_0.566452_size_105_depth_13__ER__R1,398,16,A,10_add16_err_0.566452_size_105_depth_13,ER__R1,R1
width16__10_add16_err_0.566452_size_105_depth_13__ER__R2,399,16,A,10_add16_err_0.566452_size_105_depth_13,ER__R2,R2
width16__10_add16_err_0.566452_size_105_depth_13__ER__R3,400,16,A,10_add16_err_0.566452_size_105_depth_13,ER__R3,R3
width16__10_add16_err_0.566452_size_105_depth_13__ER__R4,401,16,A,10_add16_err_0.566452_size_105_depth_13,ER__R4,R4
width16__10_add16_err_0.566452_size_105_depth_13__ER__R5,402,16,A,10_add16_err_0.566452_size_105_depth_13,ER__R5,R5
width16__10_add16_err_0.566452_size_105_depth_13__ER__R6,403,16,A,10_add16_err_0.566452_size_105_depth_13,ER__R6,R6
width16__10_add16_err_0.566452_size_105_depth_13__ER__R7,404,16,A,10_add16_err_0.566452_size_105_depth_13,ER__R7,R7
width16__10_add16_err_0.566452_size_105_depth_13__ER__R8,405,16,A,10_add16_err_0.566452_size_105_depth_13,ER__R8,R8
width16__10_add16_err_0.566452_size_105_depth_13__ER__R9,406,16,A,10_add16_err_0.566452_size_105_depth_13,ER__R9,R9
width16__10_add16_err_0.566452_size_105_depth_13__compile_MED,407,16,A,10_add16_err_0.566452_size_105_depth_13,compile_MED,
width16__10_add16_err_0.566452_size_105_depth_13__MED__D0,408,16,A,10_add16_err_0.566452_size_105_depth_13,MED__D0,D0
width16__10_add16_err_0.566452_size_105_depth_13__MED__D1,409,16,A,10_add16_err_0.566452_size_105_depth_13,MED__D1,D1
width16__10_add16_err_0.566452_size_105_depth_13__MED__D2,410,16,A,10_add16_err_0.566452_size_105_depth_13,MED__D2,D2
width16__10_add16_err_0.566452_size_105_depth_13__MED__D3,411,16,A,10_add16_err_0.566452_size_105_depth_13,MED__D3,D3
width16__10_add16_err_0.566452_size_105_depth_13__MED__D4,412,16,A,10_add16_err_0.566452_size_105_depth_13,MED__D4,D4
width16__10_add16_err_0.566452_size_105_depth_13__MED__D5,413,16,A,10_add16_err_0.566452_size_105_depth_13,MED__D5,D5
width16__10_add16_err_0.566452_size_105_depth_13__timing_K16,414,16,A,10_add16_err_0.566452_size_105_depth_13,timing_K16,
width16__10_add16_err_0.566452_size_105_depth_13__timing_K64,415,16,A,10_add16_err_0.566452_size_105_depth_13,timing_K64,
width16__1_add16_err_0.00215149_size_143_depth_16__compile_ER,416,16,A,1_add16_err_0.00215149_size_143_depth_16,compile_ER,
width16__1_add16_err_0.00215149_size_143_depth_16__ER__D0,417,16,A,1_add16_err_0.00215149_size_143_depth_16,ER__D0,D0
width16__1_add16_err_0.00215149_size_143_depth_16__ER__D1,418,16,A,1_add16_err_0.00215149_size_143_depth_16,ER__D1,D1
width16__1_add16_err_0.00215149_size_143_depth_16__ER__D2,419,16,A,1_add16_err_0.00215149_size_143_depth_16,ER__D2,D2
width16__1_add16_err_0.00215149_size_143_depth_16__ER__D3,420,16,A,1_add16_err_0.00215149_size_143_depth_16,ER__D3,D3
width16__1_add16_err_0.00215149_size_143_depth_16__ER__D4,421,16,A,1_add16_err_0.00215149_size_143_depth_16,ER__D4,D4
width16__1_add16_err_0.00215149_size_143_depth_16__ER__D5,422,16,A,1_add16_err_0.00215149_size_143_depth_16,ER__D5,D5
width16__1_add16_err_0.00215149_size_143_depth_16__ER__R0,423,16,A,1_add16_err_0.00215149_size_143_depth_16,ER__R0,R0
width16__1_add16_err_0.00215149_size_143_depth_16__ER__R1,424,16,A,1_add16_err_0.00215149_size_143_depth_16,ER__R1,R1
width16__1_add16_err_0.00215149_size_143_depth_16__ER__R2,425,16,A,1_add16_err_0.00215149_size_143_depth_16,ER__R2,R2
width16__1_add16_err_0.00215149_size_143_depth_16__ER__R3,426,16,A,1_add16_err_0.00215149_size_143_depth_16,ER__R3,R3
width16__1_add16_err_0.00215149_size_143_depth_16__ER__R4,427,16,A,1_add16_err_0.00215149_size_143_depth_16,ER__R4,R4
width16__1_add16_err_0.00215149_size_143_depth_16__ER__R5,428,16,A,1_add16_err_0.00215149_size_143_depth_16,ER__R5,R5
width16__1_add16_err_0.00215149_size_143_depth_16__ER__R6,429,16,A,1_add16_err_0.00215149_size_143_depth_16,ER__R6,R6
width16__1_add16_err_0.00215149_size_143_depth_16__ER__R7,430,16,A,1_add16_err_0.00215149_size_143_depth_16,ER__R7,R7
width16__1_add16_err_0.00215149_size_143_depth_16__ER__R8,431,16,A,1_add16_err_0.00215149_size_143_depth_16,ER__R8,R8
width16__1_add16_err_0.00215149_size_143_depth_16__ER__R9,432,16,A,1_add16_err_0.00215149_size_143_depth_16,ER__R9,R9
width16__1_add16_err_0.00215149_size_143_depth_16__compile_MED,433,16,A,1_add16_err_0.00215149_size_143_depth_16,compile_MED,
width16__1_add16_err_0.00215149_size_143_depth_16__MED__D0,434,16,A,1_add16_err_0.00215149_size_143_depth_16,MED__D0,D0
width16__1_add16_err_0.00215149_size_143_depth_16__MED__D1,435,16,A,1_add16_err_0.00215149_size_143_depth_16,MED__D1,D1
width16__1_add16_err_0.00215149_size_143_depth_16__MED__D2,436,16,A,1_add16_err_0.00215149_size_143_depth_16,MED__D2,D2
width16__1_add16_err_0.00215149_size_143_depth_16__MED__D3,437,16,A,1_add16_err_0.00215149_size_143_depth_16,MED__D3,D3
width16__1_add16_err_0.00215149_size_143_depth_16__MED__D4,438,16,A,1_add16_err_0.00215149_size_143_depth_16,MED__D4,D4
width16__1_add16_err_0.00215149_size_143_depth_16__MED__D5,439,16,A,1_add16_err_0.00215149_size_143_depth_16,MED__D5,D5
width16__1_add16_err_0.00215149_size_143_depth_16__timing_K16,440,16,A,1_add16_err_0.00215149_size_143_depth_16,timing_K16,
width16__1_add16_err_0.00215149_size_143_depth_16__timing_K64,441,16,A,1_add16_err_0.00215149_size_143_depth_16,timing_K64,
width16__2_add16_err_0.0311737_size_138_depth_13__compile_ER,442,16,A,2_add16_err_0.0311737_size_138_depth_13,compile_ER,
width16__2_add16_err_0.0311737_size_138_depth_13__ER__D0,443,16,A,2_add16_err_0.0311737_size_138_depth_13,ER__D0,D0
width16__2_add16_err_0.0311737_size_138_depth_13__ER__D1,444,16,A,2_add16_err_0.0311737_size_138_depth_13,ER__D1,D1
width16__2_add16_err_0.0311737_size_138_depth_13__ER__D2,445,16,A,2_add16_err_0.0311737_size_138_depth_13,ER__D2,D2
width16__2_add16_err_0.0311737_size_138_depth_13__ER__D3,446,16,A,2_add16_err_0.0311737_size_138_depth_13,ER__D3,D3
width16__2_add16_err_0.0311737_size_138_depth_13__ER__D4,447,16,A,2_add16_err_0.0311737_size_138_depth_13,ER__D4,D4
width16__2_add16_err_0.0311737_size_138_depth_13__ER__D5,448,16,A,2_add16_err_0.0311737_size_138_depth_13,ER__D5,D5
width16__2_add16_err_0.0311737_size_138_depth_13__ER__R0,449,16,A,2_add16_err_0.0311737_size_138_depth_13,ER__R0,R0
width16__2_add16_err_0.0311737_size_138_depth_13__ER__R1,450,16,A,2_add16_err_0.0311737_size_138_depth_13,ER__R1,R1
width16__2_add16_err_0.0311737_size_138_depth_13__ER__R2,451,16,A,2_add16_err_0.0311737_size_138_depth_13,ER__R2,R2
width16__2_add16_err_0.0311737_size_138_depth_13__ER__R3,452,16,A,2_add16_err_0.0311737_size_138_depth_13,ER__R3,R3
width16__2_add16_err_0.0311737_size_138_depth_13__ER__R4,453,16,A,2_add16_err_0.0311737_size_138_depth_13,ER__R4,R4
width16__2_add16_err_0.0311737_size_138_depth_13__ER__R5,454,16,A,2_add16_err_0.0311737_size_138_depth_13,ER__R5,R5
width16__2_add16_err_0.0311737_size_138_depth_13__ER__R6,455,16,A,2_add16_err_0.0311737_size_138_depth_13,ER__R6,R6
width16__2_add16_err_0.0311737_size_138_depth_13__ER__R7,456,16,A,2_add16_err_0.0311737_size_138_depth_13,ER__R7,R7
width16__2_add16_err_0.0311737_size_138_depth_13__ER__R8,457,16,A,2_add16_err_0.0311737_size_138_depth_13,ER__R8,R8
width16__2_add16_err_0.0311737_size_138_depth_13__ER__R9,458,16,A,2_add16_err_0.0311737_size_138_depth_13,ER__R9,R9
width16__2_add16_err_0.0311737_size_138_depth_13__compile_MED,459,16,A,2_add16_err_0.0311737_size_138_depth_13,compile_MED,
width16__2_add16_err_0.0311737_size_138_depth_13__MED__D0,460,16,A,2_add16_err_0.0311737_size_138_depth_13,MED__D0,D0
width16__2_add16_err_0.0311737_size_138_depth_13__MED__D1,461,16,A,2_add16_err_0.0311737_size_138_depth_13,MED__D1,D1
width16__2_add16_err_0.0311737_size_138_depth_13__MED__D2,462,16,A,2_add16_err_0.0311737_size_138_depth_13,MED__D2,D2
width16__2_add16_err_0.0311737_size_138_depth_13__MED__D3,463,16,A,2_add16_err_0.0311737_size_138_depth_13,MED__D3,D3
width16__2_add16_err_0.0311737_size_138_depth_13__MED__D4,464,16,A,2_add16_err_0.0311737_size_138_depth_13,MED__D4,D4
width16__2_add16_err_0.0311737_size_138_depth_13__MED__D5,465,16,A,2_add16_err_0.0311737_size_138_depth_13,MED__D5,D5
width16__2_add16_err_0.0311737_size_138_depth_13__timing_K16,466,16,A,2_add16_err_0.0311737_size_138_depth_13,timing_K16,
width16__2_add16_err_0.0311737_size_138_depth_13__timing_K64,467,16,A,2_add16_err_0.0311737_size_138_depth_13,timing_K64,
width16__3_add16_err_0.0585022_size_127_depth_13__compile_ER,468,16,A,3_add16_err_0.0585022_size_127_depth_13,compile_ER,
width16__3_add16_err_0.0585022_size_127_depth_13__ER__D0,469,16,A,3_add16_err_0.0585022_size_127_depth_13,ER__D0,D0
width16__3_add16_err_0.0585022_size_127_depth_13__ER__D1,470,16,A,3_add16_err_0.0585022_size_127_depth_13,ER__D1,D1
width16__3_add16_err_0.0585022_size_127_depth_13__ER__D2,471,16,A,3_add16_err_0.0585022_size_127_depth_13,ER__D2,D2
width16__3_add16_err_0.0585022_size_127_depth_13__ER__D3,472,16,A,3_add16_err_0.0585022_size_127_depth_13,ER__D3,D3
width16__3_add16_err_0.0585022_size_127_depth_13__ER__D4,473,16,A,3_add16_err_0.0585022_size_127_depth_13,ER__D4,D4
width16__3_add16_err_0.0585022_size_127_depth_13__ER__D5,474,16,A,3_add16_err_0.0585022_size_127_depth_13,ER__D5,D5
width16__3_add16_err_0.0585022_size_127_depth_13__ER__R0,475,16,A,3_add16_err_0.0585022_size_127_depth_13,ER__R0,R0
width16__3_add16_err_0.0585022_size_127_depth_13__ER__R1,476,16,A,3_add16_err_0.0585022_size_127_depth_13,ER__R1,R1
width16__3_add16_err_0.0585022_size_127_depth_13__ER__R2,477,16,A,3_add16_err_0.0585022_size_127_depth_13,ER__R2,R2
width16__3_add16_err_0.0585022_size_127_depth_13__ER__R3,478,16,A,3_add16_err_0.0585022_size_127_depth_13,ER__R3,R3
width16__3_add16_err_0.0585022_size_127_depth_13__ER__R4,479,16,A,3_add16_err_0.0585022_size_127_depth_13,ER__R4,R4
width16__3_add16_err_0.0585022_size_127_depth_13__ER__R5,480,16,A,3_add16_err_0.0585022_size_127_depth_13,ER__R5,R5
width16__3_add16_err_0.0585022_size_127_depth_13__ER__R6,481,16,A,3_add16_err_0.0585022_size_127_depth_13,ER__R6,R6
width16__3_add16_err_0.0585022_size_127_depth_13__ER__R7,482,16,A,3_add16_err_0.0585022_size_127_depth_13,ER__R7,R7
width16__3_add16_err_0.0585022_size_127_depth_13__ER__R8,483,16,A,3_add16_err_0.0585022_size_127_depth_13,ER__R8,R8
width16__3_add16_err_0.0585022_size_127_depth_13__ER__R9,484,16,A,3_add16_err_0.0585022_size_127_depth_13,ER__R9,R9
width16__3_add16_err_0.0585022_size_127_depth_13__compile_MED,485,16,A,3_add16_err_0.0585022_size_127_depth_13,compile_MED,
width16__3_add16_err_0.0585022_size_127_depth_13__MED__D0,486,16,A,3_add16_err_0.0585022_size_127_depth_13,MED__D0,D0
width16__3_add16_err_0.0585022_size_127_depth_13__MED__D1,487,16,A,3_add16_err_0.0585022_size_127_depth_13,MED__D1,D1
width16__3_add16_err_0.0585022_size_127_depth_13__MED__D2,488,16,A,3_add16_err_0.0585022_size_127_depth_13,MED__D2,D2
width16__3_add16_err_0.0585022_size_127_depth_13__MED__D3,489,16,A,3_add16_err_0.0585022_size_127_depth_13,MED__D3,D3
width16__3_add16_err_0.0585022_size_127_depth_13__MED__D4,490,16,A,3_add16_err_0.0585022_size_127_depth_13,MED__D4,D4
width16__3_add16_err_0.0585022_size_127_depth_13__MED__D5,491,16,A,3_add16_err_0.0585022_size_127_depth_13,MED__D5,D5
width16__3_add16_err_0.0585022_size_127_depth_13__timing_K16,492,16,A,3_add16_err_0.0585022_size_127_depth_13,timing_K16,
width16__3_add16_err_0.0585022_size_127_depth_13__timing_K64,493,16,A,3_add16_err_0.0585022_size_127_depth_13,timing_K64,
width16__4_add16_err_0.125626_size_123_depth_13__compile_ER,494,16,A,4_add16_err_0.125626_size_123_depth_13,compile_ER,
width16__4_add16_err_0.125626_size_123_depth_13__ER__D0,495,16,A,4_add16_err_0.125626_size_123_depth_13,ER__D0,D0
width16__4_add16_err_0.125626_size_123_depth_13__ER__D1,496,16,A,4_add16_err_0.125626_size_123_depth_13,ER__D1,D1
width16__4_add16_err_0.125626_size_123_depth_13__ER__D2,497,16,A,4_add16_err_0.125626_size_123_depth_13,ER__D2,D2
width16__4_add16_err_0.125626_size_123_depth_13__ER__D3,498,16,A,4_add16_err_0.125626_size_123_depth_13,ER__D3,D3
width16__4_add16_err_0.125626_size_123_depth_13__ER__D4,499,16,A,4_add16_err_0.125626_size_123_depth_13,ER__D4,D4
width16__4_add16_err_0.125626_size_123_depth_13__ER__D5,500,16,A,4_add16_err_0.125626_size_123_depth_13,ER__D5,D5
width16__4_add16_err_0.125626_size_123_depth_13__ER__R0,501,16,A,4_add16_err_0.125626_size_123_depth_13,ER__R0,R0
width16__4_add16_err_0.125626_size_123_depth_13__ER__R1,502,16,A,4_add16_err_0.125626_size_123_depth_13,ER__R1,R1
width16__4_add16_err_0.125626_size_123_depth_13__ER__R2,503,16,A,4_add16_err_0.125626_size_123_depth_13,ER__R2,R2
width16__4_add16_err_0.125626_size_123_depth_13__ER__R3,504,16,A,4_add16_err_0.125626_size_123_depth_13,ER__R3,R3
width16__4_add16_err_0.125626_size_123_depth_13__ER__R4,505,16,A,4_add16_err_0.125626_size_123_depth_13,ER__R4,R4
width16__4_add16_err_0.125626_size_123_depth_13__ER__R5,506,16,A,4_add16_err_0.125626_size_123_depth_13,ER__R5,R5
width16__4_add16_err_0.125626_size_123_depth_13__ER__R6,507,16,A,4_add16_err_0.125626_size_123_depth_13,ER__R6,R6
width16__4_add16_err_0.125626_size_123_depth_13__ER__R7,508,16,A,4_add16_err_0.125626_size_123_depth_13,ER__R7,R7
width16__4_add16_err_0.125626_size_123_depth_13__ER__R8,509,16,A,4_add16_err_0.125626_size_123_depth_13,ER__R8,R8
width16__4_add16_err_0.125626_size_123_depth_13__ER__R9,510,16,A,4_add16_err_0.125626_size_123_depth_13,ER__R9,R9
width16__4_add16_err_0.125626_size_123_depth_13__compile_MED,511,16,A,4_add16_err_0.125626_size_123_depth_13,compile_MED,
width16__4_add16_err_0.125626_size_123_depth_13__MED__D0,512,16,A,4_add16_err_0.125626_size_123_depth_13,MED__D0,D0
width16__4_add16_err_0.125626_size_123_depth_13__MED__D1,513,16,A,4_add16_err_0.125626_size_123_depth_13,MED__D1,D1
width16__4_add16_err_0.125626_size_123_depth_13__MED__D2,514,16,A,4_add16_err_0.125626_size_123_depth_13,MED__D2,D2
width16__4_add16_err_0.125626_size_123_depth_13__MED__D3,515,16,A,4_add16_err_0.125626_size_123_depth_13,MED__D3,D3
width16__4_add16_err_0.125626_size_123_depth_13__MED__D4,516,16,A,4_add16_err_0.125626_size_123_depth_13,MED__D4,D4
width16__4_add16_err_0.125626_size_123_depth_13__MED__D5,517,16,A,4_add16_err_0.125626_size_123_depth_13,MED__D5,D5
width16__4_add16_err_0.125626_size_123_depth_13__timing_K16,518,16,A,4_add16_err_0.125626_size_123_depth_13,timing_K16,
width16__4_add16_err_0.125626_size_123_depth_13__timing_K64,519,16,A,4_add16_err_0.125626_size_123_depth_13,timing_K64,
width16__5_add16_err_0.204422_size_119_depth_13__compile_ER,520,16,A,5_add16_err_0.204422_size_119_depth_13,compile_ER,
width16__5_add16_err_0.204422_size_119_depth_13__ER__D0,521,16,A,5_add16_err_0.204422_size_119_depth_13,ER__D0,D0
width16__5_add16_err_0.204422_size_119_depth_13__ER__D1,522,16,A,5_add16_err_0.204422_size_119_depth_13,ER__D1,D1
width16__5_add16_err_0.204422_size_119_depth_13__ER__D2,523,16,A,5_add16_err_0.204422_size_119_depth_13,ER__D2,D2
width16__5_add16_err_0.204422_size_119_depth_13__ER__D3,524,16,A,5_add16_err_0.204422_size_119_depth_13,ER__D3,D3
width16__5_add16_err_0.204422_size_119_depth_13__ER__D4,525,16,A,5_add16_err_0.204422_size_119_depth_13,ER__D4,D4
width16__5_add16_err_0.204422_size_119_depth_13__ER__D5,526,16,A,5_add16_err_0.204422_size_119_depth_13,ER__D5,D5
width16__5_add16_err_0.204422_size_119_depth_13__ER__R0,527,16,A,5_add16_err_0.204422_size_119_depth_13,ER__R0,R0
width16__5_add16_err_0.204422_size_119_depth_13__ER__R1,528,16,A,5_add16_err_0.204422_size_119_depth_13,ER__R1,R1
width16__5_add16_err_0.204422_size_119_depth_13__ER__R2,529,16,A,5_add16_err_0.204422_size_119_depth_13,ER__R2,R2
width16__5_add16_err_0.204422_size_119_depth_13__ER__R3,530,16,A,5_add16_err_0.204422_size_119_depth_13,ER__R3,R3
width16__5_add16_err_0.204422_size_119_depth_13__ER__R4,531,16,A,5_add16_err_0.204422_size_119_depth_13,ER__R4,R4
width16__5_add16_err_0.204422_size_119_depth_13__ER__R5,532,16,A,5_add16_err_0.204422_size_119_depth_13,ER__R5,R5
width16__5_add16_err_0.204422_size_119_depth_13__ER__R6,533,16,A,5_add16_err_0.204422_size_119_depth_13,ER__R6,R6
width16__5_add16_err_0.204422_size_119_depth_13__ER__R7,534,16,A,5_add16_err_0.204422_size_119_depth_13,ER__R7,R7
width16__5_add16_err_0.204422_size_119_depth_13__ER__R8,535,16,A,5_add16_err_0.204422_size_119_depth_13,ER__R8,R8
width16__5_add16_err_0.204422_size_119_depth_13__ER__R9,536,16,A,5_add16_err_0.204422_size_119_depth_13,ER__R9,R9
width16__5_add16_err_0.204422_size_119_depth_13__compile_MED,537,16,A,5_add16_err_0.204422_size_119_depth_13,compile_MED,
width16__5_add16_err_0.204422_size_119_depth_13__MED__D0,538,16,A,5_add16_err_0.204422_size_119_depth_13,MED__D0,D0
width16__5_add16_err_0.204422_size_119_depth_13__MED__D1,539,16,A,5_add16_err_0.204422_size_119_depth_13,MED__D1,D1
width16__5_add16_err_0.204422_size_119_depth_13__MED__D2,540,16,A,5_add16_err_0.204422_size_119_depth_13,MED__D2,D2
width16__5_add16_err_0.204422_size_119_depth_13__MED__D3,541,16,A,5_add16_err_0.204422_size_119_depth_13,MED__D3,D3
width16__5_add16_err_0.204422_size_119_depth_13__MED__D4,542,16,A,5_add16_err_0.204422_size_119_depth_13,MED__D4,D4
width16__5_add16_err_0.204422_size_119_depth_13__MED__D5,543,16,A,5_add16_err_0.204422_size_119_depth_13,MED__D5,D5
width16__5_add16_err_0.204422_size_119_depth_13__timing_K16,544,16,A,5_add16_err_0.204422_size_119_depth_13,timing_K16,
width16__5_add16_err_0.204422_size_119_depth_13__timing_K64,545,16,A,5_add16_err_0.204422_size_119_depth_13,timing_K64,
width16__6_add16_err_0.298309_size_116_depth_13__compile_ER,546,16,A,6_add16_err_0.298309_size_116_depth_13,compile_ER,
width16__6_add16_err_0.298309_size_116_depth_13__ER__D0,547,16,A,6_add16_err_0.298309_size_116_depth_13,ER__D0,D0
width16__6_add16_err_0.298309_size_116_depth_13__ER__D1,548,16,A,6_add16_err_0.298309_size_116_depth_13,ER__D1,D1
width16__6_add16_err_0.298309_size_116_depth_13__ER__D2,549,16,A,6_add16_err_0.298309_size_116_depth_13,ER__D2,D2
width16__6_add16_err_0.298309_size_116_depth_13__ER__D3,550,16,A,6_add16_err_0.298309_size_116_depth_13,ER__D3,D3
width16__6_add16_err_0.298309_size_116_depth_13__ER__D4,551,16,A,6_add16_err_0.298309_size_116_depth_13,ER__D4,D4
width16__6_add16_err_0.298309_size_116_depth_13__ER__D5,552,16,A,6_add16_err_0.298309_size_116_depth_13,ER__D5,D5
width16__6_add16_err_0.298309_size_116_depth_13__ER__R0,553,16,A,6_add16_err_0.298309_size_116_depth_13,ER__R0,R0
width16__6_add16_err_0.298309_size_116_depth_13__ER__R1,554,16,A,6_add16_err_0.298309_size_116_depth_13,ER__R1,R1
width16__6_add16_err_0.298309_size_116_depth_13__ER__R2,555,16,A,6_add16_err_0.298309_size_116_depth_13,ER__R2,R2
width16__6_add16_err_0.298309_size_116_depth_13__ER__R3,556,16,A,6_add16_err_0.298309_size_116_depth_13,ER__R3,R3
width16__6_add16_err_0.298309_size_116_depth_13__ER__R4,557,16,A,6_add16_err_0.298309_size_116_depth_13,ER__R4,R4
width16__6_add16_err_0.298309_size_116_depth_13__ER__R5,558,16,A,6_add16_err_0.298309_size_116_depth_13,ER__R5,R5
width16__6_add16_err_0.298309_size_116_depth_13__ER__R6,559,16,A,6_add16_err_0.298309_size_116_depth_13,ER__R6,R6
width16__6_add16_err_0.298309_size_116_depth_13__ER__R7,560,16,A,6_add16_err_0.298309_size_116_depth_13,ER__R7,R7
width16__6_add16_err_0.298309_size_116_depth_13__ER__R8,561,16,A,6_add16_err_0.298309_size_116_depth_13,ER__R8,R8
width16__6_add16_err_0.298309_size_116_depth_13__ER__R9,562,16,A,6_add16_err_0.298309_size_116_depth_13,ER__R9,R9
width16__6_add16_err_0.298309_size_116_depth_13__compile_MED,563,16,A,6_add16_err_0.298309_size_116_depth_13,compile_MED,
width16__6_add16_err_0.298309_size_116_depth_13__MED__D0,564,16,A,6_add16_err_0.298309_size_116_depth_13,MED__D0,D0
width16__6_add16_err_0.298309_size_116_depth_13__MED__D1,565,16,A,6_add16_err_0.298309_size_116_depth_13,MED__D1,D1
width16__6_add16_err_0.298309_size_116_depth_13__MED__D2,566,16,A,6_add16_err_0.298309_size_116_depth_13,MED__D2,D2
width16__6_add16_err_0.298309_size_116_depth_13__MED__D3,567,16,A,6_add16_err_0.298309_size_116_depth_13,MED__D3,D3
width16__6_add16_err_0.298309_size_116_depth_13__MED__D4,568,16,A,6_add16_err_0.298309_size_116_depth_13,MED__D4,D4
width16__6_add16_err_0.298309_size_116_depth_13__MED__D5,569,16,A,6_add16_err_0.298309_size_116_depth_13,MED__D5,D5
width16__6_add16_err_0.298309_size_116_depth_13__timing_K16,570,16,A,6_add16_err_0.298309_size_116_depth_13,timing_K16,
width16__6_add16_err_0.298309_size_116_depth_13__timing_K64,571,16,A,6_add16_err_0.298309_size_116_depth_13,timing_K64,
width16__7_add16_err_0.386383_size_113_depth_13__compile_ER,572,16,A,7_add16_err_0.386383_size_113_depth_13,compile_ER,
width16__7_add16_err_0.386383_size_113_depth_13__ER__D0,573,16,A,7_add16_err_0.386383_size_113_depth_13,ER__D0,D0
width16__7_add16_err_0.386383_size_113_depth_13__ER__D1,574,16,A,7_add16_err_0.386383_size_113_depth_13,ER__D1,D1
width16__7_add16_err_0.386383_size_113_depth_13__ER__D2,575,16,A,7_add16_err_0.386383_size_113_depth_13,ER__D2,D2
width16__7_add16_err_0.386383_size_113_depth_13__ER__D3,576,16,A,7_add16_err_0.386383_size_113_depth_13,ER__D3,D3
width16__7_add16_err_0.386383_size_113_depth_13__ER__D4,577,16,A,7_add16_err_0.386383_size_113_depth_13,ER__D4,D4
width16__7_add16_err_0.386383_size_113_depth_13__ER__D5,578,16,A,7_add16_err_0.386383_size_113_depth_13,ER__D5,D5
width16__7_add16_err_0.386383_size_113_depth_13__ER__R0,579,16,A,7_add16_err_0.386383_size_113_depth_13,ER__R0,R0
width16__7_add16_err_0.386383_size_113_depth_13__ER__R1,580,16,A,7_add16_err_0.386383_size_113_depth_13,ER__R1,R1
width16__7_add16_err_0.386383_size_113_depth_13__ER__R2,581,16,A,7_add16_err_0.386383_size_113_depth_13,ER__R2,R2
width16__7_add16_err_0.386383_size_113_depth_13__ER__R3,582,16,A,7_add16_err_0.386383_size_113_depth_13,ER__R3,R3
width16__7_add16_err_0.386383_size_113_depth_13__ER__R4,583,16,A,7_add16_err_0.386383_size_113_depth_13,ER__R4,R4
width16__7_add16_err_0.386383_size_113_depth_13__ER__R5,584,16,A,7_add16_err_0.386383_size_113_depth_13,ER__R5,R5
width16__7_add16_err_0.386383_size_113_depth_13__ER__R6,585,16,A,7_add16_err_0.386383_size_113_depth_13,ER__R6,R6
width16__7_add16_err_0.386383_size_113_depth_13__ER__R7,586,16,A,7_add16_err_0.386383_size_113_depth_13,ER__R7,R7
width16__7_add16_err_0.386383_size_113_depth_13__ER__R8,587,16,A,7_add16_err_0.386383_size_113_depth_13,ER__R8,R8
width16__7_add16_err_0.386383_size_113_depth_13__ER__R9,588,16,A,7_add16_err_0.386383_size_113_depth_13,ER__R9,R9
width16__7_add16_err_0.386383_size_113_depth_13__compile_MED,589,16,A,7_add16_err_0.386383_size_113_depth_13,compile_MED,
width16__7_add16_err_0.386383_size_113_depth_13__MED__D0,590,16,A,7_add16_err_0.386383_size_113_depth_13,MED__D0,D0
width16__7_add16_err_0.386383_size_113_depth_13__MED__D1,591,16,A,7_add16_err_0.386383_size_113_depth_13,MED__D1,D1
width16__7_add16_err_0.386383_size_113_depth_13__MED__D2,592,16,A,7_add16_err_0.386383_size_113_depth_13,MED__D2,D2
width16__7_add16_err_0.386383_size_113_depth_13__MED__D3,593,16,A,7_add16_err_0.386383_size_113_depth_13,MED__D3,D3
width16__7_add16_err_0.386383_size_113_depth_13__MED__D4,594,16,A,7_add16_err_0.386383_size_113_depth_13,MED__D4,D4
width16__7_add16_err_0.386383_size_113_depth_13__MED__D5,595,16,A,7_add16_err_0.386383_size_113_depth_13,MED__D5,D5
width16__7_add16_err_0.386383_size_113_depth_13__timing_K16,596,16,A,7_add16_err_0.386383_size_113_depth_13,timing_K16,
width16__7_add16_err_0.386383_size_113_depth_13__timing_K64,597,16,A,7_add16_err_0.386383_size_113_depth_13,timing_K64,
width16__8_add16_err_0.458023_size_110_depth_13__compile_ER,598,16,A,8_add16_err_0.458023_size_110_depth_13,compile_ER,
width16__8_add16_err_0.458023_size_110_depth_13__ER__D0,599,16,A,8_add16_err_0.458023_size_110_depth_13,ER__D0,D0
width16__8_add16_err_0.458023_size_110_depth_13__ER__D1,600,16,A,8_add16_err_0.458023_size_110_depth_13,ER__D1,D1
width16__8_add16_err_0.458023_size_110_depth_13__ER__D2,601,16,A,8_add16_err_0.458023_size_110_depth_13,ER__D2,D2
width16__8_add16_err_0.458023_size_110_depth_13__ER__D3,602,16,A,8_add16_err_0.458023_size_110_depth_13,ER__D3,D3
width16__8_add16_err_0.458023_size_110_depth_13__ER__D4,603,16,A,8_add16_err_0.458023_size_110_depth_13,ER__D4,D4
width16__8_add16_err_0.458023_size_110_depth_13__ER__D5,604,16,A,8_add16_err_0.458023_size_110_depth_13,ER__D5,D5
width16__8_add16_err_0.458023_size_110_depth_13__ER__R0,605,16,A,8_add16_err_0.458023_size_110_depth_13,ER__R0,R0
width16__8_add16_err_0.458023_size_110_depth_13__ER__R1,606,16,A,8_add16_err_0.458023_size_110_depth_13,ER__R1,R1
width16__8_add16_err_0.458023_size_110_depth_13__ER__R2,607,16,A,8_add16_err_0.458023_size_110_depth_13,ER__R2,R2
width16__8_add16_err_0.458023_size_110_depth_13__ER__R3,608,16,A,8_add16_err_0.458023_size_110_depth_13,ER__R3,R3
width16__8_add16_err_0.458023_size_110_depth_13__ER__R4,609,16,A,8_add16_err_0.458023_size_110_depth_13,ER__R4,R4
width16__8_add16_err_0.458023_size_110_depth_13__ER__R5,610,16,A,8_add16_err_0.458023_size_110_depth_13,ER__R5,R5
width16__8_add16_err_0.458023_size_110_depth_13__ER__R6,611,16,A,8_add16_err_0.458023_size_110_depth_13,ER__R6,R6
width16__8_add16_err_0.458023_size_110_depth_13__ER__R7,612,16,A,8_add16_err_0.458023_size_110_depth_13,ER__R7,R7
width16__8_add16_err_0.458023_size_110_depth_13__ER__R8,613,16,A,8_add16_err_0.458023_size_110_depth_13,ER__R8,R8
width16__8_add16_err_0.458023_size_110_depth_13__ER__R9,614,16,A,8_add16_err_0.458023_size_110_depth_13,ER__R9,R9
width16__8_add16_err_0.458023_size_110_depth_13__compile_MED,615,16,A,8_add16_err_0.458023_size_110_depth_13,compile_MED,
width16__8_add16_err_0.458023_size_110_depth_13__MED__D0,616,16,A,8_add16_err_0.458023_size_110_depth_13,MED__D0,D0
width16__8_add16_err_0.458023_size_110_depth_13__MED__D1,617,16,A,8_add16_err_0.458023_size_110_depth_13,MED__D1,D1
width16__8_add16_err_0.458023_size_110_depth_13__MED__D2,618,16,A,8_add16_err_0.458023_size_110_depth_13,MED__D2,D2
width16__8_add16_err_0.458023_size_110_depth_13__MED__D3,619,16,A,8_add16_err_0.458023_size_110_depth_13,MED__D3,D3
width16__8_add16_err_0.458023_size_110_depth_13__MED__D4,620,16,A,8_add16_err_0.458023_size_110_depth_13,MED__D4,D4
width16__8_add16_err_0.458023_size_110_depth_13__MED__D5,621,16,A,8_add16_err_0.458023_size_110_depth_13,MED__D5,D5
width16__8_add16_err_0.458023_size_110_depth_13__timing_K16,622,16,A,8_add16_err_0.458023_size_110_depth_13,timing_K16,
width16__8_add16_err_0.458023_size_110_depth_13__timing_K64,623,16,A,8_add16_err_0.458023_size_110_depth_13,timing_K64,
width16__9_add16_err_0.507919_size_108_depth_13__compile_ER,624,16,A,9_add16_err_0.507919_size_108_depth_13,compile_ER,
width16__9_add16_err_0.507919_size_108_depth_13__ER__D0,625,16,A,9_add16_err_0.507919_size_108_depth_13,ER__D0,D0
width16__9_add16_err_0.507919_size_108_depth_13__ER__D1,626,16,A,9_add16_err_0.507919_size_108_depth_13,ER__D1,D1
width16__9_add16_err_0.507919_size_108_depth_13__ER__D2,627,16,A,9_add16_err_0.507919_size_108_depth_13,ER__D2,D2
width16__9_add16_err_0.507919_size_108_depth_13__ER__D3,628,16,A,9_add16_err_0.507919_size_108_depth_13,ER__D3,D3
width16__9_add16_err_0.507919_size_108_depth_13__ER__D4,629,16,A,9_add16_err_0.507919_size_108_depth_13,ER__D4,D4
width16__9_add16_err_0.507919_size_108_depth_13__ER__D5,630,16,A,9_add16_err_0.507919_size_108_depth_13,ER__D5,D5
width16__9_add16_err_0.507919_size_108_depth_13__ER__R0,631,16,A,9_add16_err_0.507919_size_108_depth_13,ER__R0,R0
width16__9_add16_err_0.507919_size_108_depth_13__ER__R1,632,16,A,9_add16_err_0.507919_size_108_depth_13,ER__R1,R1
width16__9_add16_err_0.507919_size_108_depth_13__ER__R2,633,16,A,9_add16_err_0.507919_size_108_depth_13,ER__R2,R2
width16__9_add16_err_0.507919_size_108_depth_13__ER__R3,634,16,A,9_add16_err_0.507919_size_108_depth_13,ER__R3,R3
width16__9_add16_err_0.507919_size_108_depth_13__ER__R4,635,16,A,9_add16_err_0.507919_size_108_depth_13,ER__R4,R4
width16__9_add16_err_0.507919_size_108_depth_13__ER__R5,636,16,A,9_add16_err_0.507919_size_108_depth_13,ER__R5,R5
width16__9_add16_err_0.507919_size_108_depth_13__ER__R6,637,16,A,9_add16_err_0.507919_size_108_depth_13,ER__R6,R6
width16__9_add16_err_0.507919_size_108_depth_13__ER__R7,638,16,A,9_add16_err_0.507919_size_108_depth_13,ER__R7,R7
width16__9_add16_err_0.507919_size_108_depth_13__ER__R8,639,16,A,9_add16_err_0.507919_size_108_depth_13,ER__R8,R8
width16__9_add16_err_0.507919_size_108_depth_13__ER__R9,640,16,A,9_add16_err_0.507919_size_108_depth_13,ER__R9,R9
width16__9_add16_err_0.507919_size_108_depth_13__compile_MED,641,16,A,9_add16_err_0.507919_size_108_depth_13,compile_MED,
width16__9_add16_err_0.507919_size_108_depth_13__MED__D0,642,16,A,9_add16_err_0.507919_size_108_depth_13,MED__D0,D0
width16__9_add16_err_0.507919_size_108_depth_13__MED__D1,643,16,A,9_add16_err_0.507919_size_108_depth_13,MED__D1,D1
width16__9_add16_err_0.507919_size_108_depth_13__MED__D2,644,16,A,9_add16_err_0.507919_size_108_depth_13,MED__D2,D2
width16__9_add16_err_0.507919_size_108_depth_13__MED__D3,645,16,A,9_add16_err_0.507919_size_108_depth_13,MED__D3,D3
width16__9_add16_err_0.507919_size_108_depth_13__MED__D4,646,16,A,9_add16_err_0.507919_size_108_depth_13,MED__D4,D4
width16__9_add16_err_0.507919_size_108_depth_13__MED__D5,647,16,A,9_add16_err_0.507919_size_108_depth_13,MED__D5,D5
width16__9_add16_err_0.507919_size_108_depth_13__timing_K16,648,16,A,9_add16_err_0.507919_size_108_depth_13,timing_K16,
width16__9_add16_err_0.507919_size_108_depth_13__timing_K64,649,16,A,9_add16_err_0.507919_size_108_depth_13,timing_K64,
width32__10_add32_err_0.197418_size_259_depth_14__compile_ER,650,32,A,10_add32_err_0.197418_size_259_depth_14,compile_ER,
width32__10_add32_err_0.197418_size_259_depth_14__ER__D0,651,32,A,10_add32_err_0.197418_size_259_depth_14,ER__D0,D0
width32__10_add32_err_0.197418_size_259_depth_14__ER__D1,652,32,A,10_add32_err_0.197418_size_259_depth_14,ER__D1,D1
width32__10_add32_err_0.197418_size_259_depth_14__ER__D2,653,32,A,10_add32_err_0.197418_size_259_depth_14,ER__D2,D2
width32__10_add32_err_0.197418_size_259_depth_14__ER__D3,654,32,A,10_add32_err_0.197418_size_259_depth_14,ER__D3,D3
width32__10_add32_err_0.197418_size_259_depth_14__ER__D4,655,32,A,10_add32_err_0.197418_size_259_depth_14,ER__D4,D4
width32__10_add32_err_0.197418_size_259_depth_14__ER__D5,656,32,A,10_add32_err_0.197418_size_259_depth_14,ER__D5,D5
width32__10_add32_err_0.197418_size_259_depth_14__ER__R0,657,32,A,10_add32_err_0.197418_size_259_depth_14,ER__R0,R0
width32__10_add32_err_0.197418_size_259_depth_14__ER__R1,658,32,A,10_add32_err_0.197418_size_259_depth_14,ER__R1,R1
width32__10_add32_err_0.197418_size_259_depth_14__ER__R2,659,32,A,10_add32_err_0.197418_size_259_depth_14,ER__R2,R2
width32__10_add32_err_0.197418_size_259_depth_14__ER__R3,660,32,A,10_add32_err_0.197418_size_259_depth_14,ER__R3,R3
width32__10_add32_err_0.197418_size_259_depth_14__ER__R4,661,32,A,10_add32_err_0.197418_size_259_depth_14,ER__R4,R4
width32__10_add32_err_0.197418_size_259_depth_14__ER__R5,662,32,A,10_add32_err_0.197418_size_259_depth_14,ER__R5,R5
width32__10_add32_err_0.197418_size_259_depth_14__ER__R6,663,32,A,10_add32_err_0.197418_size_259_depth_14,ER__R6,R6
width32__10_add32_err_0.197418_size_259_depth_14__ER__R7,664,32,A,10_add32_err_0.197418_size_259_depth_14,ER__R7,R7
width32__10_add32_err_0.197418_size_259_depth_14__ER__R8,665,32,A,10_add32_err_0.197418_size_259_depth_14,ER__R8,R8
width32__10_add32_err_0.197418_size_259_depth_14__ER__R9,666,32,A,10_add32_err_0.197418_size_259_depth_14,ER__R9,R9
width32__10_add32_err_0.197418_size_259_depth_14__compile_MED,667,32,A,10_add32_err_0.197418_size_259_depth_14,compile_MED,
width32__10_add32_err_0.197418_size_259_depth_14__MED__D0,668,32,A,10_add32_err_0.197418_size_259_depth_14,MED__D0,D0
width32__10_add32_err_0.197418_size_259_depth_14__MED__D1,669,32,A,10_add32_err_0.197418_size_259_depth_14,MED__D1,D1
width32__10_add32_err_0.197418_size_259_depth_14__MED__D2,670,32,A,10_add32_err_0.197418_size_259_depth_14,MED__D2,D2
width32__10_add32_err_0.197418_size_259_depth_14__MED__D3,671,32,A,10_add32_err_0.197418_size_259_depth_14,MED__D3,D3
width32__10_add32_err_0.197418_size_259_depth_14__MED__D4,672,32,A,10_add32_err_0.197418_size_259_depth_14,MED__D4,D4
width32__10_add32_err_0.197418_size_259_depth_14__MED__D5,673,32,A,10_add32_err_0.197418_size_259_depth_14,MED__D5,D5
width32__10_add32_err_0.197418_size_259_depth_14__timing_K16,674,32,A,10_add32_err_0.197418_size_259_depth_14,timing_K16,
width32__10_add32_err_0.197418_size_259_depth_14__timing_K64,675,32,A,10_add32_err_0.197418_size_259_depth_14,timing_K64,
width32__11_add32_err_0.223526_size_257_depth_14__compile_ER,676,32,A,11_add32_err_0.223526_size_257_depth_14,compile_ER,
width32__11_add32_err_0.223526_size_257_depth_14__ER__D0,677,32,A,11_add32_err_0.223526_size_257_depth_14,ER__D0,D0
width32__11_add32_err_0.223526_size_257_depth_14__ER__D1,678,32,A,11_add32_err_0.223526_size_257_depth_14,ER__D1,D1
width32__11_add32_err_0.223526_size_257_depth_14__ER__D2,679,32,A,11_add32_err_0.223526_size_257_depth_14,ER__D2,D2
width32__11_add32_err_0.223526_size_257_depth_14__ER__D3,680,32,A,11_add32_err_0.223526_size_257_depth_14,ER__D3,D3
width32__11_add32_err_0.223526_size_257_depth_14__ER__D4,681,32,A,11_add32_err_0.223526_size_257_depth_14,ER__D4,D4
width32__11_add32_err_0.223526_size_257_depth_14__ER__D5,682,32,A,11_add32_err_0.223526_size_257_depth_14,ER__D5,D5
width32__11_add32_err_0.223526_size_257_depth_14__ER__R0,683,32,A,11_add32_err_0.223526_size_257_depth_14,ER__R0,R0
width32__11_add32_err_0.223526_size_257_depth_14__ER__R1,684,32,A,11_add32_err_0.223526_size_257_depth_14,ER__R1,R1
width32__11_add32_err_0.223526_size_257_depth_14__ER__R2,685,32,A,11_add32_err_0.223526_size_257_depth_14,ER__R2,R2
width32__11_add32_err_0.223526_size_257_depth_14__ER__R3,686,32,A,11_add32_err_0.223526_size_257_depth_14,ER__R3,R3
width32__11_add32_err_0.223526_size_257_depth_14__ER__R4,687,32,A,11_add32_err_0.223526_size_257_depth_14,ER__R4,R4
width32__11_add32_err_0.223526_size_257_depth_14__ER__R5,688,32,A,11_add32_err_0.223526_size_257_depth_14,ER__R5,R5
width32__11_add32_err_0.223526_size_257_depth_14__ER__R6,689,32,A,11_add32_err_0.223526_size_257_depth_14,ER__R6,R6
width32__11_add32_err_0.223526_size_257_depth_14__ER__R7,690,32,A,11_add32_err_0.223526_size_257_depth_14,ER__R7,R7
width32__11_add32_err_0.223526_size_257_depth_14__ER__R8,691,32,A,11_add32_err_0.223526_size_257_depth_14,ER__R8,R8
width32__11_add32_err_0.223526_size_257_depth_14__ER__R9,692,32,A,11_add32_err_0.223526_size_257_depth_14,ER__R9,R9
width32__11_add32_err_0.223526_size_257_depth_14__compile_MED,693,32,A,11_add32_err_0.223526_size_257_depth_14,compile_MED,
width32__11_add32_err_0.223526_size_257_depth_14__MED__D0,694,32,A,11_add32_err_0.223526_size_257_depth_14,MED__D0,D0
width32__11_add32_err_0.223526_size_257_depth_14__MED__D1,695,32,A,11_add32_err_0.223526_size_257_depth_14,MED__D1,D1
width32__11_add32_err_0.223526_size_257_depth_14__MED__D2,696,32,A,11_add32_err_0.223526_size_257_depth_14,MED__D2,D2
width32__11_add32_err_0.223526_size_257_depth_14__MED__D3,697,32,A,11_add32_err_0.223526_size_257_depth_14,MED__D3,D3
width32__11_add32_err_0.223526_size_257_depth_14__MED__D4,698,32,A,11_add32_err_0.223526_size_257_depth_14,MED__D4,D4
width32__11_add32_err_0.223526_size_257_depth_14__MED__D5,699,32,A,11_add32_err_0.223526_size_257_depth_14,MED__D5,D5
width32__11_add32_err_0.223526_size_257_depth_14__timing_K16,700,32,A,11_add32_err_0.223526_size_257_depth_14,timing_K16,
width32__11_add32_err_0.223526_size_257_depth_14__timing_K64,701,32,A,11_add32_err_0.223526_size_257_depth_14,timing_K64,
width32__12_add32_err_0.25061_size_254_depth_14__compile_ER,702,32,A,12_add32_err_0.25061_size_254_depth_14,compile_ER,
width32__12_add32_err_0.25061_size_254_depth_14__ER__D0,703,32,A,12_add32_err_0.25061_size_254_depth_14,ER__D0,D0
width32__12_add32_err_0.25061_size_254_depth_14__ER__D1,704,32,A,12_add32_err_0.25061_size_254_depth_14,ER__D1,D1
width32__12_add32_err_0.25061_size_254_depth_14__ER__D2,705,32,A,12_add32_err_0.25061_size_254_depth_14,ER__D2,D2
width32__12_add32_err_0.25061_size_254_depth_14__ER__D3,706,32,A,12_add32_err_0.25061_size_254_depth_14,ER__D3,D3
width32__12_add32_err_0.25061_size_254_depth_14__ER__D4,707,32,A,12_add32_err_0.25061_size_254_depth_14,ER__D4,D4
width32__12_add32_err_0.25061_size_254_depth_14__ER__D5,708,32,A,12_add32_err_0.25061_size_254_depth_14,ER__D5,D5
width32__12_add32_err_0.25061_size_254_depth_14__ER__R0,709,32,A,12_add32_err_0.25061_size_254_depth_14,ER__R0,R0
width32__12_add32_err_0.25061_size_254_depth_14__ER__R1,710,32,A,12_add32_err_0.25061_size_254_depth_14,ER__R1,R1
width32__12_add32_err_0.25061_size_254_depth_14__ER__R2,711,32,A,12_add32_err_0.25061_size_254_depth_14,ER__R2,R2
width32__12_add32_err_0.25061_size_254_depth_14__ER__R3,712,32,A,12_add32_err_0.25061_size_254_depth_14,ER__R3,R3
width32__12_add32_err_0.25061_size_254_depth_14__ER__R4,713,32,A,12_add32_err_0.25061_size_254_depth_14,ER__R4,R4
width32__12_add32_err_0.25061_size_254_depth_14__ER__R5,714,32,A,12_add32_err_0.25061_size_254_depth_14,ER__R5,R5
width32__12_add32_err_0.25061_size_254_depth_14__ER__R6,715,32,A,12_add32_err_0.25061_size_254_depth_14,ER__R6,R6
width32__12_add32_err_0.25061_size_254_depth_14__ER__R7,716,32,A,12_add32_err_0.25061_size_254_depth_14,ER__R7,R7
width32__12_add32_err_0.25061_size_254_depth_14__ER__R8,717,32,A,12_add32_err_0.25061_size_254_depth_14,ER__R8,R8
width32__12_add32_err_0.25061_size_254_depth_14__ER__R9,718,32,A,12_add32_err_0.25061_size_254_depth_14,ER__R9,R9
width32__12_add32_err_0.25061_size_254_depth_14__compile_MED,719,32,A,12_add32_err_0.25061_size_254_depth_14,compile_MED,
width32__12_add32_err_0.25061_size_254_depth_14__MED__D0,720,32,A,12_add32_err_0.25061_size_254_depth_14,MED__D0,D0
width32__12_add32_err_0.25061_size_254_depth_14__MED__D1,721,32,A,12_add32_err_0.25061_size_254_depth_14,MED__D1,D1
width32__12_add32_err_0.25061_size_254_depth_14__MED__D2,722,32,A,12_add32_err_0.25061_size_254_depth_14,MED__D2,D2
width32__12_add32_err_0.25061_size_254_depth_14__MED__D3,723,32,A,12_add32_err_0.25061_size_254_depth_14,MED__D3,D3
width32__12_add32_err_0.25061_size_254_depth_14__MED__D4,724,32,A,12_add32_err_0.25061_size_254_depth_14,MED__D4,D4
width32__12_add32_err_0.25061_size_254_depth_14__MED__D5,725,32,A,12_add32_err_0.25061_size_254_depth_14,MED__D5,D5
width32__12_add32_err_0.25061_size_254_depth_14__timing_K16,726,32,A,12_add32_err_0.25061_size_254_depth_14,timing_K16,
width32__12_add32_err_0.25061_size_254_depth_14__timing_K64,727,32,A,12_add32_err_0.25061_size_254_depth_14,timing_K64,
width32__14_add32_err_0.295059_size_249_depth_14__compile_ER,728,32,A,14_add32_err_0.295059_size_249_depth_14,compile_ER,
width32__14_add32_err_0.295059_size_249_depth_14__ER__D0,729,32,A,14_add32_err_0.295059_size_249_depth_14,ER__D0,D0
width32__14_add32_err_0.295059_size_249_depth_14__ER__D1,730,32,A,14_add32_err_0.295059_size_249_depth_14,ER__D1,D1
width32__14_add32_err_0.295059_size_249_depth_14__ER__D2,731,32,A,14_add32_err_0.295059_size_249_depth_14,ER__D2,D2
width32__14_add32_err_0.295059_size_249_depth_14__ER__D3,732,32,A,14_add32_err_0.295059_size_249_depth_14,ER__D3,D3
width32__14_add32_err_0.295059_size_249_depth_14__ER__D4,733,32,A,14_add32_err_0.295059_size_249_depth_14,ER__D4,D4
width32__14_add32_err_0.295059_size_249_depth_14__ER__D5,734,32,A,14_add32_err_0.295059_size_249_depth_14,ER__D5,D5
width32__14_add32_err_0.295059_size_249_depth_14__ER__R0,735,32,A,14_add32_err_0.295059_size_249_depth_14,ER__R0,R0
width32__14_add32_err_0.295059_size_249_depth_14__ER__R1,736,32,A,14_add32_err_0.295059_size_249_depth_14,ER__R1,R1
width32__14_add32_err_0.295059_size_249_depth_14__ER__R2,737,32,A,14_add32_err_0.295059_size_249_depth_14,ER__R2,R2
width32__14_add32_err_0.295059_size_249_depth_14__ER__R3,738,32,A,14_add32_err_0.295059_size_249_depth_14,ER__R3,R3
width32__14_add32_err_0.295059_size_249_depth_14__ER__R4,739,32,A,14_add32_err_0.295059_size_249_depth_14,ER__R4,R4
width32__14_add32_err_0.295059_size_249_depth_14__ER__R5,740,32,A,14_add32_err_0.295059_size_249_depth_14,ER__R5,R5
width32__14_add32_err_0.295059_size_249_depth_14__ER__R6,741,32,A,14_add32_err_0.295059_size_249_depth_14,ER__R6,R6
width32__14_add32_err_0.295059_size_249_depth_14__ER__R7,742,32,A,14_add32_err_0.295059_size_249_depth_14,ER__R7,R7
width32__14_add32_err_0.295059_size_249_depth_14__ER__R8,743,32,A,14_add32_err_0.295059_size_249_depth_14,ER__R8,R8
width32__14_add32_err_0.295059_size_249_depth_14__ER__R9,744,32,A,14_add32_err_0.295059_size_249_depth_14,ER__R9,R9
width32__14_add32_err_0.295059_size_249_depth_14__compile_MED,745,32,A,14_add32_err_0.295059_size_249_depth_14,compile_MED,
width32__14_add32_err_0.295059_size_249_depth_14__MED__D0,746,32,A,14_add32_err_0.295059_size_249_depth_14,MED__D0,D0
width32__14_add32_err_0.295059_size_249_depth_14__MED__D1,747,32,A,14_add32_err_0.295059_size_249_depth_14,MED__D1,D1
width32__14_add32_err_0.295059_size_249_depth_14__MED__D2,748,32,A,14_add32_err_0.295059_size_249_depth_14,MED__D2,D2
width32__14_add32_err_0.295059_size_249_depth_14__MED__D3,749,32,A,14_add32_err_0.295059_size_249_depth_14,MED__D3,D3
width32__14_add32_err_0.295059_size_249_depth_14__MED__D4,750,32,A,14_add32_err_0.295059_size_249_depth_14,MED__D4,D4
width32__14_add32_err_0.295059_size_249_depth_14__MED__D5,751,32,A,14_add32_err_0.295059_size_249_depth_14,MED__D5,D5
width32__14_add32_err_0.295059_size_249_depth_14__timing_K16,752,32,A,14_add32_err_0.295059_size_249_depth_14,timing_K16,
width32__14_add32_err_0.295059_size_249_depth_14__timing_K64,753,32,A,14_add32_err_0.295059_size_249_depth_14,timing_K64,
width32__1_add32_err_0_size_310_depth_20__compile_ER,754,32,A,1_add32_err_0_size_310_depth_20,compile_ER,
width32__1_add32_err_0_size_310_depth_20__ER__D0,755,32,A,1_add32_err_0_size_310_depth_20,ER__D0,D0
width32__1_add32_err_0_size_310_depth_20__ER__D1,756,32,A,1_add32_err_0_size_310_depth_20,ER__D1,D1
width32__1_add32_err_0_size_310_depth_20__ER__D2,757,32,A,1_add32_err_0_size_310_depth_20,ER__D2,D2
width32__1_add32_err_0_size_310_depth_20__ER__D3,758,32,A,1_add32_err_0_size_310_depth_20,ER__D3,D3
width32__1_add32_err_0_size_310_depth_20__ER__D4,759,32,A,1_add32_err_0_size_310_depth_20,ER__D4,D4
width32__1_add32_err_0_size_310_depth_20__ER__D5,760,32,A,1_add32_err_0_size_310_depth_20,ER__D5,D5
width32__1_add32_err_0_size_310_depth_20__ER__R0,761,32,A,1_add32_err_0_size_310_depth_20,ER__R0,R0
width32__1_add32_err_0_size_310_depth_20__ER__R1,762,32,A,1_add32_err_0_size_310_depth_20,ER__R1,R1
width32__1_add32_err_0_size_310_depth_20__ER__R2,763,32,A,1_add32_err_0_size_310_depth_20,ER__R2,R2
width32__1_add32_err_0_size_310_depth_20__ER__R3,764,32,A,1_add32_err_0_size_310_depth_20,ER__R3,R3
width32__1_add32_err_0_size_310_depth_20__ER__R4,765,32,A,1_add32_err_0_size_310_depth_20,ER__R4,R4
width32__1_add32_err_0_size_310_depth_20__ER__R5,766,32,A,1_add32_err_0_size_310_depth_20,ER__R5,R5
width32__1_add32_err_0_size_310_depth_20__ER__R6,767,32,A,1_add32_err_0_size_310_depth_20,ER__R6,R6
width32__1_add32_err_0_size_310_depth_20__ER__R7,768,32,A,1_add32_err_0_size_310_depth_20,ER__R7,R7
width32__1_add32_err_0_size_310_depth_20__ER__R8,769,32,A,1_add32_err_0_size_310_depth_20,ER__R8,R8
width32__1_add32_err_0_size_310_depth_20__ER__R9,770,32,A,1_add32_err_0_size_310_depth_20,ER__R9,R9
width32__1_add32_err_0_size_310_depth_20__compile_MED,771,32,A,1_add32_err_0_size_310_depth_20,compile_MED,
width32__1_add32_err_0_size_310_depth_20__MED__D0,772,32,A,1_add32_err_0_size_310_depth_20,MED__D0,D0
width32__1_add32_err_0_size_310_depth_20__MED__D1,773,32,A,1_add32_err_0_size_310_depth_20,MED__D1,D1
width32__1_add32_err_0_size_310_depth_20__MED__D2,774,32,A,1_add32_err_0_size_310_depth_20,MED__D2,D2
width32__1_add32_err_0_size_310_depth_20__MED__D3,775,32,A,1_add32_err_0_size_310_depth_20,MED__D3,D3
width32__1_add32_err_0_size_310_depth_20__MED__D4,776,32,A,1_add32_err_0_size_310_depth_20,MED__D4,D4
width32__1_add32_err_0_size_310_depth_20__MED__D5,777,32,A,1_add32_err_0_size_310_depth_20,MED__D5,D5
width32__1_add32_err_0_size_310_depth_20__timing_K16,778,32,A,1_add32_err_0_size_310_depth_20,timing_K16,
width32__1_add32_err_0_size_310_depth_20__timing_K64,779,32,A,1_add32_err_0_size_310_depth_20,timing_K64,
width32__3_add32_err_0.00389099_size_290_depth_17__compile_ER,780,32,A,3_add32_err_0.00389099_size_290_depth_17,compile_ER,
width32__3_add32_err_0.00389099_size_290_depth_17__ER__D0,781,32,A,3_add32_err_0.00389099_size_290_depth_17,ER__D0,D0
width32__3_add32_err_0.00389099_size_290_depth_17__ER__D1,782,32,A,3_add32_err_0.00389099_size_290_depth_17,ER__D1,D1
width32__3_add32_err_0.00389099_size_290_depth_17__ER__D2,783,32,A,3_add32_err_0.00389099_size_290_depth_17,ER__D2,D2
width32__3_add32_err_0.00389099_size_290_depth_17__ER__D3,784,32,A,3_add32_err_0.00389099_size_290_depth_17,ER__D3,D3
width32__3_add32_err_0.00389099_size_290_depth_17__ER__D4,785,32,A,3_add32_err_0.00389099_size_290_depth_17,ER__D4,D4
width32__3_add32_err_0.00389099_size_290_depth_17__ER__D5,786,32,A,3_add32_err_0.00389099_size_290_depth_17,ER__D5,D5
width32__3_add32_err_0.00389099_size_290_depth_17__ER__R0,787,32,A,3_add32_err_0.00389099_size_290_depth_17,ER__R0,R0
width32__3_add32_err_0.00389099_size_290_depth_17__ER__R1,788,32,A,3_add32_err_0.00389099_size_290_depth_17,ER__R1,R1
width32__3_add32_err_0.00389099_size_290_depth_17__ER__R2,789,32,A,3_add32_err_0.00389099_size_290_depth_17,ER__R2,R2
width32__3_add32_err_0.00389099_size_290_depth_17__ER__R3,790,32,A,3_add32_err_0.00389099_size_290_depth_17,ER__R3,R3
width32__3_add32_err_0.00389099_size_290_depth_17__ER__R4,791,32,A,3_add32_err_0.00389099_size_290_depth_17,ER__R4,R4
width32__3_add32_err_0.00389099_size_290_depth_17__ER__R5,792,32,A,3_add32_err_0.00389099_size_290_depth_17,ER__R5,R5
width32__3_add32_err_0.00389099_size_290_depth_17__ER__R6,793,32,A,3_add32_err_0.00389099_size_290_depth_17,ER__R6,R6
width32__3_add32_err_0.00389099_size_290_depth_17__ER__R7,794,32,A,3_add32_err_0.00389099_size_290_depth_17,ER__R7,R7
width32__3_add32_err_0.00389099_size_290_depth_17__ER__R8,795,32,A,3_add32_err_0.00389099_size_290_depth_17,ER__R8,R8
width32__3_add32_err_0.00389099_size_290_depth_17__ER__R9,796,32,A,3_add32_err_0.00389099_size_290_depth_17,ER__R9,R9
width32__3_add32_err_0.00389099_size_290_depth_17__compile_MED,797,32,A,3_add32_err_0.00389099_size_290_depth_17,compile_MED,
width32__3_add32_err_0.00389099_size_290_depth_17__MED__D0,798,32,A,3_add32_err_0.00389099_size_290_depth_17,MED__D0,D0
width32__3_add32_err_0.00389099_size_290_depth_17__MED__D1,799,32,A,3_add32_err_0.00389099_size_290_depth_17,MED__D1,D1
width32__3_add32_err_0.00389099_size_290_depth_17__MED__D2,800,32,A,3_add32_err_0.00389099_size_290_depth_17,MED__D2,D2
width32__3_add32_err_0.00389099_size_290_depth_17__MED__D3,801,32,A,3_add32_err_0.00389099_size_290_depth_17,MED__D3,D3
width32__3_add32_err_0.00389099_size_290_depth_17__MED__D4,802,32,A,3_add32_err_0.00389099_size_290_depth_17,MED__D4,D4
width32__3_add32_err_0.00389099_size_290_depth_17__MED__D5,803,32,A,3_add32_err_0.00389099_size_290_depth_17,MED__D5,D5
width32__3_add32_err_0.00389099_size_290_depth_17__timing_K16,804,32,A,3_add32_err_0.00389099_size_290_depth_17,timing_K16,
width32__3_add32_err_0.00389099_size_290_depth_17__timing_K64,805,32,A,3_add32_err_0.00389099_size_290_depth_17,timing_K64,
width32__4_add32_err_0.0318451_size_286_depth_17__compile_ER,806,32,A,4_add32_err_0.0318451_size_286_depth_17,compile_ER,
width32__4_add32_err_0.0318451_size_286_depth_17__ER__D0,807,32,A,4_add32_err_0.0318451_size_286_depth_17,ER__D0,D0
width32__4_add32_err_0.0318451_size_286_depth_17__ER__D1,808,32,A,4_add32_err_0.0318451_size_286_depth_17,ER__D1,D1
width32__4_add32_err_0.0318451_size_286_depth_17__ER__D2,809,32,A,4_add32_err_0.0318451_size_286_depth_17,ER__D2,D2
width32__4_add32_err_0.0318451_size_286_depth_17__ER__D3,810,32,A,4_add32_err_0.0318451_size_286_depth_17,ER__D3,D3
width32__4_add32_err_0.0318451_size_286_depth_17__ER__D4,811,32,A,4_add32_err_0.0318451_size_286_depth_17,ER__D4,D4
width32__4_add32_err_0.0318451_size_286_depth_17__ER__D5,812,32,A,4_add32_err_0.0318451_size_286_depth_17,ER__D5,D5
width32__4_add32_err_0.0318451_size_286_depth_17__ER__R0,813,32,A,4_add32_err_0.0318451_size_286_depth_17,ER__R0,R0
width32__4_add32_err_0.0318451_size_286_depth_17__ER__R1,814,32,A,4_add32_err_0.0318451_size_286_depth_17,ER__R1,R1
width32__4_add32_err_0.0318451_size_286_depth_17__ER__R2,815,32,A,4_add32_err_0.0318451_size_286_depth_17,ER__R2,R2
width32__4_add32_err_0.0318451_size_286_depth_17__ER__R3,816,32,A,4_add32_err_0.0318451_size_286_depth_17,ER__R3,R3
width32__4_add32_err_0.0318451_size_286_depth_17__ER__R4,817,32,A,4_add32_err_0.0318451_size_286_depth_17,ER__R4,R4
width32__4_add32_err_0.0318451_size_286_depth_17__ER__R5,818,32,A,4_add32_err_0.0318451_size_286_depth_17,ER__R5,R5
width32__4_add32_err_0.0318451_size_286_depth_17__ER__R6,819,32,A,4_add32_err_0.0318451_size_286_depth_17,ER__R6,R6
width32__4_add32_err_0.0318451_size_286_depth_17__ER__R7,820,32,A,4_add32_err_0.0318451_size_286_depth_17,ER__R7,R7
width32__4_add32_err_0.0318451_size_286_depth_17__ER__R8,821,32,A,4_add32_err_0.0318451_size_286_depth_17,ER__R8,R8
width32__4_add32_err_0.0318451_size_286_depth_17__ER__R9,822,32,A,4_add32_err_0.0318451_size_286_depth_17,ER__R9,R9
width32__4_add32_err_0.0318451_size_286_depth_17__compile_MED,823,32,A,4_add32_err_0.0318451_size_286_depth_17,compile_MED,
width32__4_add32_err_0.0318451_size_286_depth_17__MED__D0,824,32,A,4_add32_err_0.0318451_size_286_depth_17,MED__D0,D0
width32__4_add32_err_0.0318451_size_286_depth_17__MED__D1,825,32,A,4_add32_err_0.0318451_size_286_depth_17,MED__D1,D1
width32__4_add32_err_0.0318451_size_286_depth_17__MED__D2,826,32,A,4_add32_err_0.0318451_size_286_depth_17,MED__D2,D2
width32__4_add32_err_0.0318451_size_286_depth_17__MED__D3,827,32,A,4_add32_err_0.0318451_size_286_depth_17,MED__D3,D3
width32__4_add32_err_0.0318451_size_286_depth_17__MED__D4,828,32,A,4_add32_err_0.0318451_size_286_depth_17,MED__D4,D4
width32__4_add32_err_0.0318451_size_286_depth_17__MED__D5,829,32,A,4_add32_err_0.0318451_size_286_depth_17,MED__D5,D5
width32__4_add32_err_0.0318451_size_286_depth_17__timing_K16,830,32,A,4_add32_err_0.0318451_size_286_depth_17,timing_K16,
width32__4_add32_err_0.0318451_size_286_depth_17__timing_K64,831,32,A,4_add32_err_0.0318451_size_286_depth_17,timing_K64,
width32__5_add32_err_0.0593414_size_282_depth_17__compile_ER,832,32,A,5_add32_err_0.0593414_size_282_depth_17,compile_ER,
width32__5_add32_err_0.0593414_size_282_depth_17__ER__D0,833,32,A,5_add32_err_0.0593414_size_282_depth_17,ER__D0,D0
width32__5_add32_err_0.0593414_size_282_depth_17__ER__D1,834,32,A,5_add32_err_0.0593414_size_282_depth_17,ER__D1,D1
width32__5_add32_err_0.0593414_size_282_depth_17__ER__D2,835,32,A,5_add32_err_0.0593414_size_282_depth_17,ER__D2,D2
width32__5_add32_err_0.0593414_size_282_depth_17__ER__D3,836,32,A,5_add32_err_0.0593414_size_282_depth_17,ER__D3,D3
width32__5_add32_err_0.0593414_size_282_depth_17__ER__D4,837,32,A,5_add32_err_0.0593414_size_282_depth_17,ER__D4,D4
width32__5_add32_err_0.0593414_size_282_depth_17__ER__D5,838,32,A,5_add32_err_0.0593414_size_282_depth_17,ER__D5,D5
width32__5_add32_err_0.0593414_size_282_depth_17__ER__R0,839,32,A,5_add32_err_0.0593414_size_282_depth_17,ER__R0,R0
width32__5_add32_err_0.0593414_size_282_depth_17__ER__R1,840,32,A,5_add32_err_0.0593414_size_282_depth_17,ER__R1,R1
width32__5_add32_err_0.0593414_size_282_depth_17__ER__R2,841,32,A,5_add32_err_0.0593414_size_282_depth_17,ER__R2,R2
width32__5_add32_err_0.0593414_size_282_depth_17__ER__R3,842,32,A,5_add32_err_0.0593414_size_282_depth_17,ER__R3,R3
width32__5_add32_err_0.0593414_size_282_depth_17__ER__R4,843,32,A,5_add32_err_0.0593414_size_282_depth_17,ER__R4,R4
width32__5_add32_err_0.0593414_size_282_depth_17__ER__R5,844,32,A,5_add32_err_0.0593414_size_282_depth_17,ER__R5,R5
width32__5_add32_err_0.0593414_size_282_depth_17__ER__R6,845,32,A,5_add32_err_0.0593414_size_282_depth_17,ER__R6,R6
width32__5_add32_err_0.0593414_size_282_depth_17__ER__R7,846,32,A,5_add32_err_0.0593414_size_282_depth_17,ER__R7,R7
width32__5_add32_err_0.0593414_size_282_depth_17__ER__R8,847,32,A,5_add32_err_0.0593414_size_282_depth_17,ER__R8,R8
width32__5_add32_err_0.0593414_size_282_depth_17__ER__R9,848,32,A,5_add32_err_0.0593414_size_282_depth_17,ER__R9,R9
width32__5_add32_err_0.0593414_size_282_depth_17__compile_MED,849,32,A,5_add32_err_0.0593414_size_282_depth_17,compile_MED,
width32__5_add32_err_0.0593414_size_282_depth_17__MED__D0,850,32,A,5_add32_err_0.0593414_size_282_depth_17,MED__D0,D0
width32__5_add32_err_0.0593414_size_282_depth_17__MED__D1,851,32,A,5_add32_err_0.0593414_size_282_depth_17,MED__D1,D1
width32__5_add32_err_0.0593414_size_282_depth_17__MED__D2,852,32,A,5_add32_err_0.0593414_size_282_depth_17,MED__D2,D2
width32__5_add32_err_0.0593414_size_282_depth_17__MED__D3,853,32,A,5_add32_err_0.0593414_size_282_depth_17,MED__D3,D3
width32__5_add32_err_0.0593414_size_282_depth_17__MED__D4,854,32,A,5_add32_err_0.0593414_size_282_depth_17,MED__D4,D4
width32__5_add32_err_0.0593414_size_282_depth_17__MED__D5,855,32,A,5_add32_err_0.0593414_size_282_depth_17,MED__D5,D5
width32__5_add32_err_0.0593414_size_282_depth_17__timing_K16,856,32,A,5_add32_err_0.0593414_size_282_depth_17,timing_K16,
width32__5_add32_err_0.0593414_size_282_depth_17__timing_K64,857,32,A,5_add32_err_0.0593414_size_282_depth_17,timing_K64,
width32__7_add32_err_0.114944_size_273_depth_17__compile_ER,858,32,A,7_add32_err_0.114944_size_273_depth_17,compile_ER,
width32__7_add32_err_0.114944_size_273_depth_17__ER__D0,859,32,A,7_add32_err_0.114944_size_273_depth_17,ER__D0,D0
width32__7_add32_err_0.114944_size_273_depth_17__ER__D1,860,32,A,7_add32_err_0.114944_size_273_depth_17,ER__D1,D1
width32__7_add32_err_0.114944_size_273_depth_17__ER__D2,861,32,A,7_add32_err_0.114944_size_273_depth_17,ER__D2,D2
width32__7_add32_err_0.114944_size_273_depth_17__ER__D3,862,32,A,7_add32_err_0.114944_size_273_depth_17,ER__D3,D3
width32__7_add32_err_0.114944_size_273_depth_17__ER__D4,863,32,A,7_add32_err_0.114944_size_273_depth_17,ER__D4,D4
width32__7_add32_err_0.114944_size_273_depth_17__ER__D5,864,32,A,7_add32_err_0.114944_size_273_depth_17,ER__D5,D5
width32__7_add32_err_0.114944_size_273_depth_17__ER__R0,865,32,A,7_add32_err_0.114944_size_273_depth_17,ER__R0,R0
width32__7_add32_err_0.114944_size_273_depth_17__ER__R1,866,32,A,7_add32_err_0.114944_size_273_depth_17,ER__R1,R1
width32__7_add32_err_0.114944_size_273_depth_17__ER__R2,867,32,A,7_add32_err_0.114944_size_273_depth_17,ER__R2,R2
width32__7_add32_err_0.114944_size_273_depth_17__ER__R3,868,32,A,7_add32_err_0.114944_size_273_depth_17,ER__R3,R3
width32__7_add32_err_0.114944_size_273_depth_17__ER__R4,869,32,A,7_add32_err_0.114944_size_273_depth_17,ER__R4,R4
width32__7_add32_err_0.114944_size_273_depth_17__ER__R5,870,32,A,7_add32_err_0.114944_size_273_depth_17,ER__R5,R5
width32__7_add32_err_0.114944_size_273_depth_17__ER__R6,871,32,A,7_add32_err_0.114944_size_273_depth_17,ER__R6,R6
width32__7_add32_err_0.114944_size_273_depth_17__ER__R7,872,32,A,7_add32_err_0.114944_size_273_depth_17,ER__R7,R7
width32__7_add32_err_0.114944_size_273_depth_17__ER__R8,873,32,A,7_add32_err_0.114944_size_273_depth_17,ER__R8,R8
width32__7_add32_err_0.114944_size_273_depth_17__ER__R9,874,32,A,7_add32_err_0.114944_size_273_depth_17,ER__R9,R9
width32__7_add32_err_0.114944_size_273_depth_17__compile_MED,875,32,A,7_add32_err_0.114944_size_273_depth_17,compile_MED,
width32__7_add32_err_0.114944_size_273_depth_17__MED__D0,876,32,A,7_add32_err_0.114944_size_273_depth_17,MED__D0,D0
width32__7_add32_err_0.114944_size_273_depth_17__MED__D1,877,32,A,7_add32_err_0.114944_size_273_depth_17,MED__D1,D1
width32__7_add32_err_0.114944_size_273_depth_17__MED__D2,878,32,A,7_add32_err_0.114944_size_273_depth_17,MED__D2,D2
width32__7_add32_err_0.114944_size_273_depth_17__MED__D3,879,32,A,7_add32_err_0.114944_size_273_depth_17,MED__D3,D3
width32__7_add32_err_0.114944_size_273_depth_17__MED__D4,880,32,A,7_add32_err_0.114944_size_273_depth_17,MED__D4,D4
width32__7_add32_err_0.114944_size_273_depth_17__MED__D5,881,32,A,7_add32_err_0.114944_size_273_depth_17,MED__D5,D5
width32__7_add32_err_0.114944_size_273_depth_17__timing_K16,882,32,A,7_add32_err_0.114944_size_273_depth_17,timing_K16,
width32__7_add32_err_0.114944_size_273_depth_17__timing_K64,883,32,A,7_add32_err_0.114944_size_273_depth_17,timing_K64,
width32__8_add32_err_0.14183_size_268_depth_17__compile_ER,884,32,A,8_add32_err_0.14183_size_268_depth_17,compile_ER,
width32__8_add32_err_0.14183_size_268_depth_17__ER__D0,885,32,A,8_add32_err_0.14183_size_268_depth_17,ER__D0,D0
width32__8_add32_err_0.14183_size_268_depth_17__ER__D1,886,32,A,8_add32_err_0.14183_size_268_depth_17,ER__D1,D1
width32__8_add32_err_0.14183_size_268_depth_17__ER__D2,887,32,A,8_add32_err_0.14183_size_268_depth_17,ER__D2,D2
width32__8_add32_err_0.14183_size_268_depth_17__ER__D3,888,32,A,8_add32_err_0.14183_size_268_depth_17,ER__D3,D3
width32__8_add32_err_0.14183_size_268_depth_17__ER__D4,889,32,A,8_add32_err_0.14183_size_268_depth_17,ER__D4,D4
width32__8_add32_err_0.14183_size_268_depth_17__ER__D5,890,32,A,8_add32_err_0.14183_size_268_depth_17,ER__D5,D5
width32__8_add32_err_0.14183_size_268_depth_17__ER__R0,891,32,A,8_add32_err_0.14183_size_268_depth_17,ER__R0,R0
width32__8_add32_err_0.14183_size_268_depth_17__ER__R1,892,32,A,8_add32_err_0.14183_size_268_depth_17,ER__R1,R1
width32__8_add32_err_0.14183_size_268_depth_17__ER__R2,893,32,A,8_add32_err_0.14183_size_268_depth_17,ER__R2,R2
width32__8_add32_err_0.14183_size_268_depth_17__ER__R3,894,32,A,8_add32_err_0.14183_size_268_depth_17,ER__R3,R3
width32__8_add32_err_0.14183_size_268_depth_17__ER__R4,895,32,A,8_add32_err_0.14183_size_268_depth_17,ER__R4,R4
width32__8_add32_err_0.14183_size_268_depth_17__ER__R5,896,32,A,8_add32_err_0.14183_size_268_depth_17,ER__R5,R5
width32__8_add32_err_0.14183_size_268_depth_17__ER__R6,897,32,A,8_add32_err_0.14183_size_268_depth_17,ER__R6,R6
width32__8_add32_err_0.14183_size_268_depth_17__ER__R7,898,32,A,8_add32_err_0.14183_size_268_depth_17,ER__R7,R7
width32__8_add32_err_0.14183_size_268_depth_17__ER__R8,899,32,A,8_add32_err_0.14183_size_268_depth_17,ER__R8,R8
width32__8_add32_err_0.14183_size_268_depth_17__ER__R9,900,32,A,8_add32_err_0.14183_size_268_depth_17,ER__R9,R9
width32__8_add32_err_0.14183_size_268_depth_17__compile_MED,901,32,A,8_add32_err_0.14183_size_268_depth_17,compile_MED,
width32__8_add32_err_0.14183_size_268_depth_17__MED__D0,902,32,A,8_add32_err_0.14183_size_268_depth_17,MED__D0,D0
width32__8_add32_err_0.14183_size_268_depth_17__MED__D1,903,32,A,8_add32_err_0.14183_size_268_depth_17,MED__D1,D1
width32__8_add32_err_0.14183_size_268_depth_17__MED__D2,904,32,A,8_add32_err_0.14183_size_268_depth_17,MED__D2,D2
width32__8_add32_err_0.14183_size_268_depth_17__MED__D3,905,32,A,8_add32_err_0.14183_size_268_depth_17,MED__D3,D3
width32__8_add32_err_0.14183_size_268_depth_17__MED__D4,906,32,A,8_add32_err_0.14183_size_268_depth_17,MED__D4,D4
width32__8_add32_err_0.14183_size_268_depth_17__MED__D5,907,32,A,8_add32_err_0.14183_size_268_depth_17,MED__D5,D5
width32__8_add32_err_0.14183_size_268_depth_17__timing_K16,908,32,A,8_add32_err_0.14183_size_268_depth_17,timing_K16,
width32__8_add32_err_0.14183_size_268_depth_17__timing_K64,909,32,A,8_add32_err_0.14183_size_268_depth_17,timing_K64,
width64__10_add64_err_0.0665131_size_574_depth_22__compile_ER,910,64,B,10_add64_err_0.0665131_size_574_depth_22,compile_ER,
width64__10_add64_err_0.0665131_size_574_depth_22__ER__D0,911,64,B,10_add64_err_0.0665131_size_574_depth_22,ER__D0,D0
width64__10_add64_err_0.0665131_size_574_depth_22__ER__D1,912,64,B,10_add64_err_0.0665131_size_574_depth_22,ER__D1,D1
width64__10_add64_err_0.0665131_size_574_depth_22__ER__D2,913,64,B,10_add64_err_0.0665131_size_574_depth_22,ER__D2,D2
width64__10_add64_err_0.0665131_size_574_depth_22__ER__D3,914,64,B,10_add64_err_0.0665131_size_574_depth_22,ER__D3,D3
width64__10_add64_err_0.0665131_size_574_depth_22__ER__D4,915,64,B,10_add64_err_0.0665131_size_574_depth_22,ER__D4,D4
width64__10_add64_err_0.0665131_size_574_depth_22__ER__D5,916,64,B,10_add64_err_0.0665131_size_574_depth_22,ER__D5,D5
width64__10_add64_err_0.0665131_size_574_depth_22__ER__R0,917,64,B,10_add64_err_0.0665131_size_574_depth_22,ER__R0,R0
width64__10_add64_err_0.0665131_size_574_depth_22__ER__R1,918,64,B,10_add64_err_0.0665131_size_574_depth_22,ER__R1,R1
width64__10_add64_err_0.0665131_size_574_depth_22__ER__R2,919,64,B,10_add64_err_0.0665131_size_574_depth_22,ER__R2,R2
width64__10_add64_err_0.0665131_size_574_depth_22__ER__R3,920,64,B,10_add64_err_0.0665131_size_574_depth_22,ER__R3,R3
width64__10_add64_err_0.0665131_size_574_depth_22__ER__R4,921,64,B,10_add64_err_0.0665131_size_574_depth_22,ER__R4,R4
width64__10_add64_err_0.0665131_size_574_depth_22__ER__R5,922,64,B,10_add64_err_0.0665131_size_574_depth_22,ER__R5,R5
width64__10_add64_err_0.0665131_size_574_depth_22__ER__R6,923,64,B,10_add64_err_0.0665131_size_574_depth_22,ER__R6,R6
width64__10_add64_err_0.0665131_size_574_depth_22__ER__R7,924,64,B,10_add64_err_0.0665131_size_574_depth_22,ER__R7,R7
width64__10_add64_err_0.0665131_size_574_depth_22__ER__R8,925,64,B,10_add64_err_0.0665131_size_574_depth_22,ER__R8,R8
width64__10_add64_err_0.0665131_size_574_depth_22__ER__R9,926,64,B,10_add64_err_0.0665131_size_574_depth_22,ER__R9,R9
width64__10_add64_err_0.0665131_size_574_depth_22__compile_MED,927,64,B,10_add64_err_0.0665131_size_574_depth_22,compile_MED,
width64__10_add64_err_0.0665131_size_574_depth_22__MED__D0,928,64,B,10_add64_err_0.0665131_size_574_depth_22,MED__D0,D0
width64__10_add64_err_0.0665131_size_574_depth_22__MED__D1,929,64,B,10_add64_err_0.0665131_size_574_depth_22,MED__D1,D1
width64__10_add64_err_0.0665131_size_574_depth_22__MED__D2,930,64,B,10_add64_err_0.0665131_size_574_depth_22,MED__D2,D2
width64__10_add64_err_0.0665131_size_574_depth_22__MED__D3,931,64,B,10_add64_err_0.0665131_size_574_depth_22,MED__D3,D3
width64__10_add64_err_0.0665131_size_574_depth_22__MED__D4,932,64,B,10_add64_err_0.0665131_size_574_depth_22,MED__D4,D4
width64__10_add64_err_0.0665131_size_574_depth_22__MED__D5,933,64,B,10_add64_err_0.0665131_size_574_depth_22,MED__D5,D5
width64__10_add64_err_0.0665131_size_574_depth_22__timing_K16,934,64,B,10_add64_err_0.0665131_size_574_depth_22,timing_K16,
width64__10_add64_err_0.0665131_size_574_depth_22__timing_K64,935,64,B,10_add64_err_0.0665131_size_574_depth_22,timing_K64,
width64__11_add64_err_0.0929413_size_571_depth_22__compile_ER,936,64,B,11_add64_err_0.0929413_size_571_depth_22,compile_ER,
width64__11_add64_err_0.0929413_size_571_depth_22__ER__D0,937,64,B,11_add64_err_0.0929413_size_571_depth_22,ER__D0,D0
width64__11_add64_err_0.0929413_size_571_depth_22__ER__D1,938,64,B,11_add64_err_0.0929413_size_571_depth_22,ER__D1,D1
width64__11_add64_err_0.0929413_size_571_depth_22__ER__D2,939,64,B,11_add64_err_0.0929413_size_571_depth_22,ER__D2,D2
width64__11_add64_err_0.0929413_size_571_depth_22__ER__D3,940,64,B,11_add64_err_0.0929413_size_571_depth_22,ER__D3,D3
width64__11_add64_err_0.0929413_size_571_depth_22__ER__D4,941,64,B,11_add64_err_0.0929413_size_571_depth_22,ER__D4,D4
width64__11_add64_err_0.0929413_size_571_depth_22__ER__D5,942,64,B,11_add64_err_0.0929413_size_571_depth_22,ER__D5,D5
width64__11_add64_err_0.0929413_size_571_depth_22__ER__R0,943,64,B,11_add64_err_0.0929413_size_571_depth_22,ER__R0,R0
width64__11_add64_err_0.0929413_size_571_depth_22__ER__R1,944,64,B,11_add64_err_0.0929413_size_571_depth_22,ER__R1,R1
width64__11_add64_err_0.0929413_size_571_depth_22__ER__R2,945,64,B,11_add64_err_0.0929413_size_571_depth_22,ER__R2,R2
width64__11_add64_err_0.0929413_size_571_depth_22__ER__R3,946,64,B,11_add64_err_0.0929413_size_571_depth_22,ER__R3,R3
width64__11_add64_err_0.0929413_size_571_depth_22__ER__R4,947,64,B,11_add64_err_0.0929413_size_571_depth_22,ER__R4,R4
width64__11_add64_err_0.0929413_size_571_depth_22__ER__R5,948,64,B,11_add64_err_0.0929413_size_571_depth_22,ER__R5,R5
width64__11_add64_err_0.0929413_size_571_depth_22__ER__R6,949,64,B,11_add64_err_0.0929413_size_571_depth_22,ER__R6,R6
width64__11_add64_err_0.0929413_size_571_depth_22__ER__R7,950,64,B,11_add64_err_0.0929413_size_571_depth_22,ER__R7,R7
width64__11_add64_err_0.0929413_size_571_depth_22__ER__R8,951,64,B,11_add64_err_0.0929413_size_571_depth_22,ER__R8,R8
width64__11_add64_err_0.0929413_size_571_depth_22__ER__R9,952,64,B,11_add64_err_0.0929413_size_571_depth_22,ER__R9,R9
width64__11_add64_err_0.0929413_size_571_depth_22__compile_MED,953,64,B,11_add64_err_0.0929413_size_571_depth_22,compile_MED,
width64__11_add64_err_0.0929413_size_571_depth_22__MED__D0,954,64,B,11_add64_err_0.0929413_size_571_depth_22,MED__D0,D0
width64__11_add64_err_0.0929413_size_571_depth_22__MED__D1,955,64,B,11_add64_err_0.0929413_size_571_depth_22,MED__D1,D1
width64__11_add64_err_0.0929413_size_571_depth_22__MED__D2,956,64,B,11_add64_err_0.0929413_size_571_depth_22,MED__D2,D2
width64__11_add64_err_0.0929413_size_571_depth_22__MED__D3,957,64,B,11_add64_err_0.0929413_size_571_depth_22,MED__D3,D3
width64__11_add64_err_0.0929413_size_571_depth_22__MED__D4,958,64,B,11_add64_err_0.0929413_size_571_depth_22,MED__D4,D4
width64__11_add64_err_0.0929413_size_571_depth_22__MED__D5,959,64,B,11_add64_err_0.0929413_size_571_depth_22,MED__D5,D5
width64__11_add64_err_0.0929413_size_571_depth_22__timing_K16,960,64,B,11_add64_err_0.0929413_size_571_depth_22,timing_K16,
width64__11_add64_err_0.0929413_size_571_depth_22__timing_K64,961,64,B,11_add64_err_0.0929413_size_571_depth_22,timing_K64,
width64__1_add64_err_0_size_630_depth_22__compile_ER,962,64,B,1_add64_err_0_size_630_depth_22,compile_ER,
width64__1_add64_err_0_size_630_depth_22__ER__D0,963,64,B,1_add64_err_0_size_630_depth_22,ER__D0,D0
width64__1_add64_err_0_size_630_depth_22__ER__D1,964,64,B,1_add64_err_0_size_630_depth_22,ER__D1,D1
width64__1_add64_err_0_size_630_depth_22__ER__D2,965,64,B,1_add64_err_0_size_630_depth_22,ER__D2,D2
width64__1_add64_err_0_size_630_depth_22__ER__D3,966,64,B,1_add64_err_0_size_630_depth_22,ER__D3,D3
width64__1_add64_err_0_size_630_depth_22__ER__D4,967,64,B,1_add64_err_0_size_630_depth_22,ER__D4,D4
width64__1_add64_err_0_size_630_depth_22__ER__D5,968,64,B,1_add64_err_0_size_630_depth_22,ER__D5,D5
width64__1_add64_err_0_size_630_depth_22__ER__R0,969,64,B,1_add64_err_0_size_630_depth_22,ER__R0,R0
width64__1_add64_err_0_size_630_depth_22__ER__R1,970,64,B,1_add64_err_0_size_630_depth_22,ER__R1,R1
width64__1_add64_err_0_size_630_depth_22__ER__R2,971,64,B,1_add64_err_0_size_630_depth_22,ER__R2,R2
width64__1_add64_err_0_size_630_depth_22__ER__R3,972,64,B,1_add64_err_0_size_630_depth_22,ER__R3,R3
width64__1_add64_err_0_size_630_depth_22__ER__R4,973,64,B,1_add64_err_0_size_630_depth_22,ER__R4,R4
width64__1_add64_err_0_size_630_depth_22__ER__R5,974,64,B,1_add64_err_0_size_630_depth_22,ER__R5,R5
width64__1_add64_err_0_size_630_depth_22__ER__R6,975,64,B,1_add64_err_0_size_630_depth_22,ER__R6,R6
width64__1_add64_err_0_size_630_depth_22__ER__R7,976,64,B,1_add64_err_0_size_630_depth_22,ER__R7,R7
width64__1_add64_err_0_size_630_depth_22__ER__R8,977,64,B,1_add64_err_0_size_630_depth_22,ER__R8,R8
width64__1_add64_err_0_size_630_depth_22__ER__R9,978,64,B,1_add64_err_0_size_630_depth_22,ER__R9,R9
width64__1_add64_err_0_size_630_depth_22__compile_MED,979,64,B,1_add64_err_0_size_630_depth_22,compile_MED,
width64__1_add64_err_0_size_630_depth_22__MED__D0,980,64,B,1_add64_err_0_size_630_depth_22,MED__D0,D0
width64__1_add64_err_0_size_630_depth_22__MED__D1,981,64,B,1_add64_err_0_size_630_depth_22,MED__D1,D1
width64__1_add64_err_0_size_630_depth_22__MED__D2,982,64,B,1_add64_err_0_size_630_depth_22,MED__D2,D2
width64__1_add64_err_0_size_630_depth_22__MED__D3,983,64,B,1_add64_err_0_size_630_depth_22,MED__D3,D3
width64__1_add64_err_0_size_630_depth_22__MED__D4,984,64,B,1_add64_err_0_size_630_depth_22,MED__D4,D4
width64__1_add64_err_0_size_630_depth_22__MED__D5,985,64,B,1_add64_err_0_size_630_depth_22,MED__D5,D5
width64__1_add64_err_0_size_630_depth_22__timing_K16,986,64,B,1_add64_err_0_size_630_depth_22,timing_K16,
width64__1_add64_err_0_size_630_depth_22__timing_K64,987,64,B,1_add64_err_0_size_630_depth_22,timing_K64,
width64__2_add64_err_1.52588e-05_size_616_depth_22__compile_ER,988,64,B,2_add64_err_1.52588e-05_size_616_depth_22,compile_ER,
width64__2_add64_err_1.52588e-05_size_616_depth_22__ER__D0,989,64,B,2_add64_err_1.52588e-05_size_616_depth_22,ER__D0,D0
width64__2_add64_err_1.52588e-05_size_616_depth_22__ER__D1,990,64,B,2_add64_err_1.52588e-05_size_616_depth_22,ER__D1,D1
width64__2_add64_err_1.52588e-05_size_616_depth_22__ER__D2,991,64,B,2_add64_err_1.52588e-05_size_616_depth_22,ER__D2,D2
width64__2_add64_err_1.52588e-05_size_616_depth_22__ER__D3,992,64,B,2_add64_err_1.52588e-05_size_616_depth_22,ER__D3,D3
width64__2_add64_err_1.52588e-05_size_616_depth_22__ER__D4,993,64,B,2_add64_err_1.52588e-05_size_616_depth_22,ER__D4,D4
width64__2_add64_err_1.52588e-05_size_616_depth_22__ER__D5,994,64,B,2_add64_err_1.52588e-05_size_616_depth_22,ER__D5,D5
width64__2_add64_err_1.52588e-05_size_616_depth_22__ER__R0,995,64,B,2_add64_err_1.52588e-05_size_616_depth_22,ER__R0,R0
width64__2_add64_err_1.52588e-05_size_616_depth_22__ER__R1,996,64,B,2_add64_err_1.52588e-05_size_616_depth_22,ER__R1,R1
width64__2_add64_err_1.52588e-05_size_616_depth_22__ER__R2,997,64,B,2_add64_err_1.52588e-05_size_616_depth_22,ER__R2,R2
width64__2_add64_err_1.52588e-05_size_616_depth_22__ER__R3,998,64,B,2_add64_err_1.52588e-05_size_616_depth_22,ER__R3,R3
width64__2_add64_err_1.52588e-05_size_616_depth_22__ER__R4,999,64,B,2_add64_err_1.52588e-05_size_616_depth_22,ER__R4,R4
width64__2_add64_err_1.52588e-05_size_616_depth_22__ER__R5,1000,64,B,2_add64_err_1.52588e-05_size_616_depth_22,ER__R5,R5
width64__2_add64_err_1.52588e-05_size_616_depth_22__ER__R6,1001,64,B,2_add64_err_1.52588e-05_size_616_depth_22,ER__R6,R6
width64__2_add64_err_1.52588e-05_size_616_depth_22__ER__R7,1002,64,B,2_add64_err_1.52588e-05_size_616_depth_22,ER__R7,R7
width64__2_add64_err_1.52588e-05_size_616_depth_22__ER__R8,1003,64,B,2_add64_err_1.52588e-05_size_616_depth_22,ER__R8,R8
width64__2_add64_err_1.52588e-05_size_616_depth_22__ER__R9,1004,64,B,2_add64_err_1.52588e-05_size_616_depth_22,ER__R9,R9
width64__2_add64_err_1.52588e-05_size_616_depth_22__compile_MED,1005,64,B,2_add64_err_1.52588e-05_size_616_depth_22,compile_MED,
width64__2_add64_err_1.52588e-05_size_616_depth_22__MED__D0,1006,64,B,2_add64_err_1.52588e-05_size_616_depth_22,MED__D0,D0
width64__2_add64_err_1.52588e-05_size_616_depth_22__MED__D1,1007,64,B,2_add64_err_1.52588e-05_size_616_depth_22,MED__D1,D1
width64__2_add64_err_1.52588e-05_size_616_depth_22__MED__D2,1008,64,B,2_add64_err_1.52588e-05_size_616_depth_22,MED__D2,D2
width64__2_add64_err_1.52588e-05_size_616_depth_22__MED__D3,1009,64,B,2_add64_err_1.52588e-05_size_616_depth_22,MED__D3,D3
width64__2_add64_err_1.52588e-05_size_616_depth_22__MED__D4,1010,64,B,2_add64_err_1.52588e-05_size_616_depth_22,MED__D4,D4
width64__2_add64_err_1.52588e-05_size_616_depth_22__MED__D5,1011,64,B,2_add64_err_1.52588e-05_size_616_depth_22,MED__D5,D5
width64__2_add64_err_1.52588e-05_size_616_depth_22__timing_K16,1012,64,B,2_add64_err_1.52588e-05_size_616_depth_22,timing_K16,
width64__2_add64_err_1.52588e-05_size_616_depth_22__timing_K64,1013,64,B,2_add64_err_1.52588e-05_size_616_depth_22,timing_K64,
width64__3_add64_err_0.00190735_size_612_depth_22__compile_ER,1014,64,B,3_add64_err_0.00190735_size_612_depth_22,compile_ER,
width64__3_add64_err_0.00190735_size_612_depth_22__ER__D0,1015,64,B,3_add64_err_0.00190735_size_612_depth_22,ER__D0,D0
width64__3_add64_err_0.00190735_size_612_depth_22__ER__D1,1016,64,B,3_add64_err_0.00190735_size_612_depth_22,ER__D1,D1
width64__3_add64_err_0.00190735_size_612_depth_22__ER__D2,1017,64,B,3_add64_err_0.00190735_size_612_depth_22,ER__D2,D2
width64__3_add64_err_0.00190735_size_612_depth_22__ER__D3,1018,64,B,3_add64_err_0.00190735_size_612_depth_22,ER__D3,D3
width64__3_add64_err_0.00190735_size_612_depth_22__ER__D4,1019,64,B,3_add64_err_0.00190735_size_612_depth_22,ER__D4,D4
width64__3_add64_err_0.00190735_size_612_depth_22__ER__D5,1020,64,B,3_add64_err_0.00190735_size_612_depth_22,ER__D5,D5
width64__3_add64_err_0.00190735_size_612_depth_22__ER__R0,1021,64,B,3_add64_err_0.00190735_size_612_depth_22,ER__R0,R0
width64__3_add64_err_0.00190735_size_612_depth_22__ER__R1,1022,64,B,3_add64_err_0.00190735_size_612_depth_22,ER__R1,R1
width64__3_add64_err_0.00190735_size_612_depth_22__ER__R2,1023,64,B,3_add64_err_0.00190735_size_612_depth_22,ER__R2,R2
width64__3_add64_err_0.00190735_size_612_depth_22__ER__R3,1024,64,B,3_add64_err_0.00190735_size_612_depth_22,ER__R3,R3
width64__3_add64_err_0.00190735_size_612_depth_22__ER__R4,1025,64,B,3_add64_err_0.00190735_size_612_depth_22,ER__R4,R4
width64__3_add64_err_0.00190735_size_612_depth_22__ER__R5,1026,64,B,3_add64_err_0.00190735_size_612_depth_22,ER__R5,R5
width64__3_add64_err_0.00190735_size_612_depth_22__ER__R6,1027,64,B,3_add64_err_0.00190735_size_612_depth_22,ER__R6,R6
width64__3_add64_err_0.00190735_size_612_depth_22__ER__R7,1028,64,B,3_add64_err_0.00190735_size_612_depth_22,ER__R7,R7
width64__3_add64_err_0.00190735_size_612_depth_22__ER__R8,1029,64,B,3_add64_err_0.00190735_size_612_depth_22,ER__R8,R8
width64__3_add64_err_0.00190735_size_612_depth_22__ER__R9,1030,64,B,3_add64_err_0.00190735_size_612_depth_22,ER__R9,R9
width64__3_add64_err_0.00190735_size_612_depth_22__compile_MED,1031,64,B,3_add64_err_0.00190735_size_612_depth_22,compile_MED,
width64__3_add64_err_0.00190735_size_612_depth_22__MED__D0,1032,64,B,3_add64_err_0.00190735_size_612_depth_22,MED__D0,D0
width64__3_add64_err_0.00190735_size_612_depth_22__MED__D1,1033,64,B,3_add64_err_0.00190735_size_612_depth_22,MED__D1,D1
width64__3_add64_err_0.00190735_size_612_depth_22__MED__D2,1034,64,B,3_add64_err_0.00190735_size_612_depth_22,MED__D2,D2
width64__3_add64_err_0.00190735_size_612_depth_22__MED__D3,1035,64,B,3_add64_err_0.00190735_size_612_depth_22,MED__D3,D3
width64__3_add64_err_0.00190735_size_612_depth_22__MED__D4,1036,64,B,3_add64_err_0.00190735_size_612_depth_22,MED__D4,D4
width64__3_add64_err_0.00190735_size_612_depth_22__MED__D5,1037,64,B,3_add64_err_0.00190735_size_612_depth_22,MED__D5,D5
width64__3_add64_err_0.00190735_size_612_depth_22__timing_K16,1038,64,B,3_add64_err_0.00190735_size_612_depth_22,timing_K16,
width64__3_add64_err_0.00190735_size_612_depth_22__timing_K64,1039,64,B,3_add64_err_0.00190735_size_612_depth_22,timing_K64,
width64__4_add64_err_0.00386047_size_605_depth_22__compile_ER,1040,64,B,4_add64_err_0.00386047_size_605_depth_22,compile_ER,
width64__4_add64_err_0.00386047_size_605_depth_22__ER__D0,1041,64,B,4_add64_err_0.00386047_size_605_depth_22,ER__D0,D0
width64__4_add64_err_0.00386047_size_605_depth_22__ER__D1,1042,64,B,4_add64_err_0.00386047_size_605_depth_22,ER__D1,D1
width64__4_add64_err_0.00386047_size_605_depth_22__ER__D2,1043,64,B,4_add64_err_0.00386047_size_605_depth_22,ER__D2,D2
width64__4_add64_err_0.00386047_size_605_depth_22__ER__D3,1044,64,B,4_add64_err_0.00386047_size_605_depth_22,ER__D3,D3
width64__4_add64_err_0.00386047_size_605_depth_22__ER__D4,1045,64,B,4_add64_err_0.00386047_size_605_depth_22,ER__D4,D4
width64__4_add64_err_0.00386047_size_605_depth_22__ER__D5,1046,64,B,4_add64_err_0.00386047_size_605_depth_22,ER__D5,D5
width64__4_add64_err_0.00386047_size_605_depth_22__ER__R0,1047,64,B,4_add64_err_0.00386047_size_605_depth_22,ER__R0,R0
width64__4_add64_err_0.00386047_size_605_depth_22__ER__R1,1048,64,B,4_add64_err_0.00386047_size_605_depth_22,ER__R1,R1
width64__4_add64_err_0.00386047_size_605_depth_22__ER__R2,1049,64,B,4_add64_err_0.00386047_size_605_depth_22,ER__R2,R2
width64__4_add64_err_0.00386047_size_605_depth_22__ER__R3,1050,64,B,4_add64_err_0.00386047_size_605_depth_22,ER__R3,R3
width64__4_add64_err_0.00386047_size_605_depth_22__ER__R4,1051,64,B,4_add64_err_0.00386047_size_605_depth_22,ER__R4,R4
width64__4_add64_err_0.00386047_size_605_depth_22__ER__R5,1052,64,B,4_add64_err_0.00386047_size_605_depth_22,ER__R5,R5
width64__4_add64_err_0.00386047_size_605_depth_22__ER__R6,1053,64,B,4_add64_err_0.00386047_size_605_depth_22,ER__R6,R6
width64__4_add64_err_0.00386047_size_605_depth_22__ER__R7,1054,64,B,4_add64_err_0.00386047_size_605_depth_22,ER__R7,R7
width64__4_add64_err_0.00386047_size_605_depth_22__ER__R8,1055,64,B,4_add64_err_0.00386047_size_605_depth_22,ER__R8,R8
width64__4_add64_err_0.00386047_size_605_depth_22__ER__R9,1056,64,B,4_add64_err_0.00386047_size_605_depth_22,ER__R9,R9
width64__4_add64_err_0.00386047_size_605_depth_22__compile_MED,1057,64,B,4_add64_err_0.00386047_size_605_depth_22,compile_MED,
width64__4_add64_err_0.00386047_size_605_depth_22__MED__D0,1058,64,B,4_add64_err_0.00386047_size_605_depth_22,MED__D0,D0
width64__4_add64_err_0.00386047_size_605_depth_22__MED__D1,1059,64,B,4_add64_err_0.00386047_size_605_depth_22,MED__D1,D1
width64__4_add64_err_0.00386047_size_605_depth_22__MED__D2,1060,64,B,4_add64_err_0.00386047_size_605_depth_22,MED__D2,D2
width64__4_add64_err_0.00386047_size_605_depth_22__MED__D3,1061,64,B,4_add64_err_0.00386047_size_605_depth_22,MED__D3,D3
width64__4_add64_err_0.00386047_size_605_depth_22__MED__D4,1062,64,B,4_add64_err_0.00386047_size_605_depth_22,MED__D4,D4
width64__4_add64_err_0.00386047_size_605_depth_22__MED__D5,1063,64,B,4_add64_err_0.00386047_size_605_depth_22,MED__D5,D5
width64__4_add64_err_0.00386047_size_605_depth_22__timing_K16,1064,64,B,4_add64_err_0.00386047_size_605_depth_22,timing_K16,
width64__4_add64_err_0.00386047_size_605_depth_22__timing_K64,1065,64,B,4_add64_err_0.00386047_size_605_depth_22,timing_K64,
width64__5_add64_err_0.0058136_size_596_depth_22__compile_ER,1066,64,B,5_add64_err_0.0058136_size_596_depth_22,compile_ER,
width64__5_add64_err_0.0058136_size_596_depth_22__ER__D0,1067,64,B,5_add64_err_0.0058136_size_596_depth_22,ER__D0,D0
width64__5_add64_err_0.0058136_size_596_depth_22__ER__D1,1068,64,B,5_add64_err_0.0058136_size_596_depth_22,ER__D1,D1
width64__5_add64_err_0.0058136_size_596_depth_22__ER__D2,1069,64,B,5_add64_err_0.0058136_size_596_depth_22,ER__D2,D2
width64__5_add64_err_0.0058136_size_596_depth_22__ER__D3,1070,64,B,5_add64_err_0.0058136_size_596_depth_22,ER__D3,D3
width64__5_add64_err_0.0058136_size_596_depth_22__ER__D4,1071,64,B,5_add64_err_0.0058136_size_596_depth_22,ER__D4,D4
width64__5_add64_err_0.0058136_size_596_depth_22__ER__D5,1072,64,B,5_add64_err_0.0058136_size_596_depth_22,ER__D5,D5
width64__5_add64_err_0.0058136_size_596_depth_22__ER__R0,1073,64,B,5_add64_err_0.0058136_size_596_depth_22,ER__R0,R0
width64__5_add64_err_0.0058136_size_596_depth_22__ER__R1,1074,64,B,5_add64_err_0.0058136_size_596_depth_22,ER__R1,R1
width64__5_add64_err_0.0058136_size_596_depth_22__ER__R2,1075,64,B,5_add64_err_0.0058136_size_596_depth_22,ER__R2,R2
width64__5_add64_err_0.0058136_size_596_depth_22__ER__R3,1076,64,B,5_add64_err_0.0058136_size_596_depth_22,ER__R3,R3
width64__5_add64_err_0.0058136_size_596_depth_22__ER__R4,1077,64,B,5_add64_err_0.0058136_size_596_depth_22,ER__R4,R4
width64__5_add64_err_0.0058136_size_596_depth_22__ER__R5,1078,64,B,5_add64_err_0.0058136_size_596_depth_22,ER__R5,R5
width64__5_add64_err_0.0058136_size_596_depth_22__ER__R6,1079,64,B,5_add64_err_0.0058136_size_596_depth_22,ER__R6,R6
width64__5_add64_err_0.0058136_size_596_depth_22__ER__R7,1080,64,B,5_add64_err_0.0058136_size_596_depth_22,ER__R7,R7
width64__5_add64_err_0.0058136_size_596_depth_22__ER__R8,1081,64,B,5_add64_err_0.0058136_size_596_depth_22,ER__R8,R8
width64__5_add64_err_0.0058136_size_596_depth_22__ER__R9,1082,64,B,5_add64_err_0.0058136_size_596_depth_22,ER__R9,R9
width64__5_add64_err_0.0058136_size_596_depth_22__compile_MED,1083,64,B,5_add64_err_0.0058136_size_596_depth_22,compile_MED,
width64__5_add64_err_0.0058136_size_596_depth_22__MED__D0,1084,64,B,5_add64_err_0.0058136_size_596_depth_22,MED__D0,D0
width64__5_add64_err_0.0058136_size_596_depth_22__MED__D1,1085,64,B,5_add64_err_0.0058136_size_596_depth_22,MED__D1,D1
width64__5_add64_err_0.0058136_size_596_depth_22__MED__D2,1086,64,B,5_add64_err_0.0058136_size_596_depth_22,MED__D2,D2
width64__5_add64_err_0.0058136_size_596_depth_22__MED__D3,1087,64,B,5_add64_err_0.0058136_size_596_depth_22,MED__D3,D3
width64__5_add64_err_0.0058136_size_596_depth_22__MED__D4,1088,64,B,5_add64_err_0.0058136_size_596_depth_22,MED__D4,D4
width64__5_add64_err_0.0058136_size_596_depth_22__MED__D5,1089,64,B,5_add64_err_0.0058136_size_596_depth_22,MED__D5,D5
width64__5_add64_err_0.0058136_size_596_depth_22__timing_K16,1090,64,B,5_add64_err_0.0058136_size_596_depth_22,timing_K16,
width64__5_add64_err_0.0058136_size_596_depth_22__timing_K64,1091,64,B,5_add64_err_0.0058136_size_596_depth_22,timing_K64,
width64__6_add64_err_0.00787354_size_594_depth_22__compile_ER,1092,64,B,6_add64_err_0.00787354_size_594_depth_22,compile_ER,
width64__6_add64_err_0.00787354_size_594_depth_22__ER__D0,1093,64,B,6_add64_err_0.00787354_size_594_depth_22,ER__D0,D0
width64__6_add64_err_0.00787354_size_594_depth_22__ER__D1,1094,64,B,6_add64_err_0.00787354_size_594_depth_22,ER__D1,D1
width64__6_add64_err_0.00787354_size_594_depth_22__ER__D2,1095,64,B,6_add64_err_0.00787354_size_594_depth_22,ER__D2,D2
width64__6_add64_err_0.00787354_size_594_depth_22__ER__D3,1096,64,B,6_add64_err_0.00787354_size_594_depth_22,ER__D3,D3
width64__6_add64_err_0.00787354_size_594_depth_22__ER__D4,1097,64,B,6_add64_err_0.00787354_size_594_depth_22,ER__D4,D4
width64__6_add64_err_0.00787354_size_594_depth_22__ER__D5,1098,64,B,6_add64_err_0.00787354_size_594_depth_22,ER__D5,D5
width64__6_add64_err_0.00787354_size_594_depth_22__ER__R0,1099,64,B,6_add64_err_0.00787354_size_594_depth_22,ER__R0,R0
width64__6_add64_err_0.00787354_size_594_depth_22__ER__R1,1100,64,B,6_add64_err_0.00787354_size_594_depth_22,ER__R1,R1
width64__6_add64_err_0.00787354_size_594_depth_22__ER__R2,1101,64,B,6_add64_err_0.00787354_size_594_depth_22,ER__R2,R2
width64__6_add64_err_0.00787354_size_594_depth_22__ER__R3,1102,64,B,6_add64_err_0.00787354_size_594_depth_22,ER__R3,R3
width64__6_add64_err_0.00787354_size_594_depth_22__ER__R4,1103,64,B,6_add64_err_0.00787354_size_594_depth_22,ER__R4,R4
width64__6_add64_err_0.00787354_size_594_depth_22__ER__R5,1104,64,B,6_add64_err_0.00787354_size_594_depth_22,ER__R5,R5
width64__6_add64_err_0.00787354_size_594_depth_22__ER__R6,1105,64,B,6_add64_err_0.00787354_size_594_depth_22,ER__R6,R6
width64__6_add64_err_0.00787354_size_594_depth_22__ER__R7,1106,64,B,6_add64_err_0.00787354_size_594_depth_22,ER__R7,R7
width64__6_add64_err_0.00787354_size_594_depth_22__ER__R8,1107,64,B,6_add64_err_0.00787354_size_594_depth_22,ER__R8,R8
width64__6_add64_err_0.00787354_size_594_depth_22__ER__R9,1108,64,B,6_add64_err_0.00787354_size_594_depth_22,ER__R9,R9
width64__6_add64_err_0.00787354_size_594_depth_22__compile_MED,1109,64,B,6_add64_err_0.00787354_size_594_depth_22,compile_MED,
width64__6_add64_err_0.00787354_size_594_depth_22__MED__D0,1110,64,B,6_add64_err_0.00787354_size_594_depth_22,MED__D0,D0
width64__6_add64_err_0.00787354_size_594_depth_22__MED__D1,1111,64,B,6_add64_err_0.00787354_size_594_depth_22,MED__D1,D1
width64__6_add64_err_0.00787354_size_594_depth_22__MED__D2,1112,64,B,6_add64_err_0.00787354_size_594_depth_22,MED__D2,D2
width64__6_add64_err_0.00787354_size_594_depth_22__MED__D3,1113,64,B,6_add64_err_0.00787354_size_594_depth_22,MED__D3,D3
width64__6_add64_err_0.00787354_size_594_depth_22__MED__D4,1114,64,B,6_add64_err_0.00787354_size_594_depth_22,MED__D4,D4
width64__6_add64_err_0.00787354_size_594_depth_22__MED__D5,1115,64,B,6_add64_err_0.00787354_size_594_depth_22,MED__D5,D5
width64__6_add64_err_0.00787354_size_594_depth_22__timing_K16,1116,64,B,6_add64_err_0.00787354_size_594_depth_22,timing_K16,
width64__6_add64_err_0.00787354_size_594_depth_22__timing_K64,1117,64,B,6_add64_err_0.00787354_size_594_depth_22,timing_K64,
width64__7_add64_err_0.0100861_size_585_depth_22__compile_ER,1118,64,B,7_add64_err_0.0100861_size_585_depth_22,compile_ER,
width64__7_add64_err_0.0100861_size_585_depth_22__ER__D0,1119,64,B,7_add64_err_0.0100861_size_585_depth_22,ER__D0,D0
width64__7_add64_err_0.0100861_size_585_depth_22__ER__D1,1120,64,B,7_add64_err_0.0100861_size_585_depth_22,ER__D1,D1
width64__7_add64_err_0.0100861_size_585_depth_22__ER__D2,1121,64,B,7_add64_err_0.0100861_size_585_depth_22,ER__D2,D2
width64__7_add64_err_0.0100861_size_585_depth_22__ER__D3,1122,64,B,7_add64_err_0.0100861_size_585_depth_22,ER__D3,D3
width64__7_add64_err_0.0100861_size_585_depth_22__ER__D4,1123,64,B,7_add64_err_0.0100861_size_585_depth_22,ER__D4,D4
width64__7_add64_err_0.0100861_size_585_depth_22__ER__D5,1124,64,B,7_add64_err_0.0100861_size_585_depth_22,ER__D5,D5
width64__7_add64_err_0.0100861_size_585_depth_22__ER__R0,1125,64,B,7_add64_err_0.0100861_size_585_depth_22,ER__R0,R0
width64__7_add64_err_0.0100861_size_585_depth_22__ER__R1,1126,64,B,7_add64_err_0.0100861_size_585_depth_22,ER__R1,R1
width64__7_add64_err_0.0100861_size_585_depth_22__ER__R2,1127,64,B,7_add64_err_0.0100861_size_585_depth_22,ER__R2,R2
width64__7_add64_err_0.0100861_size_585_depth_22__ER__R3,1128,64,B,7_add64_err_0.0100861_size_585_depth_22,ER__R3,R3
width64__7_add64_err_0.0100861_size_585_depth_22__ER__R4,1129,64,B,7_add64_err_0.0100861_size_585_depth_22,ER__R4,R4
width64__7_add64_err_0.0100861_size_585_depth_22__ER__R5,1130,64,B,7_add64_err_0.0100861_size_585_depth_22,ER__R5,R5
width64__7_add64_err_0.0100861_size_585_depth_22__ER__R6,1131,64,B,7_add64_err_0.0100861_size_585_depth_22,ER__R6,R6
width64__7_add64_err_0.0100861_size_585_depth_22__ER__R7,1132,64,B,7_add64_err_0.0100861_size_585_depth_22,ER__R7,R7
width64__7_add64_err_0.0100861_size_585_depth_22__ER__R8,1133,64,B,7_add64_err_0.0100861_size_585_depth_22,ER__R8,R8
width64__7_add64_err_0.0100861_size_585_depth_22__ER__R9,1134,64,B,7_add64_err_0.0100861_size_585_depth_22,ER__R9,R9
width64__7_add64_err_0.0100861_size_585_depth_22__compile_MED,1135,64,B,7_add64_err_0.0100861_size_585_depth_22,compile_MED,
width64__7_add64_err_0.0100861_size_585_depth_22__MED__D0,1136,64,B,7_add64_err_0.0100861_size_585_depth_22,MED__D0,D0
width64__7_add64_err_0.0100861_size_585_depth_22__MED__D1,1137,64,B,7_add64_err_0.0100861_size_585_depth_22,MED__D1,D1
width64__7_add64_err_0.0100861_size_585_depth_22__MED__D2,1138,64,B,7_add64_err_0.0100861_size_585_depth_22,MED__D2,D2
width64__7_add64_err_0.0100861_size_585_depth_22__MED__D3,1139,64,B,7_add64_err_0.0100861_size_585_depth_22,MED__D3,D3
width64__7_add64_err_0.0100861_size_585_depth_22__MED__D4,1140,64,B,7_add64_err_0.0100861_size_585_depth_22,MED__D4,D4
width64__7_add64_err_0.0100861_size_585_depth_22__MED__D5,1141,64,B,7_add64_err_0.0100861_size_585_depth_22,MED__D5,D5
width64__7_add64_err_0.0100861_size_585_depth_22__timing_K16,1142,64,B,7_add64_err_0.0100861_size_585_depth_22,timing_K16,
width64__7_add64_err_0.0100861_size_585_depth_22__timing_K64,1143,64,B,7_add64_err_0.0100861_size_585_depth_22,timing_K64,
width64__8_add64_err_0.0155334_size_581_depth_22__compile_ER,1144,64,B,8_add64_err_0.0155334_size_581_depth_22,compile_ER,
width64__8_add64_err_0.0155334_size_581_depth_22__ER__D0,1145,64,B,8_add64_err_0.0155334_size_581_depth_22,ER__D0,D0
width64__8_add64_err_0.0155334_size_581_depth_22__ER__D1,1146,64,B,8_add64_err_0.0155334_size_581_depth_22,ER__D1,D1
width64__8_add64_err_0.0155334_size_581_depth_22__ER__D2,1147,64,B,8_add64_err_0.0155334_size_581_depth_22,ER__D2,D2
width64__8_add64_err_0.0155334_size_581_depth_22__ER__D3,1148,64,B,8_add64_err_0.0155334_size_581_depth_22,ER__D3,D3
width64__8_add64_err_0.0155334_size_581_depth_22__ER__D4,1149,64,B,8_add64_err_0.0155334_size_581_depth_22,ER__D4,D4
width64__8_add64_err_0.0155334_size_581_depth_22__ER__D5,1150,64,B,8_add64_err_0.0155334_size_581_depth_22,ER__D5,D5
width64__8_add64_err_0.0155334_size_581_depth_22__ER__R0,1151,64,B,8_add64_err_0.0155334_size_581_depth_22,ER__R0,R0
width64__8_add64_err_0.0155334_size_581_depth_22__ER__R1,1152,64,B,8_add64_err_0.0155334_size_581_depth_22,ER__R1,R1
width64__8_add64_err_0.0155334_size_581_depth_22__ER__R2,1153,64,B,8_add64_err_0.0155334_size_581_depth_22,ER__R2,R2
width64__8_add64_err_0.0155334_size_581_depth_22__ER__R3,1154,64,B,8_add64_err_0.0155334_size_581_depth_22,ER__R3,R3
width64__8_add64_err_0.0155334_size_581_depth_22__ER__R4,1155,64,B,8_add64_err_0.0155334_size_581_depth_22,ER__R4,R4
width64__8_add64_err_0.0155334_size_581_depth_22__ER__R5,1156,64,B,8_add64_err_0.0155334_size_581_depth_22,ER__R5,R5
width64__8_add64_err_0.0155334_size_581_depth_22__ER__R6,1157,64,B,8_add64_err_0.0155334_size_581_depth_22,ER__R6,R6
width64__8_add64_err_0.0155334_size_581_depth_22__ER__R7,1158,64,B,8_add64_err_0.0155334_size_581_depth_22,ER__R7,R7
width64__8_add64_err_0.0155334_size_581_depth_22__ER__R8,1159,64,B,8_add64_err_0.0155334_size_581_depth_22,ER__R8,R8
width64__8_add64_err_0.0155334_size_581_depth_22__ER__R9,1160,64,B,8_add64_err_0.0155334_size_581_depth_22,ER__R9,R9
width64__8_add64_err_0.0155334_size_581_depth_22__compile_MED,1161,64,B,8_add64_err_0.0155334_size_581_depth_22,compile_MED,
width64__8_add64_err_0.0155334_size_581_depth_22__MED__D0,1162,64,B,8_add64_err_0.0155334_size_581_depth_22,MED__D0,D0
width64__8_add64_err_0.0155334_size_581_depth_22__MED__D1,1163,64,B,8_add64_err_0.0155334_size_581_depth_22,MED__D1,D1
width64__8_add64_err_0.0155334_size_581_depth_22__MED__D2,1164,64,B,8_add64_err_0.0155334_size_581_depth_22,MED__D2,D2
width64__8_add64_err_0.0155334_size_581_depth_22__MED__D3,1165,64,B,8_add64_err_0.0155334_size_581_depth_22,MED__D3,D3
width64__8_add64_err_0.0155334_size_581_depth_22__MED__D4,1166,64,B,8_add64_err_0.0155334_size_581_depth_22,MED__D4,D4
width64__8_add64_err_0.0155334_size_581_depth_22__MED__D5,1167,64,B,8_add64_err_0.0155334_size_581_depth_22,MED__D5,D5
width64__8_add64_err_0.0155334_size_581_depth_22__timing_K16,1168,64,B,8_add64_err_0.0155334_size_581_depth_22,timing_K16,
width64__8_add64_err_0.0155334_size_581_depth_22__timing_K64,1169,64,B,8_add64_err_0.0155334_size_581_depth_22,timing_K64,
width128__10_add128_err_0.00714111_size_1215_depth_27__compile_ER,1170,128,C,10_add128_err_0.00714111_size_1215_depth_27,compile_ER,
width128__10_add128_err_0.00714111_size_1215_depth_27__ER__D0,1171,128,C,10_add128_err_0.00714111_size_1215_depth_27,ER__D0,D0
width128__10_add128_err_0.00714111_size_1215_depth_27__ER__D1,1172,128,C,10_add128_err_0.00714111_size_1215_depth_27,ER__D1,D1
width128__10_add128_err_0.00714111_size_1215_depth_27__ER__D2,1173,128,C,10_add128_err_0.00714111_size_1215_depth_27,ER__D2,D2
width128__10_add128_err_0.00714111_size_1215_depth_27__ER__D3,1174,128,C,10_add128_err_0.00714111_size_1215_depth_27,ER__D3,D3
width128__10_add128_err_0.00714111_size_1215_depth_27__ER__D4,1175,128,C,10_add128_err_0.00714111_size_1215_depth_27,ER__D4,D4
width128__10_add128_err_0.00714111_size_1215_depth_27__ER__D5,1176,128,C,10_add128_err_0.00714111_size_1215_depth_27,ER__D5,D5
width128__10_add128_err_0.00714111_size_1215_depth_27__ER__R0,1177,128,C,10_add128_err_0.00714111_size_1215_depth_27,ER__R0,R0
width128__10_add128_err_0.00714111_size_1215_depth_27__ER__R1,1178,128,C,10_add128_err_0.00714111_size_1215_depth_27,ER__R1,R1
width128__10_add128_err_0.00714111_size_1215_depth_27__ER__R2,1179,128,C,10_add128_err_0.00714111_size_1215_depth_27,ER__R2,R2
width128__10_add128_err_0.00714111_size_1215_depth_27__ER__R3,1180,128,C,10_add128_err_0.00714111_size_1215_depth_27,ER__R3,R3
width128__10_add128_err_0.00714111_size_1215_depth_27__ER__R4,1181,128,C,10_add128_err_0.00714111_size_1215_depth_27,ER__R4,R4
width128__10_add128_err_0.00714111_size_1215_depth_27__ER__R5,1182,128,C,10_add128_err_0.00714111_size_1215_depth_27,ER__R5,R5
width128__10_add128_err_0.00714111_size_1215_depth_27__ER__R6,1183,128,C,10_add128_err_0.00714111_size_1215_depth_27,ER__R6,R6
width128__10_add128_err_0.00714111_size_1215_depth_27__ER__R7,1184,128,C,10_add128_err_0.00714111_size_1215_depth_27,ER__R7,R7
width128__10_add128_err_0.00714111_size_1215_depth_27__ER__R8,1185,128,C,10_add128_err_0.00714111_size_1215_depth_27,ER__R8,R8
width128__10_add128_err_0.00714111_size_1215_depth_27__ER__R9,1186,128,C,10_add128_err_0.00714111_size_1215_depth_27,ER__R9,R9
width128__10_add128_err_0.00714111_size_1215_depth_27__compile_MED,1187,128,C,10_add128_err_0.00714111_size_1215_depth_27,compile_MED,
width128__10_add128_err_0.00714111_size_1215_depth_27__MED__D0,1188,128,C,10_add128_err_0.00714111_size_1215_depth_27,MED__D0,D0
width128__10_add128_err_0.00714111_size_1215_depth_27__MED__D1,1189,128,C,10_add128_err_0.00714111_size_1215_depth_27,MED__D1,D1
width128__10_add128_err_0.00714111_size_1215_depth_27__MED__D2,1190,128,C,10_add128_err_0.00714111_size_1215_depth_27,MED__D2,D2
width128__10_add128_err_0.00714111_size_1215_depth_27__MED__D3,1191,128,C,10_add128_err_0.00714111_size_1215_depth_27,MED__D3,D3
width128__10_add128_err_0.00714111_size_1215_depth_27__MED__D4,1192,128,C,10_add128_err_0.00714111_size_1215_depth_27,MED__D4,D4
width128__10_add128_err_0.00714111_size_1215_depth_27__MED__D5,1193,128,C,10_add128_err_0.00714111_size_1215_depth_27,MED__D5,D5
width128__10_add128_err_0.00714111_size_1215_depth_27__timing_K16,1194,128,C,10_add128_err_0.00714111_size_1215_depth_27,timing_K16,
width128__10_add128_err_0.00714111_size_1215_depth_27__timing_K64,1195,128,C,10_add128_err_0.00714111_size_1215_depth_27,timing_K64,
width128__11_add128_err_0.00904846_size_1205_depth_27__compile_ER,1196,128,C,11_add128_err_0.00904846_size_1205_depth_27,compile_ER,
width128__11_add128_err_0.00904846_size_1205_depth_27__ER__D0,1197,128,C,11_add128_err_0.00904846_size_1205_depth_27,ER__D0,D0
width128__11_add128_err_0.00904846_size_1205_depth_27__ER__D1,1198,128,C,11_add128_err_0.00904846_size_1205_depth_27,ER__D1,D1
width128__11_add128_err_0.00904846_size_1205_depth_27__ER__D2,1199,128,C,11_add128_err_0.00904846_size_1205_depth_27,ER__D2,D2
width128__11_add128_err_0.00904846_size_1205_depth_27__ER__D3,1200,128,C,11_add128_err_0.00904846_size_1205_depth_27,ER__D3,D3
width128__11_add128_err_0.00904846_size_1205_depth_27__ER__D4,1201,128,C,11_add128_err_0.00904846_size_1205_depth_27,ER__D4,D4
width128__11_add128_err_0.00904846_size_1205_depth_27__ER__D5,1202,128,C,11_add128_err_0.00904846_size_1205_depth_27,ER__D5,D5
width128__11_add128_err_0.00904846_size_1205_depth_27__ER__R0,1203,128,C,11_add128_err_0.00904846_size_1205_depth_27,ER__R0,R0
width128__11_add128_err_0.00904846_size_1205_depth_27__ER__R1,1204,128,C,11_add128_err_0.00904846_size_1205_depth_27,ER__R1,R1
width128__11_add128_err_0.00904846_size_1205_depth_27__ER__R2,1205,128,C,11_add128_err_0.00904846_size_1205_depth_27,ER__R2,R2
width128__11_add128_err_0.00904846_size_1205_depth_27__ER__R3,1206,128,C,11_add128_err_0.00904846_size_1205_depth_27,ER__R3,R3
width128__11_add128_err_0.00904846_size_1205_depth_27__ER__R4,1207,128,C,11_add128_err_0.00904846_size_1205_depth_27,ER__R4,R4
width128__11_add128_err_0.00904846_size_1205_depth_27__ER__R5,1208,128,C,11_add128_err_0.00904846_size_1205_depth_27,ER__R5,R5
width128__11_add128_err_0.00904846_size_1205_depth_27__ER__R6,1209,128,C,11_add128_err_0.00904846_size_1205_depth_27,ER__R6,R6
width128__11_add128_err_0.00904846_size_1205_depth_27__ER__R7,1210,128,C,11_add128_err_0.00904846_size_1205_depth_27,ER__R7,R7
width128__11_add128_err_0.00904846_size_1205_depth_27__ER__R8,1211,128,C,11_add128_err_0.00904846_size_1205_depth_27,ER__R8,R8
width128__11_add128_err_0.00904846_size_1205_depth_27__ER__R9,1212,128,C,11_add128_err_0.00904846_size_1205_depth_27,ER__R9,R9
width128__11_add128_err_0.00904846_size_1205_depth_27__compile_MED,1213,128,C,11_add128_err_0.00904846_size_1205_depth_27,compile_MED,
width128__11_add128_err_0.00904846_size_1205_depth_27__MED__D0,1214,128,C,11_add128_err_0.00904846_size_1205_depth_27,MED__D0,D0
width128__11_add128_err_0.00904846_size_1205_depth_27__MED__D1,1215,128,C,11_add128_err_0.00904846_size_1205_depth_27,MED__D1,D1
width128__11_add128_err_0.00904846_size_1205_depth_27__MED__D2,1216,128,C,11_add128_err_0.00904846_size_1205_depth_27,MED__D2,D2
width128__11_add128_err_0.00904846_size_1205_depth_27__MED__D3,1217,128,C,11_add128_err_0.00904846_size_1205_depth_27,MED__D3,D3
width128__11_add128_err_0.00904846_size_1205_depth_27__MED__D4,1218,128,C,11_add128_err_0.00904846_size_1205_depth_27,MED__D4,D4
width128__11_add128_err_0.00904846_size_1205_depth_27__MED__D5,1219,128,C,11_add128_err_0.00904846_size_1205_depth_27,MED__D5,D5
width128__11_add128_err_0.00904846_size_1205_depth_27__timing_K16,1220,128,C,11_add128_err_0.00904846_size_1205_depth_27,timing_K16,
width128__11_add128_err_0.00904846_size_1205_depth_27__timing_K64,1221,128,C,11_add128_err_0.00904846_size_1205_depth_27,timing_K64,
width128__13_add128_err_0.0129547_size_1191_depth_27__compile_ER,1222,128,C,13_add128_err_0.0129547_size_1191_depth_27,compile_ER,
width128__13_add128_err_0.0129547_size_1191_depth_27__ER__D0,1223,128,C,13_add128_err_0.0129547_size_1191_depth_27,ER__D0,D0
width128__13_add128_err_0.0129547_size_1191_depth_27__ER__D1,1224,128,C,13_add128_err_0.0129547_size_1191_depth_27,ER__D1,D1
width128__13_add128_err_0.0129547_size_1191_depth_27__ER__D2,1225,128,C,13_add128_err_0.0129547_size_1191_depth_27,ER__D2,D2
width128__13_add128_err_0.0129547_size_1191_depth_27__ER__D3,1226,128,C,13_add128_err_0.0129547_size_1191_depth_27,ER__D3,D3
width128__13_add128_err_0.0129547_size_1191_depth_27__ER__D4,1227,128,C,13_add128_err_0.0129547_size_1191_depth_27,ER__D4,D4
width128__13_add128_err_0.0129547_size_1191_depth_27__ER__D5,1228,128,C,13_add128_err_0.0129547_size_1191_depth_27,ER__D5,D5
width128__13_add128_err_0.0129547_size_1191_depth_27__ER__R0,1229,128,C,13_add128_err_0.0129547_size_1191_depth_27,ER__R0,R0
width128__13_add128_err_0.0129547_size_1191_depth_27__ER__R1,1230,128,C,13_add128_err_0.0129547_size_1191_depth_27,ER__R1,R1
width128__13_add128_err_0.0129547_size_1191_depth_27__ER__R2,1231,128,C,13_add128_err_0.0129547_size_1191_depth_27,ER__R2,R2
width128__13_add128_err_0.0129547_size_1191_depth_27__ER__R3,1232,128,C,13_add128_err_0.0129547_size_1191_depth_27,ER__R3,R3
width128__13_add128_err_0.0129547_size_1191_depth_27__ER__R4,1233,128,C,13_add128_err_0.0129547_size_1191_depth_27,ER__R4,R4
width128__13_add128_err_0.0129547_size_1191_depth_27__ER__R5,1234,128,C,13_add128_err_0.0129547_size_1191_depth_27,ER__R5,R5
width128__13_add128_err_0.0129547_size_1191_depth_27__ER__R6,1235,128,C,13_add128_err_0.0129547_size_1191_depth_27,ER__R6,R6
width128__13_add128_err_0.0129547_size_1191_depth_27__ER__R7,1236,128,C,13_add128_err_0.0129547_size_1191_depth_27,ER__R7,R7
width128__13_add128_err_0.0129547_size_1191_depth_27__ER__R8,1237,128,C,13_add128_err_0.0129547_size_1191_depth_27,ER__R8,R8
width128__13_add128_err_0.0129547_size_1191_depth_27__ER__R9,1238,128,C,13_add128_err_0.0129547_size_1191_depth_27,ER__R9,R9
width128__13_add128_err_0.0129547_size_1191_depth_27__compile_MED,1239,128,C,13_add128_err_0.0129547_size_1191_depth_27,compile_MED,
width128__13_add128_err_0.0129547_size_1191_depth_27__MED__D0,1240,128,C,13_add128_err_0.0129547_size_1191_depth_27,MED__D0,D0
width128__13_add128_err_0.0129547_size_1191_depth_27__MED__D1,1241,128,C,13_add128_err_0.0129547_size_1191_depth_27,MED__D1,D1
width128__13_add128_err_0.0129547_size_1191_depth_27__MED__D2,1242,128,C,13_add128_err_0.0129547_size_1191_depth_27,MED__D2,D2
width128__13_add128_err_0.0129547_size_1191_depth_27__MED__D3,1243,128,C,13_add128_err_0.0129547_size_1191_depth_27,MED__D3,D3
width128__13_add128_err_0.0129547_size_1191_depth_27__MED__D4,1244,128,C,13_add128_err_0.0129547_size_1191_depth_27,MED__D4,D4
width128__13_add128_err_0.0129547_size_1191_depth_27__MED__D5,1245,128,C,13_add128_err_0.0129547_size_1191_depth_27,MED__D5,D5
width128__13_add128_err_0.0129547_size_1191_depth_27__timing_K16,1246,128,C,13_add128_err_0.0129547_size_1191_depth_27,timing_K16,
width128__13_add128_err_0.0129547_size_1191_depth_27__timing_K64,1247,128,C,13_add128_err_0.0129547_size_1191_depth_27,timing_K64,
width128__15_add128_err_0.0169067_size_1176_depth_27__compile_ER,1248,128,C,15_add128_err_0.0169067_size_1176_depth_27,compile_ER,
width128__15_add128_err_0.0169067_size_1176_depth_27__ER__D0,1249,128,C,15_add128_err_0.0169067_size_1176_depth_27,ER__D0,D0
width128__15_add128_err_0.0169067_size_1176_depth_27__ER__D1,1250,128,C,15_add128_err_0.0169067_size_1176_depth_27,ER__D1,D1
width128__15_add128_err_0.0169067_size_1176_depth_27__ER__D2,1251,128,C,15_add128_err_0.0169067_size_1176_depth_27,ER__D2,D2
width128__15_add128_err_0.0169067_size_1176_depth_27__ER__D3,1252,128,C,15_add128_err_0.0169067_size_1176_depth_27,ER__D3,D3
width128__15_add128_err_0.0169067_size_1176_depth_27__ER__D4,1253,128,C,15_add128_err_0.0169067_size_1176_depth_27,ER__D4,D4
width128__15_add128_err_0.0169067_size_1176_depth_27__ER__D5,1254,128,C,15_add128_err_0.0169067_size_1176_depth_27,ER__D5,D5
width128__15_add128_err_0.0169067_size_1176_depth_27__ER__R0,1255,128,C,15_add128_err_0.0169067_size_1176_depth_27,ER__R0,R0
width128__15_add128_err_0.0169067_size_1176_depth_27__ER__R1,1256,128,C,15_add128_err_0.0169067_size_1176_depth_27,ER__R1,R1
width128__15_add128_err_0.0169067_size_1176_depth_27__ER__R2,1257,128,C,15_add128_err_0.0169067_size_1176_depth_27,ER__R2,R2
width128__15_add128_err_0.0169067_size_1176_depth_27__ER__R3,1258,128,C,15_add128_err_0.0169067_size_1176_depth_27,ER__R3,R3
width128__15_add128_err_0.0169067_size_1176_depth_27__ER__R4,1259,128,C,15_add128_err_0.0169067_size_1176_depth_27,ER__R4,R4
width128__15_add128_err_0.0169067_size_1176_depth_27__ER__R5,1260,128,C,15_add128_err_0.0169067_size_1176_depth_27,ER__R5,R5
width128__15_add128_err_0.0169067_size_1176_depth_27__ER__R6,1261,128,C,15_add128_err_0.0169067_size_1176_depth_27,ER__R6,R6
width128__15_add128_err_0.0169067_size_1176_depth_27__ER__R7,1262,128,C,15_add128_err_0.0169067_size_1176_depth_27,ER__R7,R7
width128__15_add128_err_0.0169067_size_1176_depth_27__ER__R8,1263,128,C,15_add128_err_0.0169067_size_1176_depth_27,ER__R8,R8
width128__15_add128_err_0.0169067_size_1176_depth_27__ER__R9,1264,128,C,15_add128_err_0.0169067_size_1176_depth_27,ER__R9,R9
width128__15_add128_err_0.0169067_size_1176_depth_27__compile_MED,1265,128,C,15_add128_err_0.0169067_size_1176_depth_27,compile_MED,
width128__15_add128_err_0.0169067_size_1176_depth_27__MED__D0,1266,128,C,15_add128_err_0.0169067_size_1176_depth_27,MED__D0,D0
width128__15_add128_err_0.0169067_size_1176_depth_27__MED__D1,1267,128,C,15_add128_err_0.0169067_size_1176_depth_27,MED__D1,D1
width128__15_add128_err_0.0169067_size_1176_depth_27__MED__D2,1268,128,C,15_add128_err_0.0169067_size_1176_depth_27,MED__D2,D2
width128__15_add128_err_0.0169067_size_1176_depth_27__MED__D3,1269,128,C,15_add128_err_0.0169067_size_1176_depth_27,MED__D3,D3
width128__15_add128_err_0.0169067_size_1176_depth_27__MED__D4,1270,128,C,15_add128_err_0.0169067_size_1176_depth_27,MED__D4,D4
width128__15_add128_err_0.0169067_size_1176_depth_27__MED__D5,1271,128,C,15_add128_err_0.0169067_size_1176_depth_27,MED__D5,D5
width128__15_add128_err_0.0169067_size_1176_depth_27__timing_K16,1272,128,C,15_add128_err_0.0169067_size_1176_depth_27,timing_K16,
width128__15_add128_err_0.0169067_size_1176_depth_27__timing_K64,1273,128,C,15_add128_err_0.0169067_size_1176_depth_27,timing_K64,
width128__17_add128_err_0.0470276_size_1167_depth_27__compile_ER,1274,128,C,17_add128_err_0.0470276_size_1167_depth_27,compile_ER,
width128__17_add128_err_0.0470276_size_1167_depth_27__ER__D0,1275,128,C,17_add128_err_0.0470276_size_1167_depth_27,ER__D0,D0
width128__17_add128_err_0.0470276_size_1167_depth_27__ER__D1,1276,128,C,17_add128_err_0.0470276_size_1167_depth_27,ER__D1,D1
width128__17_add128_err_0.0470276_size_1167_depth_27__ER__D2,1277,128,C,17_add128_err_0.0470276_size_1167_depth_27,ER__D2,D2
width128__17_add128_err_0.0470276_size_1167_depth_27__ER__D3,1278,128,C,17_add128_err_0.0470276_size_1167_depth_27,ER__D3,D3
width128__17_add128_err_0.0470276_size_1167_depth_27__ER__D4,1279,128,C,17_add128_err_0.0470276_size_1167_depth_27,ER__D4,D4
width128__17_add128_err_0.0470276_size_1167_depth_27__ER__D5,1280,128,C,17_add128_err_0.0470276_size_1167_depth_27,ER__D5,D5
width128__17_add128_err_0.0470276_size_1167_depth_27__ER__R0,1281,128,C,17_add128_err_0.0470276_size_1167_depth_27,ER__R0,R0
width128__17_add128_err_0.0470276_size_1167_depth_27__ER__R1,1282,128,C,17_add128_err_0.0470276_size_1167_depth_27,ER__R1,R1
width128__17_add128_err_0.0470276_size_1167_depth_27__ER__R2,1283,128,C,17_add128_err_0.0470276_size_1167_depth_27,ER__R2,R2
width128__17_add128_err_0.0470276_size_1167_depth_27__ER__R3,1284,128,C,17_add128_err_0.0470276_size_1167_depth_27,ER__R3,R3
width128__17_add128_err_0.0470276_size_1167_depth_27__ER__R4,1285,128,C,17_add128_err_0.0470276_size_1167_depth_27,ER__R4,R4
width128__17_add128_err_0.0470276_size_1167_depth_27__ER__R5,1286,128,C,17_add128_err_0.0470276_size_1167_depth_27,ER__R5,R5
width128__17_add128_err_0.0470276_size_1167_depth_27__ER__R6,1287,128,C,17_add128_err_0.0470276_size_1167_depth_27,ER__R6,R6
width128__17_add128_err_0.0470276_size_1167_depth_27__ER__R7,1288,128,C,17_add128_err_0.0470276_size_1167_depth_27,ER__R7,R7
width128__17_add128_err_0.0470276_size_1167_depth_27__ER__R8,1289,128,C,17_add128_err_0.0470276_size_1167_depth_27,ER__R8,R8
width128__17_add128_err_0.0470276_size_1167_depth_27__ER__R9,1290,128,C,17_add128_err_0.0470276_size_1167_depth_27,ER__R9,R9
width128__17_add128_err_0.0470276_size_1167_depth_27__compile_MED,1291,128,C,17_add128_err_0.0470276_size_1167_depth_27,compile_MED,
width128__17_add128_err_0.0470276_size_1167_depth_27__MED__D0,1292,128,C,17_add128_err_0.0470276_size_1167_depth_27,MED__D0,D0
width128__17_add128_err_0.0470276_size_1167_depth_27__MED__D1,1293,128,C,17_add128_err_0.0470276_size_1167_depth_27,MED__D1,D1
width128__17_add128_err_0.0470276_size_1167_depth_27__MED__D2,1294,128,C,17_add128_err_0.0470276_size_1167_depth_27,MED__D2,D2
width128__17_add128_err_0.0470276_size_1167_depth_27__MED__D3,1295,128,C,17_add128_err_0.0470276_size_1167_depth_27,MED__D3,D3
width128__17_add128_err_0.0470276_size_1167_depth_27__MED__D4,1296,128,C,17_add128_err_0.0470276_size_1167_depth_27,MED__D4,D4
width128__17_add128_err_0.0470276_size_1167_depth_27__MED__D5,1297,128,C,17_add128_err_0.0470276_size_1167_depth_27,MED__D5,D5
width128__17_add128_err_0.0470276_size_1167_depth_27__timing_K16,1298,128,C,17_add128_err_0.0470276_size_1167_depth_27,timing_K16,
width128__17_add128_err_0.0470276_size_1167_depth_27__timing_K64,1299,128,C,17_add128_err_0.0470276_size_1167_depth_27,timing_K64,
width128__1_add128_err_0_size_1291_depth_27__compile_ER,1300,128,C,1_add128_err_0_size_1291_depth_27,compile_ER,
width128__1_add128_err_0_size_1291_depth_27__ER__D0,1301,128,C,1_add128_err_0_size_1291_depth_27,ER__D0,D0
width128__1_add128_err_0_size_1291_depth_27__ER__D1,1302,128,C,1_add128_err_0_size_1291_depth_27,ER__D1,D1
width128__1_add128_err_0_size_1291_depth_27__ER__D2,1303,128,C,1_add128_err_0_size_1291_depth_27,ER__D2,D2
width128__1_add128_err_0_size_1291_depth_27__ER__D3,1304,128,C,1_add128_err_0_size_1291_depth_27,ER__D3,D3
width128__1_add128_err_0_size_1291_depth_27__ER__D4,1305,128,C,1_add128_err_0_size_1291_depth_27,ER__D4,D4
width128__1_add128_err_0_size_1291_depth_27__ER__D5,1306,128,C,1_add128_err_0_size_1291_depth_27,ER__D5,D5
width128__1_add128_err_0_size_1291_depth_27__ER__R0,1307,128,C,1_add128_err_0_size_1291_depth_27,ER__R0,R0
width128__1_add128_err_0_size_1291_depth_27__ER__R1,1308,128,C,1_add128_err_0_size_1291_depth_27,ER__R1,R1
width128__1_add128_err_0_size_1291_depth_27__ER__R2,1309,128,C,1_add128_err_0_size_1291_depth_27,ER__R2,R2
width128__1_add128_err_0_size_1291_depth_27__ER__R3,1310,128,C,1_add128_err_0_size_1291_depth_27,ER__R3,R3
width128__1_add128_err_0_size_1291_depth_27__ER__R4,1311,128,C,1_add128_err_0_size_1291_depth_27,ER__R4,R4
width128__1_add128_err_0_size_1291_depth_27__ER__R5,1312,128,C,1_add128_err_0_size_1291_depth_27,ER__R5,R5
width128__1_add128_err_0_size_1291_depth_27__ER__R6,1313,128,C,1_add128_err_0_size_1291_depth_27,ER__R6,R6
width128__1_add128_err_0_size_1291_depth_27__ER__R7,1314,128,C,1_add128_err_0_size_1291_depth_27,ER__R7,R7
width128__1_add128_err_0_size_1291_depth_27__ER__R8,1315,128,C,1_add128_err_0_size_1291_depth_27,ER__R8,R8
width128__1_add128_err_0_size_1291_depth_27__ER__R9,1316,128,C,1_add128_err_0_size_1291_depth_27,ER__R9,R9
width128__1_add128_err_0_size_1291_depth_27__compile_MED,1317,128,C,1_add128_err_0_size_1291_depth_27,compile_MED,
width128__1_add128_err_0_size_1291_depth_27__MED__D0,1318,128,C,1_add128_err_0_size_1291_depth_27,MED__D0,D0
width128__1_add128_err_0_size_1291_depth_27__MED__D1,1319,128,C,1_add128_err_0_size_1291_depth_27,MED__D1,D1
width128__1_add128_err_0_size_1291_depth_27__MED__D2,1320,128,C,1_add128_err_0_size_1291_depth_27,MED__D2,D2
width128__1_add128_err_0_size_1291_depth_27__MED__D3,1321,128,C,1_add128_err_0_size_1291_depth_27,MED__D3,D3
width128__1_add128_err_0_size_1291_depth_27__MED__D4,1322,128,C,1_add128_err_0_size_1291_depth_27,MED__D4,D4
width128__1_add128_err_0_size_1291_depth_27__MED__D5,1323,128,C,1_add128_err_0_size_1291_depth_27,MED__D5,D5
width128__1_add128_err_0_size_1291_depth_27__timing_K16,1324,128,C,1_add128_err_0_size_1291_depth_27,timing_K16,
width128__1_add128_err_0_size_1291_depth_27__timing_K64,1325,128,C,1_add128_err_0_size_1291_depth_27,timing_K64,
width128__2_add128_err_0_size_1272_depth_27__compile_ER,1326,128,C,2_add128_err_0_size_1272_depth_27,compile_ER,
width128__2_add128_err_0_size_1272_depth_27__ER__D0,1327,128,C,2_add128_err_0_size_1272_depth_27,ER__D0,D0
width128__2_add128_err_0_size_1272_depth_27__ER__D1,1328,128,C,2_add128_err_0_size_1272_depth_27,ER__D1,D1
width128__2_add128_err_0_size_1272_depth_27__ER__D2,1329,128,C,2_add128_err_0_size_1272_depth_27,ER__D2,D2
width128__2_add128_err_0_size_1272_depth_27__ER__D3,1330,128,C,2_add128_err_0_size_1272_depth_27,ER__D3,D3
width128__2_add128_err_0_size_1272_depth_27__ER__D4,1331,128,C,2_add128_err_0_size_1272_depth_27,ER__D4,D4
width128__2_add128_err_0_size_1272_depth_27__ER__D5,1332,128,C,2_add128_err_0_size_1272_depth_27,ER__D5,D5
width128__2_add128_err_0_size_1272_depth_27__ER__R0,1333,128,C,2_add128_err_0_size_1272_depth_27,ER__R0,R0
width128__2_add128_err_0_size_1272_depth_27__ER__R1,1334,128,C,2_add128_err_0_size_1272_depth_27,ER__R1,R1
width128__2_add128_err_0_size_1272_depth_27__ER__R2,1335,128,C,2_add128_err_0_size_1272_depth_27,ER__R2,R2
width128__2_add128_err_0_size_1272_depth_27__ER__R3,1336,128,C,2_add128_err_0_size_1272_depth_27,ER__R3,R3
width128__2_add128_err_0_size_1272_depth_27__ER__R4,1337,128,C,2_add128_err_0_size_1272_depth_27,ER__R4,R4
width128__2_add128_err_0_size_1272_depth_27__ER__R5,1338,128,C,2_add128_err_0_size_1272_depth_27,ER__R5,R5
width128__2_add128_err_0_size_1272_depth_27__ER__R6,1339,128,C,2_add128_err_0_size_1272_depth_27,ER__R6,R6
width128__2_add128_err_0_size_1272_depth_27__ER__R7,1340,128,C,2_add128_err_0_size_1272_depth_27,ER__R7,R7
width128__2_add128_err_0_size_1272_depth_27__ER__R8,1341,128,C,2_add128_err_0_size_1272_depth_27,ER__R8,R8
width128__2_add128_err_0_size_1272_depth_27__ER__R9,1342,128,C,2_add128_err_0_size_1272_depth_27,ER__R9,R9
width128__2_add128_err_0_size_1272_depth_27__compile_MED,1343,128,C,2_add128_err_0_size_1272_depth_27,compile_MED,
width128__2_add128_err_0_size_1272_depth_27__MED__D0,1344,128,C,2_add128_err_0_size_1272_depth_27,MED__D0,D0
width128__2_add128_err_0_size_1272_depth_27__MED__D1,1345,128,C,2_add128_err_0_size_1272_depth_27,MED__D1,D1
width128__2_add128_err_0_size_1272_depth_27__MED__D2,1346,128,C,2_add128_err_0_size_1272_depth_27,MED__D2,D2
width128__2_add128_err_0_size_1272_depth_27__MED__D3,1347,128,C,2_add128_err_0_size_1272_depth_27,MED__D3,D3
width128__2_add128_err_0_size_1272_depth_27__MED__D4,1348,128,C,2_add128_err_0_size_1272_depth_27,MED__D4,D4
width128__2_add128_err_0_size_1272_depth_27__MED__D5,1349,128,C,2_add128_err_0_size_1272_depth_27,MED__D5,D5
width128__2_add128_err_0_size_1272_depth_27__timing_K16,1350,128,C,2_add128_err_0_size_1272_depth_27,timing_K16,
width128__2_add128_err_0_size_1272_depth_27__timing_K64,1351,128,C,2_add128_err_0_size_1272_depth_27,timing_K64,
width128__4_add128_err_0_size_1253_depth_27__compile_ER,1352,128,C,4_add128_err_0_size_1253_depth_27,compile_ER,
width128__4_add128_err_0_size_1253_depth_27__ER__D0,1353,128,C,4_add128_err_0_size_1253_depth_27,ER__D0,D0
width128__4_add128_err_0_size_1253_depth_27__ER__D1,1354,128,C,4_add128_err_0_size_1253_depth_27,ER__D1,D1
width128__4_add128_err_0_size_1253_depth_27__ER__D2,1355,128,C,4_add128_err_0_size_1253_depth_27,ER__D2,D2
width128__4_add128_err_0_size_1253_depth_27__ER__D3,1356,128,C,4_add128_err_0_size_1253_depth_27,ER__D3,D3
width128__4_add128_err_0_size_1253_depth_27__ER__D4,1357,128,C,4_add128_err_0_size_1253_depth_27,ER__D4,D4
width128__4_add128_err_0_size_1253_depth_27__ER__D5,1358,128,C,4_add128_err_0_size_1253_depth_27,ER__D5,D5
width128__4_add128_err_0_size_1253_depth_27__ER__R0,1359,128,C,4_add128_err_0_size_1253_depth_27,ER__R0,R0
width128__4_add128_err_0_size_1253_depth_27__ER__R1,1360,128,C,4_add128_err_0_size_1253_depth_27,ER__R1,R1
width128__4_add128_err_0_size_1253_depth_27__ER__R2,1361,128,C,4_add128_err_0_size_1253_depth_27,ER__R2,R2
width128__4_add128_err_0_size_1253_depth_27__ER__R3,1362,128,C,4_add128_err_0_size_1253_depth_27,ER__R3,R3
width128__4_add128_err_0_size_1253_depth_27__ER__R4,1363,128,C,4_add128_err_0_size_1253_depth_27,ER__R4,R4
width128__4_add128_err_0_size_1253_depth_27__ER__R5,1364,128,C,4_add128_err_0_size_1253_depth_27,ER__R5,R5
width128__4_add128_err_0_size_1253_depth_27__ER__R6,1365,128,C,4_add128_err_0_size_1253_depth_27,ER__R6,R6
width128__4_add128_err_0_size_1253_depth_27__ER__R7,1366,128,C,4_add128_err_0_size_1253_depth_27,ER__R7,R7
width128__4_add128_err_0_size_1253_depth_27__ER__R8,1367,128,C,4_add128_err_0_size_1253_depth_27,ER__R8,R8
width128__4_add128_err_0_size_1253_depth_27__ER__R9,1368,128,C,4_add128_err_0_size_1253_depth_27,ER__R9,R9
width128__4_add128_err_0_size_1253_depth_27__compile_MED,1369,128,C,4_add128_err_0_size_1253_depth_27,compile_MED,
width128__4_add128_err_0_size_1253_depth_27__MED__D0,1370,128,C,4_add128_err_0_size_1253_depth_27,MED__D0,D0
width128__4_add128_err_0_size_1253_depth_27__MED__D1,1371,128,C,4_add128_err_0_size_1253_depth_27,MED__D1,D1
width128__4_add128_err_0_size_1253_depth_27__MED__D2,1372,128,C,4_add128_err_0_size_1253_depth_27,MED__D2,D2
width128__4_add128_err_0_size_1253_depth_27__MED__D3,1373,128,C,4_add128_err_0_size_1253_depth_27,MED__D3,D3
width128__4_add128_err_0_size_1253_depth_27__MED__D4,1374,128,C,4_add128_err_0_size_1253_depth_27,MED__D4,D4
width128__4_add128_err_0_size_1253_depth_27__MED__D5,1375,128,C,4_add128_err_0_size_1253_depth_27,MED__D5,D5
width128__4_add128_err_0_size_1253_depth_27__timing_K16,1376,128,C,4_add128_err_0_size_1253_depth_27,timing_K16,
width128__4_add128_err_0_size_1253_depth_27__timing_K64,1377,128,C,4_add128_err_0_size_1253_depth_27,timing_K64,
width128__6_add128_err_0.00038147_size_1248_depth_27__compile_ER,1378,128,C,6_add128_err_0.00038147_size_1248_depth_27,compile_ER,
width128__6_add128_err_0.00038147_size_1248_depth_27__ER__D0,1379,128,C,6_add128_err_0.00038147_size_1248_depth_27,ER__D0,D0
width128__6_add128_err_0.00038147_size_1248_depth_27__ER__D1,1380,128,C,6_add128_err_0.00038147_size_1248_depth_27,ER__D1,D1
width128__6_add128_err_0.00038147_size_1248_depth_27__ER__D2,1381,128,C,6_add128_err_0.00038147_size_1248_depth_27,ER__D2,D2
width128__6_add128_err_0.00038147_size_1248_depth_27__ER__D3,1382,128,C,6_add128_err_0.00038147_size_1248_depth_27,ER__D3,D3
width128__6_add128_err_0.00038147_size_1248_depth_27__ER__D4,1383,128,C,6_add128_err_0.00038147_size_1248_depth_27,ER__D4,D4
width128__6_add128_err_0.00038147_size_1248_depth_27__ER__D5,1384,128,C,6_add128_err_0.00038147_size_1248_depth_27,ER__D5,D5
width128__6_add128_err_0.00038147_size_1248_depth_27__ER__R0,1385,128,C,6_add128_err_0.00038147_size_1248_depth_27,ER__R0,R0
width128__6_add128_err_0.00038147_size_1248_depth_27__ER__R1,1386,128,C,6_add128_err_0.00038147_size_1248_depth_27,ER__R1,R1
width128__6_add128_err_0.00038147_size_1248_depth_27__ER__R2,1387,128,C,6_add128_err_0.00038147_size_1248_depth_27,ER__R2,R2
width128__6_add128_err_0.00038147_size_1248_depth_27__ER__R3,1388,128,C,6_add128_err_0.00038147_size_1248_depth_27,ER__R3,R3
width128__6_add128_err_0.00038147_size_1248_depth_27__ER__R4,1389,128,C,6_add128_err_0.00038147_size_1248_depth_27,ER__R4,R4
width128__6_add128_err_0.00038147_size_1248_depth_27__ER__R5,1390,128,C,6_add128_err_0.00038147_size_1248_depth_27,ER__R5,R5
width128__6_add128_err_0.00038147_size_1248_depth_27__ER__R6,1391,128,C,6_add128_err_0.00038147_size_1248_depth_27,ER__R6,R6
width128__6_add128_err_0.00038147_size_1248_depth_27__ER__R7,1392,128,C,6_add128_err_0.00038147_size_1248_depth_27,ER__R7,R7
width128__6_add128_err_0.00038147_size_1248_depth_27__ER__R8,1393,128,C,6_add128_err_0.00038147_size_1248_depth_27,ER__R8,R8
width128__6_add128_err_0.00038147_size_1248_depth_27__ER__R9,1394,128,C,6_add128_err_0.00038147_size_1248_depth_27,ER__R9,R9
width128__6_add128_err_0.00038147_size_1248_depth_27__compile_MED,1395,128,C,6_add128_err_0.00038147_size_1248_depth_27,compile_MED,
width128__6_add128_err_0.00038147_size_1248_depth_27__MED__D0,1396,128,C,6_add128_err_0.00038147_size_1248_depth_27,MED__D0,D0
width128__6_add128_err_0.00038147_size_1248_depth_27__MED__D1,1397,128,C,6_add128_err_0.00038147_size_1248_depth_27,MED__D1,D1
width128__6_add128_err_0.00038147_size_1248_depth_27__MED__D2,1398,128,C,6_add128_err_0.00038147_size_1248_depth_27,MED__D2,D2
width128__6_add128_err_0.00038147_size_1248_depth_27__MED__D3,1399,128,C,6_add128_err_0.00038147_size_1248_depth_27,MED__D3,D3
width128__6_add128_err_0.00038147_size_1248_depth_27__MED__D4,1400,128,C,6_add128_err_0.00038147_size_1248_depth_27,MED__D4,D4
width128__6_add128_err_0.00038147_size_1248_depth_27__MED__D5,1401,128,C,6_add128_err_0.00038147_size_1248_depth_27,MED__D5,D5
width128__6_add128_err_0.00038147_size_1248_depth_27__timing_K16,1402,128,C,6_add128_err_0.00038147_size_1248_depth_27,timing_K16,
width128__6_add128_err_0.00038147_size_1248_depth_27__timing_K64,1403,128,C,6_add128_err_0.00038147_size_1248_depth_27,timing_K64,
width128__8_add128_err_0.00361633_size_1230_depth_27__compile_ER,1404,128,C,8_add128_err_0.00361633_size_1230_depth_27,compile_ER,
width128__8_add128_err_0.00361633_size_1230_depth_27__ER__D0,1405,128,C,8_add128_err_0.00361633_size_1230_depth_27,ER__D0,D0
width128__8_add128_err_0.00361633_size_1230_depth_27__ER__D1,1406,128,C,8_add128_err_0.00361633_size_1230_depth_27,ER__D1,D1
width128__8_add128_err_0.00361633_size_1230_depth_27__ER__D2,1407,128,C,8_add128_err_0.00361633_size_1230_depth_27,ER__D2,D2
width128__8_add128_err_0.00361633_size_1230_depth_27__ER__D3,1408,128,C,8_add128_err_0.00361633_size_1230_depth_27,ER__D3,D3
width128__8_add128_err_0.00361633_size_1230_depth_27__ER__D4,1409,128,C,8_add128_err_0.00361633_size_1230_depth_27,ER__D4,D4
width128__8_add128_err_0.00361633_size_1230_depth_27__ER__D5,1410,128,C,8_add128_err_0.00361633_size_1230_depth_27,ER__D5,D5
width128__8_add128_err_0.00361633_size_1230_depth_27__ER__R0,1411,128,C,8_add128_err_0.00361633_size_1230_depth_27,ER__R0,R0
width128__8_add128_err_0.00361633_size_1230_depth_27__ER__R1,1412,128,C,8_add128_err_0.00361633_size_1230_depth_27,ER__R1,R1
width128__8_add128_err_0.00361633_size_1230_depth_27__ER__R2,1413,128,C,8_add128_err_0.00361633_size_1230_depth_27,ER__R2,R2
width128__8_add128_err_0.00361633_size_1230_depth_27__ER__R3,1414,128,C,8_add128_err_0.00361633_size_1230_depth_27,ER__R3,R3
width128__8_add128_err_0.00361633_size_1230_depth_27__ER__R4,1415,128,C,8_add128_err_0.00361633_size_1230_depth_27,ER__R4,R4
width128__8_add128_err_0.00361633_size_1230_depth_27__ER__R5,1416,128,C,8_add128_err_0.00361633_size_1230_depth_27,ER__R5,R5
width128__8_add128_err_0.00361633_size_1230_depth_27__ER__R6,1417,128,C,8_add128_err_0.00361633_size_1230_depth_27,ER__R6,R6
width128__8_add128_err_0.00361633_size_1230_depth_27__ER__R7,1418,128,C,8_add128_err_0.00361633_size_1230_depth_27,ER__R7,R7
width128__8_add128_err_0.00361633_size_1230_depth_27__ER__R8,1419,128,C,8_add128_err_0.00361633_size_1230_depth_27,ER__R8,R8
width128__8_add128_err_0.00361633_size_1230_depth_27__ER__R9,1420,128,C,8_add128_err_0.00361633_size_1230_depth_27,ER__R9,R9
width128__8_add128_err_0.00361633_size_1230_depth_27__compile_MED,1421,128,C,8_add128_err_0.00361633_size_1230_depth_27,compile_MED,
width128__8_add128_err_0.00361633_size_1230_depth_27__MED__D0,1422,128,C,8_add128_err_0.00361633_size_1230_depth_27,MED__D0,D0
width128__8_add128_err_0.00361633_size_1230_depth_27__MED__D1,1423,128,C,8_add128_err_0.00361633_size_1230_depth_27,MED__D1,D1
width128__8_add128_err_0.00361633_size_1230_depth_27__MED__D2,1424,128,C,8_add128_err_0.00361633_size_1230_depth_27,MED__D2,D2
width128__8_add128_err_0.00361633_size_1230_depth_27__MED__D3,1425,128,C,8_add128_err_0.00361633_size_1230_depth_27,MED__D3,D3
width128__8_add128_err_0.00361633_size_1230_depth_27__MED__D4,1426,128,C,8_add128_err_0.00361633_size_1230_depth_27,MED__D4,D4
width128__8_add128_err_0.00361633_size_1230_depth_27__MED__D5,1427,128,C,8_add128_err_0.00361633_size_1230_depth_27,MED__D5,D5
width128__8_add128_err_0.00361633_size_1230_depth_27__timing_K16,1428,128,C,8_add128_err_0.00361633_size_1230_depth_27,timing_K16,
width128__8_add128_err_0.00361633_size_1230_depth_27__timing_K64,1429,128,C,8_add128_err_0.00361633_size_1230_depth_27,timing_K64,
width192__10_add192_err_0.000213623_size_1884_depth_28__compile_ER,1430,192,D,10_add192_err_0.000213623_size_1884_depth_28,compile_ER,
width192__10_add192_err_0.000213623_size_1884_depth_28__ER__D0,1431,192,D,10_add192_err_0.000213623_size_1884_depth_28,ER__D0,D0
width192__10_add192_err_0.000213623_size_1884_depth_28__ER__D1,1432,192,D,10_add192_err_0.000213623_size_1884_depth_28,ER__D1,D1
width192__10_add192_err_0.000213623_size_1884_depth_28__ER__D2,1433,192,D,10_add192_err_0.000213623_size_1884_depth_28,ER__D2,D2
width192__10_add192_err_0.000213623_size_1884_depth_28__ER__D3,1434,192,D,10_add192_err_0.000213623_size_1884_depth_28,ER__D3,D3
width192__10_add192_err_0.000213623_size_1884_depth_28__ER__D4,1435,192,D,10_add192_err_0.000213623_size_1884_depth_28,ER__D4,D4
width192__10_add192_err_0.000213623_size_1884_depth_28__ER__D5,1436,192,D,10_add192_err_0.000213623_size_1884_depth_28,ER__D5,D5
width192__10_add192_err_0.000213623_size_1884_depth_28__ER__R0,1437,192,D,10_add192_err_0.000213623_size_1884_depth_28,ER__R0,R0
width192__10_add192_err_0.000213623_size_1884_depth_28__ER__R1,1438,192,D,10_add192_err_0.000213623_size_1884_depth_28,ER__R1,R1
width192__10_add192_err_0.000213623_size_1884_depth_28__ER__R2,1439,192,D,10_add192_err_0.000213623_size_1884_depth_28,ER__R2,R2
width192__10_add192_err_0.000213623_size_1884_depth_28__ER__R3,1440,192,D,10_add192_err_0.000213623_size_1884_depth_28,ER__R3,R3
width192__10_add192_err_0.000213623_size_1884_depth_28__ER__R4,1441,192,D,10_add192_err_0.000213623_size_1884_depth_28,ER__R4,R4
width192__10_add192_err_0.000213623_size_1884_depth_28__ER__R5,1442,192,D,10_add192_err_0.000213623_size_1884_depth_28,ER__R5,R5
width192__10_add192_err_0.000213623_size_1884_depth_28__ER__R6,1443,192,D,10_add192_err_0.000213623_size_1884_depth_28,ER__R6,R6
width192__10_add192_err_0.000213623_size_1884_depth_28__ER__R7,1444,192,D,10_add192_err_0.000213623_size_1884_depth_28,ER__R7,R7
width192__10_add192_err_0.000213623_size_1884_depth_28__ER__R8,1445,192,D,10_add192_err_0.000213623_size_1884_depth_28,ER__R8,R8
width192__10_add192_err_0.000213623_size_1884_depth_28__ER__R9,1446,192,D,10_add192_err_0.000213623_size_1884_depth_28,ER__R9,R9
width192__10_add192_err_0.000213623_size_1884_depth_28__compile_MED,1447,192,D,10_add192_err_0.000213623_size_1884_depth_28,compile_MED,
width192__10_add192_err_0.000213623_size_1884_depth_28__MED__D0,1448,192,D,10_add192_err_0.000213623_size_1884_depth_28,MED__D0,D0
width192__10_add192_err_0.000213623_size_1884_depth_28__MED__D1,1449,192,D,10_add192_err_0.000213623_size_1884_depth_28,MED__D1,D1
width192__10_add192_err_0.000213623_size_1884_depth_28__MED__D2,1450,192,D,10_add192_err_0.000213623_size_1884_depth_28,MED__D2,D2
width192__10_add192_err_0.000213623_size_1884_depth_28__MED__D3,1451,192,D,10_add192_err_0.000213623_size_1884_depth_28,MED__D3,D3
width192__10_add192_err_0.000213623_size_1884_depth_28__MED__D4,1452,192,D,10_add192_err_0.000213623_size_1884_depth_28,MED__D4,D4
width192__10_add192_err_0.000213623_size_1884_depth_28__MED__D5,1453,192,D,10_add192_err_0.000213623_size_1884_depth_28,MED__D5,D5
width192__10_add192_err_0.000213623_size_1884_depth_28__timing_K16,1454,192,D,10_add192_err_0.000213623_size_1884_depth_28,timing_K16,
width192__10_add192_err_0.000213623_size_1884_depth_28__timing_K64,1455,192,D,10_add192_err_0.000213623_size_1884_depth_28,timing_K64,
width192__13_add192_err_0.00364685_size_1864_depth_28__compile_ER,1456,192,D,13_add192_err_0.00364685_size_1864_depth_28,compile_ER,
width192__13_add192_err_0.00364685_size_1864_depth_28__ER__D0,1457,192,D,13_add192_err_0.00364685_size_1864_depth_28,ER__D0,D0
width192__13_add192_err_0.00364685_size_1864_depth_28__ER__D1,1458,192,D,13_add192_err_0.00364685_size_1864_depth_28,ER__D1,D1
width192__13_add192_err_0.00364685_size_1864_depth_28__ER__D2,1459,192,D,13_add192_err_0.00364685_size_1864_depth_28,ER__D2,D2
width192__13_add192_err_0.00364685_size_1864_depth_28__ER__D3,1460,192,D,13_add192_err_0.00364685_size_1864_depth_28,ER__D3,D3
width192__13_add192_err_0.00364685_size_1864_depth_28__ER__D4,1461,192,D,13_add192_err_0.00364685_size_1864_depth_28,ER__D4,D4
width192__13_add192_err_0.00364685_size_1864_depth_28__ER__D5,1462,192,D,13_add192_err_0.00364685_size_1864_depth_28,ER__D5,D5
width192__13_add192_err_0.00364685_size_1864_depth_28__ER__R0,1463,192,D,13_add192_err_0.00364685_size_1864_depth_28,ER__R0,R0
width192__13_add192_err_0.00364685_size_1864_depth_28__ER__R1,1464,192,D,13_add192_err_0.00364685_size_1864_depth_28,ER__R1,R1
width192__13_add192_err_0.00364685_size_1864_depth_28__ER__R2,1465,192,D,13_add192_err_0.00364685_size_1864_depth_28,ER__R2,R2
width192__13_add192_err_0.00364685_size_1864_depth_28__ER__R3,1466,192,D,13_add192_err_0.00364685_size_1864_depth_28,ER__R3,R3
width192__13_add192_err_0.00364685_size_1864_depth_28__ER__R4,1467,192,D,13_add192_err_0.00364685_size_1864_depth_28,ER__R4,R4
width192__13_add192_err_0.00364685_size_1864_depth_28__ER__R5,1468,192,D,13_add192_err_0.00364685_size_1864_depth_28,ER__R5,R5
width192__13_add192_err_0.00364685_size_1864_depth_28__ER__R6,1469,192,D,13_add192_err_0.00364685_size_1864_depth_28,ER__R6,R6
width192__13_add192_err_0.00364685_size_1864_depth_28__ER__R7,1470,192,D,13_add192_err_0.00364685_size_1864_depth_28,ER__R7,R7
width192__13_add192_err_0.00364685_size_1864_depth_28__ER__R8,1471,192,D,13_add192_err_0.00364685_size_1864_depth_28,ER__R8,R8
width192__13_add192_err_0.00364685_size_1864_depth_28__ER__R9,1472,192,D,13_add192_err_0.00364685_size_1864_depth_28,ER__R9,R9
width192__13_add192_err_0.00364685_size_1864_depth_28__compile_MED,1473,192,D,13_add192_err_0.00364685_size_1864_depth_28,compile_MED,
width192__13_add192_err_0.00364685_size_1864_depth_28__MED__D0,1474,192,D,13_add192_err_0.00364685_size_1864_depth_28,MED__D0,D0
width192__13_add192_err_0.00364685_size_1864_depth_28__MED__D1,1475,192,D,13_add192_err_0.00364685_size_1864_depth_28,MED__D1,D1
width192__13_add192_err_0.00364685_size_1864_depth_28__MED__D2,1476,192,D,13_add192_err_0.00364685_size_1864_depth_28,MED__D2,D2
width192__13_add192_err_0.00364685_size_1864_depth_28__MED__D3,1477,192,D,13_add192_err_0.00364685_size_1864_depth_28,MED__D3,D3
width192__13_add192_err_0.00364685_size_1864_depth_28__MED__D4,1478,192,D,13_add192_err_0.00364685_size_1864_depth_28,MED__D4,D4
width192__13_add192_err_0.00364685_size_1864_depth_28__MED__D5,1479,192,D,13_add192_err_0.00364685_size_1864_depth_28,MED__D5,D5
width192__13_add192_err_0.00364685_size_1864_depth_28__timing_K16,1480,192,D,13_add192_err_0.00364685_size_1864_depth_28,timing_K16,
width192__13_add192_err_0.00364685_size_1864_depth_28__timing_K64,1481,192,D,13_add192_err_0.00364685_size_1864_depth_28,timing_K64,
width192__16_add192_err_0.00900269_size_1841_depth_28__compile_ER,1482,192,D,16_add192_err_0.00900269_size_1841_depth_28,compile_ER,
width192__16_add192_err_0.00900269_size_1841_depth_28__ER__D0,1483,192,D,16_add192_err_0.00900269_size_1841_depth_28,ER__D0,D0
width192__16_add192_err_0.00900269_size_1841_depth_28__ER__D1,1484,192,D,16_add192_err_0.00900269_size_1841_depth_28,ER__D1,D1
width192__16_add192_err_0.00900269_size_1841_depth_28__ER__D2,1485,192,D,16_add192_err_0.00900269_size_1841_depth_28,ER__D2,D2
width192__16_add192_err_0.00900269_size_1841_depth_28__ER__D3,1486,192,D,16_add192_err_0.00900269_size_1841_depth_28,ER__D3,D3
width192__16_add192_err_0.00900269_size_1841_depth_28__ER__D4,1487,192,D,16_add192_err_0.00900269_size_1841_depth_28,ER__D4,D4
width192__16_add192_err_0.00900269_size_1841_depth_28__ER__D5,1488,192,D,16_add192_err_0.00900269_size_1841_depth_28,ER__D5,D5
width192__16_add192_err_0.00900269_size_1841_depth_28__ER__R0,1489,192,D,16_add192_err_0.00900269_size_1841_depth_28,ER__R0,R0
width192__16_add192_err_0.00900269_size_1841_depth_28__ER__R1,1490,192,D,16_add192_err_0.00900269_size_1841_depth_28,ER__R1,R1
width192__16_add192_err_0.00900269_size_1841_depth_28__ER__R2,1491,192,D,16_add192_err_0.00900269_size_1841_depth_28,ER__R2,R2
width192__16_add192_err_0.00900269_size_1841_depth_28__ER__R3,1492,192,D,16_add192_err_0.00900269_size_1841_depth_28,ER__R3,R3
width192__16_add192_err_0.00900269_size_1841_depth_28__ER__R4,1493,192,D,16_add192_err_0.00900269_size_1841_depth_28,ER__R4,R4
width192__16_add192_err_0.00900269_size_1841_depth_28__ER__R5,1494,192,D,16_add192_err_0.00900269_size_1841_depth_28,ER__R5,R5
width192__16_add192_err_0.00900269_size_1841_depth_28__ER__R6,1495,192,D,16_add192_err_0.00900269_size_1841_depth_28,ER__R6,R6
width192__16_add192_err_0.00900269_size_1841_depth_28__ER__R7,1496,192,D,16_add192_err_0.00900269_size_1841_depth_28,ER__R7,R7
width192__16_add192_err_0.00900269_size_1841_depth_28__ER__R8,1497,192,D,16_add192_err_0.00900269_size_1841_depth_28,ER__R8,R8
width192__16_add192_err_0.00900269_size_1841_depth_28__ER__R9,1498,192,D,16_add192_err_0.00900269_size_1841_depth_28,ER__R9,R9
width192__16_add192_err_0.00900269_size_1841_depth_28__compile_MED,1499,192,D,16_add192_err_0.00900269_size_1841_depth_28,compile_MED,
width192__16_add192_err_0.00900269_size_1841_depth_28__MED__D0,1500,192,D,16_add192_err_0.00900269_size_1841_depth_28,MED__D0,D0
width192__16_add192_err_0.00900269_size_1841_depth_28__MED__D1,1501,192,D,16_add192_err_0.00900269_size_1841_depth_28,MED__D1,D1
width192__16_add192_err_0.00900269_size_1841_depth_28__MED__D2,1502,192,D,16_add192_err_0.00900269_size_1841_depth_28,MED__D2,D2
width192__16_add192_err_0.00900269_size_1841_depth_28__MED__D3,1503,192,D,16_add192_err_0.00900269_size_1841_depth_28,MED__D3,D3
width192__16_add192_err_0.00900269_size_1841_depth_28__MED__D4,1504,192,D,16_add192_err_0.00900269_size_1841_depth_28,MED__D4,D4
width192__16_add192_err_0.00900269_size_1841_depth_28__MED__D5,1505,192,D,16_add192_err_0.00900269_size_1841_depth_28,MED__D5,D5
width192__16_add192_err_0.00900269_size_1841_depth_28__timing_K16,1506,192,D,16_add192_err_0.00900269_size_1841_depth_28,timing_K16,
width192__16_add192_err_0.00900269_size_1841_depth_28__timing_K64,1507,192,D,16_add192_err_0.00900269_size_1841_depth_28,timing_K64,
width192__19_add192_err_0.0145569_size_1814_depth_28__compile_ER,1508,192,D,19_add192_err_0.0145569_size_1814_depth_28,compile_ER,
width192__19_add192_err_0.0145569_size_1814_depth_28__ER__D0,1509,192,D,19_add192_err_0.0145569_size_1814_depth_28,ER__D0,D0
width192__19_add192_err_0.0145569_size_1814_depth_28__ER__D1,1510,192,D,19_add192_err_0.0145569_size_1814_depth_28,ER__D1,D1
width192__19_add192_err_0.0145569_size_1814_depth_28__ER__D2,1511,192,D,19_add192_err_0.0145569_size_1814_depth_28,ER__D2,D2
width192__19_add192_err_0.0145569_size_1814_depth_28__ER__D3,1512,192,D,19_add192_err_0.0145569_size_1814_depth_28,ER__D3,D3
width192__19_add192_err_0.0145569_size_1814_depth_28__ER__D4,1513,192,D,19_add192_err_0.0145569_size_1814_depth_28,ER__D4,D4
width192__19_add192_err_0.0145569_size_1814_depth_28__ER__D5,1514,192,D,19_add192_err_0.0145569_size_1814_depth_28,ER__D5,D5
width192__19_add192_err_0.0145569_size_1814_depth_28__ER__R0,1515,192,D,19_add192_err_0.0145569_size_1814_depth_28,ER__R0,R0
width192__19_add192_err_0.0145569_size_1814_depth_28__ER__R1,1516,192,D,19_add192_err_0.0145569_size_1814_depth_28,ER__R1,R1
width192__19_add192_err_0.0145569_size_1814_depth_28__ER__R2,1517,192,D,19_add192_err_0.0145569_size_1814_depth_28,ER__R2,R2
width192__19_add192_err_0.0145569_size_1814_depth_28__ER__R3,1518,192,D,19_add192_err_0.0145569_size_1814_depth_28,ER__R3,R3
width192__19_add192_err_0.0145569_size_1814_depth_28__ER__R4,1519,192,D,19_add192_err_0.0145569_size_1814_depth_28,ER__R4,R4
width192__19_add192_err_0.0145569_size_1814_depth_28__ER__R5,1520,192,D,19_add192_err_0.0145569_size_1814_depth_28,ER__R5,R5
width192__19_add192_err_0.0145569_size_1814_depth_28__ER__R6,1521,192,D,19_add192_err_0.0145569_size_1814_depth_28,ER__R6,R6
width192__19_add192_err_0.0145569_size_1814_depth_28__ER__R7,1522,192,D,19_add192_err_0.0145569_size_1814_depth_28,ER__R7,R7
width192__19_add192_err_0.0145569_size_1814_depth_28__ER__R8,1523,192,D,19_add192_err_0.0145569_size_1814_depth_28,ER__R8,R8
width192__19_add192_err_0.0145569_size_1814_depth_28__ER__R9,1524,192,D,19_add192_err_0.0145569_size_1814_depth_28,ER__R9,R9
width192__19_add192_err_0.0145569_size_1814_depth_28__compile_MED,1525,192,D,19_add192_err_0.0145569_size_1814_depth_28,compile_MED,
width192__19_add192_err_0.0145569_size_1814_depth_28__MED__D0,1526,192,D,19_add192_err_0.0145569_size_1814_depth_28,MED__D0,D0
width192__19_add192_err_0.0145569_size_1814_depth_28__MED__D1,1527,192,D,19_add192_err_0.0145569_size_1814_depth_28,MED__D1,D1
width192__19_add192_err_0.0145569_size_1814_depth_28__MED__D2,1528,192,D,19_add192_err_0.0145569_size_1814_depth_28,MED__D2,D2
width192__19_add192_err_0.0145569_size_1814_depth_28__MED__D3,1529,192,D,19_add192_err_0.0145569_size_1814_depth_28,MED__D3,D3
width192__19_add192_err_0.0145569_size_1814_depth_28__MED__D4,1530,192,D,19_add192_err_0.0145569_size_1814_depth_28,MED__D4,D4
width192__19_add192_err_0.0145569_size_1814_depth_28__MED__D5,1531,192,D,19_add192_err_0.0145569_size_1814_depth_28,MED__D5,D5
width192__19_add192_err_0.0145569_size_1814_depth_28__timing_K16,1532,192,D,19_add192_err_0.0145569_size_1814_depth_28,timing_K16,
width192__19_add192_err_0.0145569_size_1814_depth_28__timing_K64,1533,192,D,19_add192_err_0.0145569_size_1814_depth_28,timing_K64,
width192__21_add192_err_0.0184631_size_1799_depth_28__compile_ER,1534,192,D,21_add192_err_0.0184631_size_1799_depth_28,compile_ER,
width192__21_add192_err_0.0184631_size_1799_depth_28__ER__D0,1535,192,D,21_add192_err_0.0184631_size_1799_depth_28,ER__D0,D0
width192__21_add192_err_0.0184631_size_1799_depth_28__ER__D1,1536,192,D,21_add192_err_0.0184631_size_1799_depth_28,ER__D1,D1
width192__21_add192_err_0.0184631_size_1799_depth_28__ER__D2,1537,192,D,21_add192_err_0.0184631_size_1799_depth_28,ER__D2,D2
width192__21_add192_err_0.0184631_size_1799_depth_28__ER__D3,1538,192,D,21_add192_err_0.0184631_size_1799_depth_28,ER__D3,D3
width192__21_add192_err_0.0184631_size_1799_depth_28__ER__D4,1539,192,D,21_add192_err_0.0184631_size_1799_depth_28,ER__D4,D4
width192__21_add192_err_0.0184631_size_1799_depth_28__ER__D5,1540,192,D,21_add192_err_0.0184631_size_1799_depth_28,ER__D5,D5
width192__21_add192_err_0.0184631_size_1799_depth_28__ER__R0,1541,192,D,21_add192_err_0.0184631_size_1799_depth_28,ER__R0,R0
width192__21_add192_err_0.0184631_size_1799_depth_28__ER__R1,1542,192,D,21_add192_err_0.0184631_size_1799_depth_28,ER__R1,R1
width192__21_add192_err_0.0184631_size_1799_depth_28__ER__R2,1543,192,D,21_add192_err_0.0184631_size_1799_depth_28,ER__R2,R2
width192__21_add192_err_0.0184631_size_1799_depth_28__ER__R3,1544,192,D,21_add192_err_0.0184631_size_1799_depth_28,ER__R3,R3
width192__21_add192_err_0.0184631_size_1799_depth_28__ER__R4,1545,192,D,21_add192_err_0.0184631_size_1799_depth_28,ER__R4,R4
width192__21_add192_err_0.0184631_size_1799_depth_28__ER__R5,1546,192,D,21_add192_err_0.0184631_size_1799_depth_28,ER__R5,R5
width192__21_add192_err_0.0184631_size_1799_depth_28__ER__R6,1547,192,D,21_add192_err_0.0184631_size_1799_depth_28,ER__R6,R6
width192__21_add192_err_0.0184631_size_1799_depth_28__ER__R7,1548,192,D,21_add192_err_0.0184631_size_1799_depth_28,ER__R7,R7
width192__21_add192_err_0.0184631_size_1799_depth_28__ER__R8,1549,192,D,21_add192_err_0.0184631_size_1799_depth_28,ER__R8,R8
width192__21_add192_err_0.0184631_size_1799_depth_28__ER__R9,1550,192,D,21_add192_err_0.0184631_size_1799_depth_28,ER__R9,R9
width192__21_add192_err_0.0184631_size_1799_depth_28__compile_MED,1551,192,D,21_add192_err_0.0184631_size_1799_depth_28,compile_MED,
width192__21_add192_err_0.0184631_size_1799_depth_28__MED__D0,1552,192,D,21_add192_err_0.0184631_size_1799_depth_28,MED__D0,D0
width192__21_add192_err_0.0184631_size_1799_depth_28__MED__D1,1553,192,D,21_add192_err_0.0184631_size_1799_depth_28,MED__D1,D1
width192__21_add192_err_0.0184631_size_1799_depth_28__MED__D2,1554,192,D,21_add192_err_0.0184631_size_1799_depth_28,MED__D2,D2
width192__21_add192_err_0.0184631_size_1799_depth_28__MED__D3,1555,192,D,21_add192_err_0.0184631_size_1799_depth_28,MED__D3,D3
width192__21_add192_err_0.0184631_size_1799_depth_28__MED__D4,1556,192,D,21_add192_err_0.0184631_size_1799_depth_28,MED__D4,D4
width192__21_add192_err_0.0184631_size_1799_depth_28__MED__D5,1557,192,D,21_add192_err_0.0184631_size_1799_depth_28,MED__D5,D5
width192__21_add192_err_0.0184631_size_1799_depth_28__timing_K16,1558,192,D,21_add192_err_0.0184631_size_1799_depth_28,timing_K16,
width192__21_add192_err_0.0184631_size_1799_depth_28__timing_K64,1559,192,D,21_add192_err_0.0184631_size_1799_depth_28,timing_K64,
width192__25_add192_err_0.0267792_size_1775_depth_28__compile_ER,1560,192,D,25_add192_err_0.0267792_size_1775_depth_28,compile_ER,
width192__25_add192_err_0.0267792_size_1775_depth_28__ER__D0,1561,192,D,25_add192_err_0.0267792_size_1775_depth_28,ER__D0,D0
width192__25_add192_err_0.0267792_size_1775_depth_28__ER__D1,1562,192,D,25_add192_err_0.0267792_size_1775_depth_28,ER__D1,D1
width192__25_add192_err_0.0267792_size_1775_depth_28__ER__D2,1563,192,D,25_add192_err_0.0267792_size_1775_depth_28,ER__D2,D2
width192__25_add192_err_0.0267792_size_1775_depth_28__ER__D3,1564,192,D,25_add192_err_0.0267792_size_1775_depth_28,ER__D3,D3
width192__25_add192_err_0.0267792_size_1775_depth_28__ER__D4,1565,192,D,25_add192_err_0.0267792_size_1775_depth_28,ER__D4,D4
width192__25_add192_err_0.0267792_size_1775_depth_28__ER__D5,1566,192,D,25_add192_err_0.0267792_size_1775_depth_28,ER__D5,D5
width192__25_add192_err_0.0267792_size_1775_depth_28__ER__R0,1567,192,D,25_add192_err_0.0267792_size_1775_depth_28,ER__R0,R0
width192__25_add192_err_0.0267792_size_1775_depth_28__ER__R1,1568,192,D,25_add192_err_0.0267792_size_1775_depth_28,ER__R1,R1
width192__25_add192_err_0.0267792_size_1775_depth_28__ER__R2,1569,192,D,25_add192_err_0.0267792_size_1775_depth_28,ER__R2,R2
width192__25_add192_err_0.0267792_size_1775_depth_28__ER__R3,1570,192,D,25_add192_err_0.0267792_size_1775_depth_28,ER__R3,R3
width192__25_add192_err_0.0267792_size_1775_depth_28__ER__R4,1571,192,D,25_add192_err_0.0267792_size_1775_depth_28,ER__R4,R4
width192__25_add192_err_0.0267792_size_1775_depth_28__ER__R5,1572,192,D,25_add192_err_0.0267792_size_1775_depth_28,ER__R5,R5
width192__25_add192_err_0.0267792_size_1775_depth_28__ER__R6,1573,192,D,25_add192_err_0.0267792_size_1775_depth_28,ER__R6,R6
width192__25_add192_err_0.0267792_size_1775_depth_28__ER__R7,1574,192,D,25_add192_err_0.0267792_size_1775_depth_28,ER__R7,R7
width192__25_add192_err_0.0267792_size_1775_depth_28__ER__R8,1575,192,D,25_add192_err_0.0267792_size_1775_depth_28,ER__R8,R8
width192__25_add192_err_0.0267792_size_1775_depth_28__ER__R9,1576,192,D,25_add192_err_0.0267792_size_1775_depth_28,ER__R9,R9
width192__25_add192_err_0.0267792_size_1775_depth_28__compile_MED,1577,192,D,25_add192_err_0.0267792_size_1775_depth_28,compile_MED,
width192__25_add192_err_0.0267792_size_1775_depth_28__MED__D0,1578,192,D,25_add192_err_0.0267792_size_1775_depth_28,MED__D0,D0
width192__25_add192_err_0.0267792_size_1775_depth_28__MED__D1,1579,192,D,25_add192_err_0.0267792_size_1775_depth_28,MED__D1,D1
width192__25_add192_err_0.0267792_size_1775_depth_28__MED__D2,1580,192,D,25_add192_err_0.0267792_size_1775_depth_28,MED__D2,D2
width192__25_add192_err_0.0267792_size_1775_depth_28__MED__D3,1581,192,D,25_add192_err_0.0267792_size_1775_depth_28,MED__D3,D3
width192__25_add192_err_0.0267792_size_1775_depth_28__MED__D4,1582,192,D,25_add192_err_0.0267792_size_1775_depth_28,MED__D4,D4
width192__25_add192_err_0.0267792_size_1775_depth_28__MED__D5,1583,192,D,25_add192_err_0.0267792_size_1775_depth_28,MED__D5,D5
width192__25_add192_err_0.0267792_size_1775_depth_28__timing_K16,1584,192,D,25_add192_err_0.0267792_size_1775_depth_28,timing_K16,
width192__25_add192_err_0.0267792_size_1775_depth_28__timing_K64,1585,192,D,25_add192_err_0.0267792_size_1775_depth_28,timing_K64,
width192__28_add192_err_0.0333099_size_1758_depth_28__compile_ER,1586,192,D,28_add192_err_0.0333099_size_1758_depth_28,compile_ER,
width192__28_add192_err_0.0333099_size_1758_depth_28__ER__D0,1587,192,D,28_add192_err_0.0333099_size_1758_depth_28,ER__D0,D0
width192__28_add192_err_0.0333099_size_1758_depth_28__ER__D1,1588,192,D,28_add192_err_0.0333099_size_1758_depth_28,ER__D1,D1
width192__28_add192_err_0.0333099_size_1758_depth_28__ER__D2,1589,192,D,28_add192_err_0.0333099_size_1758_depth_28,ER__D2,D2
width192__28_add192_err_0.0333099_size_1758_depth_28__ER__D3,1590,192,D,28_add192_err_0.0333099_size_1758_depth_28,ER__D3,D3
width192__28_add192_err_0.0333099_size_1758_depth_28__ER__D4,1591,192,D,28_add192_err_0.0333099_size_1758_depth_28,ER__D4,D4
width192__28_add192_err_0.0333099_size_1758_depth_28__ER__D5,1592,192,D,28_add192_err_0.0333099_size_1758_depth_28,ER__D5,D5
width192__28_add192_err_0.0333099_size_1758_depth_28__ER__R0,1593,192,D,28_add192_err_0.0333099_size_1758_depth_28,ER__R0,R0
width192__28_add192_err_0.0333099_size_1758_depth_28__ER__R1,1594,192,D,28_add192_err_0.0333099_size_1758_depth_28,ER__R1,R1
width192__28_add192_err_0.0333099_size_1758_depth_28__ER__R2,1595,192,D,28_add192_err_0.0333099_size_1758_depth_28,ER__R2,R2
width192__28_add192_err_0.0333099_size_1758_depth_28__ER__R3,1596,192,D,28_add192_err_0.0333099_size_1758_depth_28,ER__R3,R3
width192__28_add192_err_0.0333099_size_1758_depth_28__ER__R4,1597,192,D,28_add192_err_0.0333099_size_1758_depth_28,ER__R4,R4
width192__28_add192_err_0.0333099_size_1758_depth_28__ER__R5,1598,192,D,28_add192_err_0.0333099_size_1758_depth_28,ER__R5,R5
width192__28_add192_err_0.0333099_size_1758_depth_28__ER__R6,1599,192,D,28_add192_err_0.0333099_size_1758_depth_28,ER__R6,R6
width192__28_add192_err_0.0333099_size_1758_depth_28__ER__R7,1600,192,D,28_add192_err_0.0333099_size_1758_depth_28,ER__R7,R7
width192__28_add192_err_0.0333099_size_1758_depth_28__ER__R8,1601,192,D,28_add192_err_0.0333099_size_1758_depth_28,ER__R8,R8
width192__28_add192_err_0.0333099_size_1758_depth_28__ER__R9,1602,192,D,28_add192_err_0.0333099_size_1758_depth_28,ER__R9,R9
width192__28_add192_err_0.0333099_size_1758_depth_28__compile_MED,1603,192,D,28_add192_err_0.0333099_size_1758_depth_28,compile_MED,
width192__28_add192_err_0.0333099_size_1758_depth_28__MED__D0,1604,192,D,28_add192_err_0.0333099_size_1758_depth_28,MED__D0,D0
width192__28_add192_err_0.0333099_size_1758_depth_28__MED__D1,1605,192,D,28_add192_err_0.0333099_size_1758_depth_28,MED__D1,D1
width192__28_add192_err_0.0333099_size_1758_depth_28__MED__D2,1606,192,D,28_add192_err_0.0333099_size_1758_depth_28,MED__D2,D2
width192__28_add192_err_0.0333099_size_1758_depth_28__MED__D3,1607,192,D,28_add192_err_0.0333099_size_1758_depth_28,MED__D3,D3
width192__28_add192_err_0.0333099_size_1758_depth_28__MED__D4,1608,192,D,28_add192_err_0.0333099_size_1758_depth_28,MED__D4,D4
width192__28_add192_err_0.0333099_size_1758_depth_28__MED__D5,1609,192,D,28_add192_err_0.0333099_size_1758_depth_28,MED__D5,D5
width192__28_add192_err_0.0333099_size_1758_depth_28__timing_K16,1610,192,D,28_add192_err_0.0333099_size_1758_depth_28,timing_K16,
width192__28_add192_err_0.0333099_size_1758_depth_28__timing_K64,1611,192,D,28_add192_err_0.0333099_size_1758_depth_28,timing_K64,
width192__30_add192_err_0.0512085_size_1751_depth_28__compile_ER,1612,192,D,30_add192_err_0.0512085_size_1751_depth_28,compile_ER,
width192__30_add192_err_0.0512085_size_1751_depth_28__ER__D0,1613,192,D,30_add192_err_0.0512085_size_1751_depth_28,ER__D0,D0
width192__30_add192_err_0.0512085_size_1751_depth_28__ER__D1,1614,192,D,30_add192_err_0.0512085_size_1751_depth_28,ER__D1,D1
width192__30_add192_err_0.0512085_size_1751_depth_28__ER__D2,1615,192,D,30_add192_err_0.0512085_size_1751_depth_28,ER__D2,D2
width192__30_add192_err_0.0512085_size_1751_depth_28__ER__D3,1616,192,D,30_add192_err_0.0512085_size_1751_depth_28,ER__D3,D3
width192__30_add192_err_0.0512085_size_1751_depth_28__ER__D4,1617,192,D,30_add192_err_0.0512085_size_1751_depth_28,ER__D4,D4
width192__30_add192_err_0.0512085_size_1751_depth_28__ER__D5,1618,192,D,30_add192_err_0.0512085_size_1751_depth_28,ER__D5,D5
width192__30_add192_err_0.0512085_size_1751_depth_28__ER__R0,1619,192,D,30_add192_err_0.0512085_size_1751_depth_28,ER__R0,R0
width192__30_add192_err_0.0512085_size_1751_depth_28__ER__R1,1620,192,D,30_add192_err_0.0512085_size_1751_depth_28,ER__R1,R1
width192__30_add192_err_0.0512085_size_1751_depth_28__ER__R2,1621,192,D,30_add192_err_0.0512085_size_1751_depth_28,ER__R2,R2
width192__30_add192_err_0.0512085_size_1751_depth_28__ER__R3,1622,192,D,30_add192_err_0.0512085_size_1751_depth_28,ER__R3,R3
width192__30_add192_err_0.0512085_size_1751_depth_28__ER__R4,1623,192,D,30_add192_err_0.0512085_size_1751_depth_28,ER__R4,R4
width192__30_add192_err_0.0512085_size_1751_depth_28__ER__R5,1624,192,D,30_add192_err_0.0512085_size_1751_depth_28,ER__R5,R5
width192__30_add192_err_0.0512085_size_1751_depth_28__ER__R6,1625,192,D,30_add192_err_0.0512085_size_1751_depth_28,ER__R6,R6
width192__30_add192_err_0.0512085_size_1751_depth_28__ER__R7,1626,192,D,30_add192_err_0.0512085_size_1751_depth_28,ER__R7,R7
width192__30_add192_err_0.0512085_size_1751_depth_28__ER__R8,1627,192,D,30_add192_err_0.0512085_size_1751_depth_28,ER__R8,R8
width192__30_add192_err_0.0512085_size_1751_depth_28__ER__R9,1628,192,D,30_add192_err_0.0512085_size_1751_depth_28,ER__R9,R9
width192__30_add192_err_0.0512085_size_1751_depth_28__compile_MED,1629,192,D,30_add192_err_0.0512085_size_1751_depth_28,compile_MED,
width192__30_add192_err_0.0512085_size_1751_depth_28__MED__D0,1630,192,D,30_add192_err_0.0512085_size_1751_depth_28,MED__D0,D0
width192__30_add192_err_0.0512085_size_1751_depth_28__MED__D1,1631,192,D,30_add192_err_0.0512085_size_1751_depth_28,MED__D1,D1
width192__30_add192_err_0.0512085_size_1751_depth_28__MED__D2,1632,192,D,30_add192_err_0.0512085_size_1751_depth_28,MED__D2,D2
width192__30_add192_err_0.0512085_size_1751_depth_28__MED__D3,1633,192,D,30_add192_err_0.0512085_size_1751_depth_28,MED__D3,D3
width192__30_add192_err_0.0512085_size_1751_depth_28__MED__D4,1634,192,D,30_add192_err_0.0512085_size_1751_depth_28,MED__D4,D4
width192__30_add192_err_0.0512085_size_1751_depth_28__MED__D5,1635,192,D,30_add192_err_0.0512085_size_1751_depth_28,MED__D5,D5
width192__30_add192_err_0.0512085_size_1751_depth_28__timing_K16,1636,192,D,30_add192_err_0.0512085_size_1751_depth_28,timing_K16,
width192__30_add192_err_0.0512085_size_1751_depth_28__timing_K64,1637,192,D,30_add192_err_0.0512085_size_1751_depth_28,timing_K64,
width192__3_add192_err_0_size_1935_depth_28__compile_ER,1638,192,D,3_add192_err_0_size_1935_depth_28,compile_ER,
width192__3_add192_err_0_size_1935_depth_28__ER__D0,1639,192,D,3_add192_err_0_size_1935_depth_28,ER__D0,D0
width192__3_add192_err_0_size_1935_depth_28__ER__D1,1640,192,D,3_add192_err_0_size_1935_depth_28,ER__D1,D1
width192__3_add192_err_0_size_1935_depth_28__ER__D2,1641,192,D,3_add192_err_0_size_1935_depth_28,ER__D2,D2
width192__3_add192_err_0_size_1935_depth_28__ER__D3,1642,192,D,3_add192_err_0_size_1935_depth_28,ER__D3,D3
width192__3_add192_err_0_size_1935_depth_28__ER__D4,1643,192,D,3_add192_err_0_size_1935_depth_28,ER__D4,D4
width192__3_add192_err_0_size_1935_depth_28__ER__D5,1644,192,D,3_add192_err_0_size_1935_depth_28,ER__D5,D5
width192__3_add192_err_0_size_1935_depth_28__ER__R0,1645,192,D,3_add192_err_0_size_1935_depth_28,ER__R0,R0
width192__3_add192_err_0_size_1935_depth_28__ER__R1,1646,192,D,3_add192_err_0_size_1935_depth_28,ER__R1,R1
width192__3_add192_err_0_size_1935_depth_28__ER__R2,1647,192,D,3_add192_err_0_size_1935_depth_28,ER__R2,R2
width192__3_add192_err_0_size_1935_depth_28__ER__R3,1648,192,D,3_add192_err_0_size_1935_depth_28,ER__R3,R3
width192__3_add192_err_0_size_1935_depth_28__ER__R4,1649,192,D,3_add192_err_0_size_1935_depth_28,ER__R4,R4
width192__3_add192_err_0_size_1935_depth_28__ER__R5,1650,192,D,3_add192_err_0_size_1935_depth_28,ER__R5,R5
width192__3_add192_err_0_size_1935_depth_28__ER__R6,1651,192,D,3_add192_err_0_size_1935_depth_28,ER__R6,R6
width192__3_add192_err_0_size_1935_depth_28__ER__R7,1652,192,D,3_add192_err_0_size_1935_depth_28,ER__R7,R7
width192__3_add192_err_0_size_1935_depth_28__ER__R8,1653,192,D,3_add192_err_0_size_1935_depth_28,ER__R8,R8
width192__3_add192_err_0_size_1935_depth_28__ER__R9,1654,192,D,3_add192_err_0_size_1935_depth_28,ER__R9,R9
width192__3_add192_err_0_size_1935_depth_28__compile_MED,1655,192,D,3_add192_err_0_size_1935_depth_28,compile_MED,
width192__3_add192_err_0_size_1935_depth_28__MED__D0,1656,192,D,3_add192_err_0_size_1935_depth_28,MED__D0,D0
width192__3_add192_err_0_size_1935_depth_28__MED__D1,1657,192,D,3_add192_err_0_size_1935_depth_28,MED__D1,D1
width192__3_add192_err_0_size_1935_depth_28__MED__D2,1658,192,D,3_add192_err_0_size_1935_depth_28,MED__D2,D2
width192__3_add192_err_0_size_1935_depth_28__MED__D3,1659,192,D,3_add192_err_0_size_1935_depth_28,MED__D3,D3
width192__3_add192_err_0_size_1935_depth_28__MED__D4,1660,192,D,3_add192_err_0_size_1935_depth_28,MED__D4,D4
width192__3_add192_err_0_size_1935_depth_28__MED__D5,1661,192,D,3_add192_err_0_size_1935_depth_28,MED__D5,D5
width192__3_add192_err_0_size_1935_depth_28__timing_K16,1662,192,D,3_add192_err_0_size_1935_depth_28,timing_K16,
width192__3_add192_err_0_size_1935_depth_28__timing_K64,1663,192,D,3_add192_err_0_size_1935_depth_28,timing_K64,
width192__6_add192_err_0_size_1912_depth_28__compile_ER,1664,192,D,6_add192_err_0_size_1912_depth_28,compile_ER,
width192__6_add192_err_0_size_1912_depth_28__ER__D0,1665,192,D,6_add192_err_0_size_1912_depth_28,ER__D0,D0
width192__6_add192_err_0_size_1912_depth_28__ER__D1,1666,192,D,6_add192_err_0_size_1912_depth_28,ER__D1,D1
width192__6_add192_err_0_size_1912_depth_28__ER__D2,1667,192,D,6_add192_err_0_size_1912_depth_28,ER__D2,D2
width192__6_add192_err_0_size_1912_depth_28__ER__D3,1668,192,D,6_add192_err_0_size_1912_depth_28,ER__D3,D3
width192__6_add192_err_0_size_1912_depth_28__ER__D4,1669,192,D,6_add192_err_0_size_1912_depth_28,ER__D4,D4
width192__6_add192_err_0_size_1912_depth_28__ER__D5,1670,192,D,6_add192_err_0_size_1912_depth_28,ER__D5,D5
width192__6_add192_err_0_size_1912_depth_28__ER__R0,1671,192,D,6_add192_err_0_size_1912_depth_28,ER__R0,R0
width192__6_add192_err_0_size_1912_depth_28__ER__R1,1672,192,D,6_add192_err_0_size_1912_depth_28,ER__R1,R1
width192__6_add192_err_0_size_1912_depth_28__ER__R2,1673,192,D,6_add192_err_0_size_1912_depth_28,ER__R2,R2
width192__6_add192_err_0_size_1912_depth_28__ER__R3,1674,192,D,6_add192_err_0_size_1912_depth_28,ER__R3,R3
width192__6_add192_err_0_size_1912_depth_28__ER__R4,1675,192,D,6_add192_err_0_size_1912_depth_28,ER__R4,R4
width192__6_add192_err_0_size_1912_depth_28__ER__R5,1676,192,D,6_add192_err_0_size_1912_depth_28,ER__R5,R5
width192__6_add192_err_0_size_1912_depth_28__ER__R6,1677,192,D,6_add192_err_0_size_1912_depth_28,ER__R6,R6
width192__6_add192_err_0_size_1912_depth_28__ER__R7,1678,192,D,6_add192_err_0_size_1912_depth_28,ER__R7,R7
width192__6_add192_err_0_size_1912_depth_28__ER__R8,1679,192,D,6_add192_err_0_size_1912_depth_28,ER__R8,R8
width192__6_add192_err_0_size_1912_depth_28__ER__R9,1680,192,D,6_add192_err_0_size_1912_depth_28,ER__R9,R9
width192__6_add192_err_0_size_1912_depth_28__compile_MED,1681,192,D,6_add192_err_0_size_1912_depth_28,compile_MED,
width192__6_add192_err_0_size_1912_depth_28__MED__D0,1682,192,D,6_add192_err_0_size_1912_depth_28,MED__D0,D0
width192__6_add192_err_0_size_1912_depth_28__MED__D1,1683,192,D,6_add192_err_0_size_1912_depth_28,MED__D1,D1
width192__6_add192_err_0_size_1912_depth_28__MED__D2,1684,192,D,6_add192_err_0_size_1912_depth_28,MED__D2,D2
width192__6_add192_err_0_size_1912_depth_28__MED__D3,1685,192,D,6_add192_err_0_size_1912_depth_28,MED__D3,D3
width192__6_add192_err_0_size_1912_depth_28__MED__D4,1686,192,D,6_add192_err_0_size_1912_depth_28,MED__D4,D4
width192__6_add192_err_0_size_1912_depth_28__MED__D5,1687,192,D,6_add192_err_0_size_1912_depth_28,MED__D5,D5
width192__6_add192_err_0_size_1912_depth_28__timing_K16,1688,192,D,6_add192_err_0_size_1912_depth_28,timing_K16,
width192__6_add192_err_0_size_1912_depth_28__timing_K64,1689,192,D,6_add192_err_0_size_1912_depth_28,timing_K64,
width256__10_add256_err_0_size_2531_depth_31__compile_ER,1690,256,E,10_add256_err_0_size_2531_depth_31,compile_ER,
width256__10_add256_err_0_size_2531_depth_31__ER__D0,1691,256,E,10_add256_err_0_size_2531_depth_31,ER__D0,D0
width256__10_add256_err_0_size_2531_depth_31__ER__D1,1692,256,E,10_add256_err_0_size_2531_depth_31,ER__D1,D1
width256__10_add256_err_0_size_2531_depth_31__ER__D2,1693,256,E,10_add256_err_0_size_2531_depth_31,ER__D2,D2
width256__10_add256_err_0_size_2531_depth_31__ER__D3,1694,256,E,10_add256_err_0_size_2531_depth_31,ER__D3,D3
width256__10_add256_err_0_size_2531_depth_31__ER__D4,1695,256,E,10_add256_err_0_size_2531_depth_31,ER__D4,D4
width256__10_add256_err_0_size_2531_depth_31__ER__D5,1696,256,E,10_add256_err_0_size_2531_depth_31,ER__D5,D5
width256__10_add256_err_0_size_2531_depth_31__ER__R0,1697,256,E,10_add256_err_0_size_2531_depth_31,ER__R0,R0
width256__10_add256_err_0_size_2531_depth_31__ER__R1,1698,256,E,10_add256_err_0_size_2531_depth_31,ER__R1,R1
width256__10_add256_err_0_size_2531_depth_31__ER__R2,1699,256,E,10_add256_err_0_size_2531_depth_31,ER__R2,R2
width256__10_add256_err_0_size_2531_depth_31__ER__R3,1700,256,E,10_add256_err_0_size_2531_depth_31,ER__R3,R3
width256__10_add256_err_0_size_2531_depth_31__ER__R4,1701,256,E,10_add256_err_0_size_2531_depth_31,ER__R4,R4
width256__10_add256_err_0_size_2531_depth_31__ER__R5,1702,256,E,10_add256_err_0_size_2531_depth_31,ER__R5,R5
width256__10_add256_err_0_size_2531_depth_31__ER__R6,1703,256,E,10_add256_err_0_size_2531_depth_31,ER__R6,R6
width256__10_add256_err_0_size_2531_depth_31__ER__R7,1704,256,E,10_add256_err_0_size_2531_depth_31,ER__R7,R7
width256__10_add256_err_0_size_2531_depth_31__ER__R8,1705,256,E,10_add256_err_0_size_2531_depth_31,ER__R8,R8
width256__10_add256_err_0_size_2531_depth_31__ER__R9,1706,256,E,10_add256_err_0_size_2531_depth_31,ER__R9,R9
width256__10_add256_err_0_size_2531_depth_31__compile_MED,1707,256,E,10_add256_err_0_size_2531_depth_31,compile_MED,
width256__10_add256_err_0_size_2531_depth_31__MED__D0,1708,256,E,10_add256_err_0_size_2531_depth_31,MED__D0,D0
width256__10_add256_err_0_size_2531_depth_31__MED__D1,1709,256,E,10_add256_err_0_size_2531_depth_31,MED__D1,D1
width256__10_add256_err_0_size_2531_depth_31__MED__D2,1710,256,E,10_add256_err_0_size_2531_depth_31,MED__D2,D2
width256__10_add256_err_0_size_2531_depth_31__MED__D3,1711,256,E,10_add256_err_0_size_2531_depth_31,MED__D3,D3
width256__10_add256_err_0_size_2531_depth_31__MED__D4,1712,256,E,10_add256_err_0_size_2531_depth_31,MED__D4,D4
width256__10_add256_err_0_size_2531_depth_31__MED__D5,1713,256,E,10_add256_err_0_size_2531_depth_31,MED__D5,D5
width256__10_add256_err_0_size_2531_depth_31__timing_K16,1714,256,E,10_add256_err_0_size_2531_depth_31,timing_K16,
width256__10_add256_err_0_size_2531_depth_31__timing_K64,1715,256,E,10_add256_err_0_size_2531_depth_31,timing_K64,
width256__14_add256_err_0.000198364_size_2509_depth_31__compile_ER,1716,256,E,14_add256_err_0.000198364_size_2509_depth_31,compile_ER,
width256__14_add256_err_0.000198364_size_2509_depth_31__ER__D0,1717,256,E,14_add256_err_0.000198364_size_2509_depth_31,ER__D0,D0
width256__14_add256_err_0.000198364_size_2509_depth_31__ER__D1,1718,256,E,14_add256_err_0.000198364_size_2509_depth_31,ER__D1,D1
width256__14_add256_err_0.000198364_size_2509_depth_31__ER__D2,1719,256,E,14_add256_err_0.000198364_size_2509_depth_31,ER__D2,D2
width256__14_add256_err_0.000198364_size_2509_depth_31__ER__D3,1720,256,E,14_add256_err_0.000198364_size_2509_depth_31,ER__D3,D3
width256__14_add256_err_0.000198364_size_2509_depth_31__ER__D4,1721,256,E,14_add256_err_0.000198364_size_2509_depth_31,ER__D4,D4
width256__14_add256_err_0.000198364_size_2509_depth_31__ER__D5,1722,256,E,14_add256_err_0.000198364_size_2509_depth_31,ER__D5,D5
width256__14_add256_err_0.000198364_size_2509_depth_31__ER__R0,1723,256,E,14_add256_err_0.000198364_size_2509_depth_31,ER__R0,R0
width256__14_add256_err_0.000198364_size_2509_depth_31__ER__R1,1724,256,E,14_add256_err_0.000198364_size_2509_depth_31,ER__R1,R1
width256__14_add256_err_0.000198364_size_2509_depth_31__ER__R2,1725,256,E,14_add256_err_0.000198364_size_2509_depth_31,ER__R2,R2
width256__14_add256_err_0.000198364_size_2509_depth_31__ER__R3,1726,256,E,14_add256_err_0.000198364_size_2509_depth_31,ER__R3,R3
width256__14_add256_err_0.000198364_size_2509_depth_31__ER__R4,1727,256,E,14_add256_err_0.000198364_size_2509_depth_31,ER__R4,R4
width256__14_add256_err_0.000198364_size_2509_depth_31__ER__R5,1728,256,E,14_add256_err_0.000198364_size_2509_depth_31,ER__R5,R5
width256__14_add256_err_0.000198364_size_2509_depth_31__ER__R6,1729,256,E,14_add256_err_0.000198364_size_2509_depth_31,ER__R6,R6
width256__14_add256_err_0.000198364_size_2509_depth_31__ER__R7,1730,256,E,14_add256_err_0.000198364_size_2509_depth_31,ER__R7,R7
width256__14_add256_err_0.000198364_size_2509_depth_31__ER__R8,1731,256,E,14_add256_err_0.000198364_size_2509_depth_31,ER__R8,R8
width256__14_add256_err_0.000198364_size_2509_depth_31__ER__R9,1732,256,E,14_add256_err_0.000198364_size_2509_depth_31,ER__R9,R9
width256__14_add256_err_0.000198364_size_2509_depth_31__compile_MED,1733,256,E,14_add256_err_0.000198364_size_2509_depth_31,compile_MED,
width256__14_add256_err_0.000198364_size_2509_depth_31__MED__D0,1734,256,E,14_add256_err_0.000198364_size_2509_depth_31,MED__D0,D0
width256__14_add256_err_0.000198364_size_2509_depth_31__MED__D1,1735,256,E,14_add256_err_0.000198364_size_2509_depth_31,MED__D1,D1
width256__14_add256_err_0.000198364_size_2509_depth_31__MED__D2,1736,256,E,14_add256_err_0.000198364_size_2509_depth_31,MED__D2,D2
width256__14_add256_err_0.000198364_size_2509_depth_31__MED__D3,1737,256,E,14_add256_err_0.000198364_size_2509_depth_31,MED__D3,D3
width256__14_add256_err_0.000198364_size_2509_depth_31__MED__D4,1738,256,E,14_add256_err_0.000198364_size_2509_depth_31,MED__D4,D4
width256__14_add256_err_0.000198364_size_2509_depth_31__MED__D5,1739,256,E,14_add256_err_0.000198364_size_2509_depth_31,MED__D5,D5
width256__14_add256_err_0.000198364_size_2509_depth_31__timing_K16,1740,256,E,14_add256_err_0.000198364_size_2509_depth_31,timing_K16,
width256__14_add256_err_0.000198364_size_2509_depth_31__timing_K64,1741,256,E,14_add256_err_0.000198364_size_2509_depth_31,timing_K64,
width256__18_add256_err_0.00532532_size_2478_depth_31__compile_ER,1742,256,E,18_add256_err_0.00532532_size_2478_depth_31,compile_ER,
width256__18_add256_err_0.00532532_size_2478_depth_31__ER__D0,1743,256,E,18_add256_err_0.00532532_size_2478_depth_31,ER__D0,D0
width256__18_add256_err_0.00532532_size_2478_depth_31__ER__D1,1744,256,E,18_add256_err_0.00532532_size_2478_depth_31,ER__D1,D1
width256__18_add256_err_0.00532532_size_2478_depth_31__ER__D2,1745,256,E,18_add256_err_0.00532532_size_2478_depth_31,ER__D2,D2
width256__18_add256_err_0.00532532_size_2478_depth_31__ER__D3,1746,256,E,18_add256_err_0.00532532_size_2478_depth_31,ER__D3,D3
width256__18_add256_err_0.00532532_size_2478_depth_31__ER__D4,1747,256,E,18_add256_err_0.00532532_size_2478_depth_31,ER__D4,D4
width256__18_add256_err_0.00532532_size_2478_depth_31__ER__D5,1748,256,E,18_add256_err_0.00532532_size_2478_depth_31,ER__D5,D5
width256__18_add256_err_0.00532532_size_2478_depth_31__ER__R0,1749,256,E,18_add256_err_0.00532532_size_2478_depth_31,ER__R0,R0
width256__18_add256_err_0.00532532_size_2478_depth_31__ER__R1,1750,256,E,18_add256_err_0.00532532_size_2478_depth_31,ER__R1,R1
width256__18_add256_err_0.00532532_size_2478_depth_31__ER__R2,1751,256,E,18_add256_err_0.00532532_size_2478_depth_31,ER__R2,R2
width256__18_add256_err_0.00532532_size_2478_depth_31__ER__R3,1752,256,E,18_add256_err_0.00532532_size_2478_depth_31,ER__R3,R3
width256__18_add256_err_0.00532532_size_2478_depth_31__ER__R4,1753,256,E,18_add256_err_0.00532532_size_2478_depth_31,ER__R4,R4
width256__18_add256_err_0.00532532_size_2478_depth_31__ER__R5,1754,256,E,18_add256_err_0.00532532_size_2478_depth_31,ER__R5,R5
width256__18_add256_err_0.00532532_size_2478_depth_31__ER__R6,1755,256,E,18_add256_err_0.00532532_size_2478_depth_31,ER__R6,R6
width256__18_add256_err_0.00532532_size_2478_depth_31__ER__R7,1756,256,E,18_add256_err_0.00532532_size_2478_depth_31,ER__R7,R7
width256__18_add256_err_0.00532532_size_2478_depth_31__ER__R8,1757,256,E,18_add256_err_0.00532532_size_2478_depth_31,ER__R8,R8
width256__18_add256_err_0.00532532_size_2478_depth_31__ER__R9,1758,256,E,18_add256_err_0.00532532_size_2478_depth_31,ER__R9,R9
width256__18_add256_err_0.00532532_size_2478_depth_31__compile_MED,1759,256,E,18_add256_err_0.00532532_size_2478_depth_31,compile_MED,
width256__18_add256_err_0.00532532_size_2478_depth_31__MED__D0,1760,256,E,18_add256_err_0.00532532_size_2478_depth_31,MED__D0,D0
width256__18_add256_err_0.00532532_size_2478_depth_31__MED__D1,1761,256,E,18_add256_err_0.00532532_size_2478_depth_31,MED__D1,D1
width256__18_add256_err_0.00532532_size_2478_depth_31__MED__D2,1762,256,E,18_add256_err_0.00532532_size_2478_depth_31,MED__D2,D2
width256__18_add256_err_0.00532532_size_2478_depth_31__MED__D3,1763,256,E,18_add256_err_0.00532532_size_2478_depth_31,MED__D3,D3
width256__18_add256_err_0.00532532_size_2478_depth_31__MED__D4,1764,256,E,18_add256_err_0.00532532_size_2478_depth_31,MED__D4,D4
width256__18_add256_err_0.00532532_size_2478_depth_31__MED__D5,1765,256,E,18_add256_err_0.00532532_size_2478_depth_31,MED__D5,D5
width256__18_add256_err_0.00532532_size_2478_depth_31__timing_K16,1766,256,E,18_add256_err_0.00532532_size_2478_depth_31,timing_K16,
width256__18_add256_err_0.00532532_size_2478_depth_31__timing_K64,1767,256,E,18_add256_err_0.00532532_size_2478_depth_31,timing_K64,
width256__21_add256_err_0.0107269_size_2459_depth_31__compile_ER,1768,256,E,21_add256_err_0.0107269_size_2459_depth_31,compile_ER,
width256__21_add256_err_0.0107269_size_2459_depth_31__ER__D0,1769,256,E,21_add256_err_0.0107269_size_2459_depth_31,ER__D0,D0
width256__21_add256_err_0.0107269_size_2459_depth_31__ER__D1,1770,256,E,21_add256_err_0.0107269_size_2459_depth_31,ER__D1,D1
width256__21_add256_err_0.0107269_size_2459_depth_31__ER__D2,1771,256,E,21_add256_err_0.0107269_size_2459_depth_31,ER__D2,D2
width256__21_add256_err_0.0107269_size_2459_depth_31__ER__D3,1772,256,E,21_add256_err_0.0107269_size_2459_depth_31,ER__D3,D3
width256__21_add256_err_0.0107269_size_2459_depth_31__ER__D4,1773,256,E,21_add256_err_0.0107269_size_2459_depth_31,ER__D4,D4
width256__21_add256_err_0.0107269_size_2459_depth_31__ER__D5,1774,256,E,21_add256_err_0.0107269_size_2459_depth_31,ER__D5,D5
width256__21_add256_err_0.0107269_size_2459_depth_31__ER__R0,1775,256,E,21_add256_err_0.0107269_size_2459_depth_31,ER__R0,R0
width256__21_add256_err_0.0107269_size_2459_depth_31__ER__R1,1776,256,E,21_add256_err_0.0107269_size_2459_depth_31,ER__R1,R1
width256__21_add256_err_0.0107269_size_2459_depth_31__ER__R2,1777,256,E,21_add256_err_0.0107269_size_2459_depth_31,ER__R2,R2
width256__21_add256_err_0.0107269_size_2459_depth_31__ER__R3,1778,256,E,21_add256_err_0.0107269_size_2459_depth_31,ER__R3,R3
width256__21_add256_err_0.0107269_size_2459_depth_31__ER__R4,1779,256,E,21_add256_err_0.0107269_size_2459_depth_31,ER__R4,R4
width256__21_add256_err_0.0107269_size_2459_depth_31__ER__R5,1780,256,E,21_add256_err_0.0107269_size_2459_depth_31,ER__R5,R5
width256__21_add256_err_0.0107269_size_2459_depth_31__ER__R6,1781,256,E,21_add256_err_0.0107269_size_2459_depth_31,ER__R6,R6
width256__21_add256_err_0.0107269_size_2459_depth_31__ER__R7,1782,256,E,21_add256_err_0.0107269_size_2459_depth_31,ER__R7,R7
width256__21_add256_err_0.0107269_size_2459_depth_31__ER__R8,1783,256,E,21_add256_err_0.0107269_size_2459_depth_31,ER__R8,R8
width256__21_add256_err_0.0107269_size_2459_depth_31__ER__R9,1784,256,E,21_add256_err_0.0107269_size_2459_depth_31,ER__R9,R9
width256__21_add256_err_0.0107269_size_2459_depth_31__compile_MED,1785,256,E,21_add256_err_0.0107269_size_2459_depth_31,compile_MED,
width256__21_add256_err_0.0107269_size_2459_depth_31__MED__D0,1786,256,E,21_add256_err_0.0107269_size_2459_depth_31,MED__D0,D0
width256__21_add256_err_0.0107269_size_2459_depth_31__MED__D1,1787,256,E,21_add256_err_0.0107269_size_2459_depth_31,MED__D1,D1
width256__21_add256_err_0.0107269_size_2459_depth_31__MED__D2,1788,256,E,21_add256_err_0.0107269_size_2459_depth_31,MED__D2,D2
width256__21_add256_err_0.0107269_size_2459_depth_31__MED__D3,1789,256,E,21_add256_err_0.0107269_size_2459_depth_31,MED__D3,D3
width256__21_add256_err_0.0107269_size_2459_depth_31__MED__D4,1790,256,E,21_add256_err_0.0107269_size_2459_depth_31,MED__D4,D4
width256__21_add256_err_0.0107269_size_2459_depth_31__MED__D5,1791,256,E,21_add256_err_0.0107269_size_2459_depth_31,MED__D5,D5
width256__21_add256_err_0.0107269_size_2459_depth_31__timing_K16,1792,256,E,21_add256_err_0.0107269_size_2459_depth_31,timing_K16,
width256__21_add256_err_0.0107269_size_2459_depth_31__timing_K64,1793,256,E,21_add256_err_0.0107269_size_2459_depth_31,timing_K64,
width256__25_add256_err_0.0180206_size_2431_depth_31__compile_ER,1794,256,E,25_add256_err_0.0180206_size_2431_depth_31,compile_ER,
width256__25_add256_err_0.0180206_size_2431_depth_31__ER__D0,1795,256,E,25_add256_err_0.0180206_size_2431_depth_31,ER__D0,D0
width256__25_add256_err_0.0180206_size_2431_depth_31__ER__D1,1796,256,E,25_add256_err_0.0180206_size_2431_depth_31,ER__D1,D1
width256__25_add256_err_0.0180206_size_2431_depth_31__ER__D2,1797,256,E,25_add256_err_0.0180206_size_2431_depth_31,ER__D2,D2
width256__25_add256_err_0.0180206_size_2431_depth_31__ER__D3,1798,256,E,25_add256_err_0.0180206_size_2431_depth_31,ER__D3,D3
width256__25_add256_err_0.0180206_size_2431_depth_31__ER__D4,1799,256,E,25_add256_err_0.0180206_size_2431_depth_31,ER__D4,D4
width256__25_add256_err_0.0180206_size_2431_depth_31__ER__D5,1800,256,E,25_add256_err_0.0180206_size_2431_depth_31,ER__D5,D5
width256__25_add256_err_0.0180206_size_2431_depth_31__ER__R0,1801,256,E,25_add256_err_0.0180206_size_2431_depth_31,ER__R0,R0
width256__25_add256_err_0.0180206_size_2431_depth_31__ER__R1,1802,256,E,25_add256_err_0.0180206_size_2431_depth_31,ER__R1,R1
width256__25_add256_err_0.0180206_size_2431_depth_31__ER__R2,1803,256,E,25_add256_err_0.0180206_size_2431_depth_31,ER__R2,R2
width256__25_add256_err_0.0180206_size_2431_depth_31__ER__R3,1804,256,E,25_add256_err_0.0180206_size_2431_depth_31,ER__R3,R3
width256__25_add256_err_0.0180206_size_2431_depth_31__ER__R4,1805,256,E,25_add256_err_0.0180206_size_2431_depth_31,ER__R4,R4
width256__25_add256_err_0.0180206_size_2431_depth_31__ER__R5,1806,256,E,25_add256_err_0.0180206_size_2431_depth_31,ER__R5,R5
width256__25_add256_err_0.0180206_size_2431_depth_31__ER__R6,1807,256,E,25_add256_err_0.0180206_size_2431_depth_31,ER__R6,R6
width256__25_add256_err_0.0180206_size_2431_depth_31__ER__R7,1808,256,E,25_add256_err_0.0180206_size_2431_depth_31,ER__R7,R7
width256__25_add256_err_0.0180206_size_2431_depth_31__ER__R8,1809,256,E,25_add256_err_0.0180206_size_2431_depth_31,ER__R8,R8
width256__25_add256_err_0.0180206_size_2431_depth_31__ER__R9,1810,256,E,25_add256_err_0.0180206_size_2431_depth_31,ER__R9,R9
width256__25_add256_err_0.0180206_size_2431_depth_31__compile_MED,1811,256,E,25_add256_err_0.0180206_size_2431_depth_31,compile_MED,
width256__25_add256_err_0.0180206_size_2431_depth_31__MED__D0,1812,256,E,25_add256_err_0.0180206_size_2431_depth_31,MED__D0,D0
width256__25_add256_err_0.0180206_size_2431_depth_31__MED__D1,1813,256,E,25_add256_err_0.0180206_size_2431_depth_31,MED__D1,D1
width256__25_add256_err_0.0180206_size_2431_depth_31__MED__D2,1814,256,E,25_add256_err_0.0180206_size_2431_depth_31,MED__D2,D2
width256__25_add256_err_0.0180206_size_2431_depth_31__MED__D3,1815,256,E,25_add256_err_0.0180206_size_2431_depth_31,MED__D3,D3
width256__25_add256_err_0.0180206_size_2431_depth_31__MED__D4,1816,256,E,25_add256_err_0.0180206_size_2431_depth_31,MED__D4,D4
width256__25_add256_err_0.0180206_size_2431_depth_31__MED__D5,1817,256,E,25_add256_err_0.0180206_size_2431_depth_31,MED__D5,D5
width256__25_add256_err_0.0180206_size_2431_depth_31__timing_K16,1818,256,E,25_add256_err_0.0180206_size_2431_depth_31,timing_K16,
width256__25_add256_err_0.0180206_size_2431_depth_31__timing_K64,1819,256,E,25_add256_err_0.0180206_size_2431_depth_31,timing_K64,
width256__29_add256_err_0.0253906_size_2409_depth_31__compile_ER,1820,256,E,29_add256_err_0.0253906_size_2409_depth_31,compile_ER,
width256__29_add256_err_0.0253906_size_2409_depth_31__ER__D0,1821,256,E,29_add256_err_0.0253906_size_2409_depth_31,ER__D0,D0
width256__29_add256_err_0.0253906_size_2409_depth_31__ER__D1,1822,256,E,29_add256_err_0.0253906_size_2409_depth_31,ER__D1,D1
width256__29_add256_err_0.0253906_size_2409_depth_31__ER__D2,1823,256,E,29_add256_err_0.0253906_size_2409_depth_31,ER__D2,D2
width256__29_add256_err_0.0253906_size_2409_depth_31__ER__D3,1824,256,E,29_add256_err_0.0253906_size_2409_depth_31,ER__D3,D3
width256__29_add256_err_0.0253906_size_2409_depth_31__ER__D4,1825,256,E,29_add256_err_0.0253906_size_2409_depth_31,ER__D4,D4
width256__29_add256_err_0.0253906_size_2409_depth_31__ER__D5,1826,256,E,29_add256_err_0.0253906_size_2409_depth_31,ER__D5,D5
width256__29_add256_err_0.0253906_size_2409_depth_31__ER__R0,1827,256,E,29_add256_err_0.0253906_size_2409_depth_31,ER__R0,R0
width256__29_add256_err_0.0253906_size_2409_depth_31__ER__R1,1828,256,E,29_add256_err_0.0253906_size_2409_depth_31,ER__R1,R1
width256__29_add256_err_0.0253906_size_2409_depth_31__ER__R2,1829,256,E,29_add256_err_0.0253906_size_2409_depth_31,ER__R2,R2
width256__29_add256_err_0.0253906_size_2409_depth_31__ER__R3,1830,256,E,29_add256_err_0.0253906_size_2409_depth_31,ER__R3,R3
width256__29_add256_err_0.0253906_size_2409_depth_31__ER__R4,1831,256,E,29_add256_err_0.0253906_size_2409_depth_31,ER__R4,R4
width256__29_add256_err_0.0253906_size_2409_depth_31__ER__R5,1832,256,E,29_add256_err_0.0253906_size_2409_depth_31,ER__R5,R5
width256__29_add256_err_0.0253906_size_2409_depth_31__ER__R6,1833,256,E,29_add256_err_0.0253906_size_2409_depth_31,ER__R6,R6
width256__29_add256_err_0.0253906_size_2409_depth_31__ER__R7,1834,256,E,29_add256_err_0.0253906_size_2409_depth_31,ER__R7,R7
width256__29_add256_err_0.0253906_size_2409_depth_31__ER__R8,1835,256,E,29_add256_err_0.0253906_size_2409_depth_31,ER__R8,R8
width256__29_add256_err_0.0253906_size_2409_depth_31__ER__R9,1836,256,E,29_add256_err_0.0253906_size_2409_depth_31,ER__R9,R9
width256__29_add256_err_0.0253906_size_2409_depth_31__compile_MED,1837,256,E,29_add256_err_0.0253906_size_2409_depth_31,compile_MED,
width256__29_add256_err_0.0253906_size_2409_depth_31__MED__D0,1838,256,E,29_add256_err_0.0253906_size_2409_depth_31,MED__D0,D0
width256__29_add256_err_0.0253906_size_2409_depth_31__MED__D1,1839,256,E,29_add256_err_0.0253906_size_2409_depth_31,MED__D1,D1
width256__29_add256_err_0.0253906_size_2409_depth_31__MED__D2,1840,256,E,29_add256_err_0.0253906_size_2409_depth_31,MED__D2,D2
width256__29_add256_err_0.0253906_size_2409_depth_31__MED__D3,1841,256,E,29_add256_err_0.0253906_size_2409_depth_31,MED__D3,D3
width256__29_add256_err_0.0253906_size_2409_depth_31__MED__D4,1842,256,E,29_add256_err_0.0253906_size_2409_depth_31,MED__D4,D4
width256__29_add256_err_0.0253906_size_2409_depth_31__MED__D5,1843,256,E,29_add256_err_0.0253906_size_2409_depth_31,MED__D5,D5
width256__29_add256_err_0.0253906_size_2409_depth_31__timing_K16,1844,256,E,29_add256_err_0.0253906_size_2409_depth_31,timing_K16,
width256__29_add256_err_0.0253906_size_2409_depth_31__timing_K64,1845,256,E,29_add256_err_0.0253906_size_2409_depth_31,timing_K64,
width256__32_add256_err_0.0311584_size_2389_depth_31__compile_ER,1846,256,E,32_add256_err_0.0311584_size_2389_depth_31,compile_ER,
width256__32_add256_err_0.0311584_size_2389_depth_31__ER__D0,1847,256,E,32_add256_err_0.0311584_size_2389_depth_31,ER__D0,D0
width256__32_add256_err_0.0311584_size_2389_depth_31__ER__D1,1848,256,E,32_add256_err_0.0311584_size_2389_depth_31,ER__D1,D1
width256__32_add256_err_0.0311584_size_2389_depth_31__ER__D2,1849,256,E,32_add256_err_0.0311584_size_2389_depth_31,ER__D2,D2
width256__32_add256_err_0.0311584_size_2389_depth_31__ER__D3,1850,256,E,32_add256_err_0.0311584_size_2389_depth_31,ER__D3,D3
width256__32_add256_err_0.0311584_size_2389_depth_31__ER__D4,1851,256,E,32_add256_err_0.0311584_size_2389_depth_31,ER__D4,D4
width256__32_add256_err_0.0311584_size_2389_depth_31__ER__D5,1852,256,E,32_add256_err_0.0311584_size_2389_depth_31,ER__D5,D5
width256__32_add256_err_0.0311584_size_2389_depth_31__ER__R0,1853,256,E,32_add256_err_0.0311584_size_2389_depth_31,ER__R0,R0
width256__32_add256_err_0.0311584_size_2389_depth_31__ER__R1,1854,256,E,32_add256_err_0.0311584_size_2389_depth_31,ER__R1,R1
width256__32_add256_err_0.0311584_size_2389_depth_31__ER__R2,1855,256,E,32_add256_err_0.0311584_size_2389_depth_31,ER__R2,R2
width256__32_add256_err_0.0311584_size_2389_depth_31__ER__R3,1856,256,E,32_add256_err_0.0311584_size_2389_depth_31,ER__R3,R3
width256__32_add256_err_0.0311584_size_2389_depth_31__ER__R4,1857,256,E,32_add256_err_0.0311584_size_2389_depth_31,ER__R4,R4
width256__32_add256_err_0.0311584_size_2389_depth_31__ER__R5,1858,256,E,32_add256_err_0.0311584_size_2389_depth_31,ER__R5,R5
width256__32_add256_err_0.0311584_size_2389_depth_31__ER__R6,1859,256,E,32_add256_err_0.0311584_size_2389_depth_31,ER__R6,R6
width256__32_add256_err_0.0311584_size_2389_depth_31__ER__R7,1860,256,E,32_add256_err_0.0311584_size_2389_depth_31,ER__R7,R7
width256__32_add256_err_0.0311584_size_2389_depth_31__ER__R8,1861,256,E,32_add256_err_0.0311584_size_2389_depth_31,ER__R8,R8
width256__32_add256_err_0.0311584_size_2389_depth_31__ER__R9,1862,256,E,32_add256_err_0.0311584_size_2389_depth_31,ER__R9,R9
width256__32_add256_err_0.0311584_size_2389_depth_31__compile_MED,1863,256,E,32_add256_err_0.0311584_size_2389_depth_31,compile_MED,
width256__32_add256_err_0.0311584_size_2389_depth_31__MED__D0,1864,256,E,32_add256_err_0.0311584_size_2389_depth_31,MED__D0,D0
width256__32_add256_err_0.0311584_size_2389_depth_31__MED__D1,1865,256,E,32_add256_err_0.0311584_size_2389_depth_31,MED__D1,D1
width256__32_add256_err_0.0311584_size_2389_depth_31__MED__D2,1866,256,E,32_add256_err_0.0311584_size_2389_depth_31,MED__D2,D2
width256__32_add256_err_0.0311584_size_2389_depth_31__MED__D3,1867,256,E,32_add256_err_0.0311584_size_2389_depth_31,MED__D3,D3
width256__32_add256_err_0.0311584_size_2389_depth_31__MED__D4,1868,256,E,32_add256_err_0.0311584_size_2389_depth_31,MED__D4,D4
width256__32_add256_err_0.0311584_size_2389_depth_31__MED__D5,1869,256,E,32_add256_err_0.0311584_size_2389_depth_31,MED__D5,D5
width256__32_add256_err_0.0311584_size_2389_depth_31__timing_K16,1870,256,E,32_add256_err_0.0311584_size_2389_depth_31,timing_K16,
width256__32_add256_err_0.0311584_size_2389_depth_31__timing_K64,1871,256,E,32_add256_err_0.0311584_size_2389_depth_31,timing_K64,
width256__36_add256_err_0.039444_size_2366_depth_31__compile_ER,1872,256,E,36_add256_err_0.039444_size_2366_depth_31,compile_ER,
width256__36_add256_err_0.039444_size_2366_depth_31__ER__D0,1873,256,E,36_add256_err_0.039444_size_2366_depth_31,ER__D0,D0
width256__36_add256_err_0.039444_size_2366_depth_31__ER__D1,1874,256,E,36_add256_err_0.039444_size_2366_depth_31,ER__D1,D1
width256__36_add256_err_0.039444_size_2366_depth_31__ER__D2,1875,256,E,36_add256_err_0.039444_size_2366_depth_31,ER__D2,D2
width256__36_add256_err_0.039444_size_2366_depth_31__ER__D3,1876,256,E,36_add256_err_0.039444_size_2366_depth_31,ER__D3,D3
width256__36_add256_err_0.039444_size_2366_depth_31__ER__D4,1877,256,E,36_add256_err_0.039444_size_2366_depth_31,ER__D4,D4
width256__36_add256_err_0.039444_size_2366_depth_31__ER__D5,1878,256,E,36_add256_err_0.039444_size_2366_depth_31,ER__D5,D5
width256__36_add256_err_0.039444_size_2366_depth_31__ER__R0,1879,256,E,36_add256_err_0.039444_size_2366_depth_31,ER__R0,R0
width256__36_add256_err_0.039444_size_2366_depth_31__ER__R1,1880,256,E,36_add256_err_0.039444_size_2366_depth_31,ER__R1,R1
width256__36_add256_err_0.039444_size_2366_depth_31__ER__R2,1881,256,E,36_add256_err_0.039444_size_2366_depth_31,ER__R2,R2
width256__36_add256_err_0.039444_size_2366_depth_31__ER__R3,1882,256,E,36_add256_err_0.039444_size_2366_depth_31,ER__R3,R3
width256__36_add256_err_0.039444_size_2366_depth_31__ER__R4,1883,256,E,36_add256_err_0.039444_size_2366_depth_31,ER__R4,R4
width256__36_add256_err_0.039444_size_2366_depth_31__ER__R5,1884,256,E,36_add256_err_0.039444_size_2366_depth_31,ER__R5,R5
width256__36_add256_err_0.039444_size_2366_depth_31__ER__R6,1885,256,E,36_add256_err_0.039444_size_2366_depth_31,ER__R6,R6
width256__36_add256_err_0.039444_size_2366_depth_31__ER__R7,1886,256,E,36_add256_err_0.039444_size_2366_depth_31,ER__R7,R7
width256__36_add256_err_0.039444_size_2366_depth_31__ER__R8,1887,256,E,36_add256_err_0.039444_size_2366_depth_31,ER__R8,R8
width256__36_add256_err_0.039444_size_2366_depth_31__ER__R9,1888,256,E,36_add256_err_0.039444_size_2366_depth_31,ER__R9,R9
width256__36_add256_err_0.039444_size_2366_depth_31__compile_MED,1889,256,E,36_add256_err_0.039444_size_2366_depth_31,compile_MED,
width256__36_add256_err_0.039444_size_2366_depth_31__MED__D0,1890,256,E,36_add256_err_0.039444_size_2366_depth_31,MED__D0,D0
width256__36_add256_err_0.039444_size_2366_depth_31__MED__D1,1891,256,E,36_add256_err_0.039444_size_2366_depth_31,MED__D1,D1
width256__36_add256_err_0.039444_size_2366_depth_31__MED__D2,1892,256,E,36_add256_err_0.039444_size_2366_depth_31,MED__D2,D2
width256__36_add256_err_0.039444_size_2366_depth_31__MED__D3,1893,256,E,36_add256_err_0.039444_size_2366_depth_31,MED__D3,D3
width256__36_add256_err_0.039444_size_2366_depth_31__MED__D4,1894,256,E,36_add256_err_0.039444_size_2366_depth_31,MED__D4,D4
width256__36_add256_err_0.039444_size_2366_depth_31__MED__D5,1895,256,E,36_add256_err_0.039444_size_2366_depth_31,MED__D5,D5
width256__36_add256_err_0.039444_size_2366_depth_31__timing_K16,1896,256,E,36_add256_err_0.039444_size_2366_depth_31,timing_K16,
width256__36_add256_err_0.039444_size_2366_depth_31__timing_K64,1897,256,E,36_add256_err_0.039444_size_2366_depth_31,timing_K64,
width256__3_add256_err_0_size_2601_depth_31__compile_ER,1898,256,E,3_add256_err_0_size_2601_depth_31,compile_ER,
width256__3_add256_err_0_size_2601_depth_31__ER__D0,1899,256,E,3_add256_err_0_size_2601_depth_31,ER__D0,D0
width256__3_add256_err_0_size_2601_depth_31__ER__D1,1900,256,E,3_add256_err_0_size_2601_depth_31,ER__D1,D1
width256__3_add256_err_0_size_2601_depth_31__ER__D2,1901,256,E,3_add256_err_0_size_2601_depth_31,ER__D2,D2
width256__3_add256_err_0_size_2601_depth_31__ER__D3,1902,256,E,3_add256_err_0_size_2601_depth_31,ER__D3,D3
width256__3_add256_err_0_size_2601_depth_31__ER__D4,1903,256,E,3_add256_err_0_size_2601_depth_31,ER__D4,D4
width256__3_add256_err_0_size_2601_depth_31__ER__D5,1904,256,E,3_add256_err_0_size_2601_depth_31,ER__D5,D5
width256__3_add256_err_0_size_2601_depth_31__ER__R0,1905,256,E,3_add256_err_0_size_2601_depth_31,ER__R0,R0
width256__3_add256_err_0_size_2601_depth_31__ER__R1,1906,256,E,3_add256_err_0_size_2601_depth_31,ER__R1,R1
width256__3_add256_err_0_size_2601_depth_31__ER__R2,1907,256,E,3_add256_err_0_size_2601_depth_31,ER__R2,R2
width256__3_add256_err_0_size_2601_depth_31__ER__R3,1908,256,E,3_add256_err_0_size_2601_depth_31,ER__R3,R3
width256__3_add256_err_0_size_2601_depth_31__ER__R4,1909,256,E,3_add256_err_0_size_2601_depth_31,ER__R4,R4
width256__3_add256_err_0_size_2601_depth_31__ER__R5,1910,256,E,3_add256_err_0_size_2601_depth_31,ER__R5,R5
width256__3_add256_err_0_size_2601_depth_31__ER__R6,1911,256,E,3_add256_err_0_size_2601_depth_31,ER__R6,R6
width256__3_add256_err_0_size_2601_depth_31__ER__R7,1912,256,E,3_add256_err_0_size_2601_depth_31,ER__R7,R7
width256__3_add256_err_0_size_2601_depth_31__ER__R8,1913,256,E,3_add256_err_0_size_2601_depth_31,ER__R8,R8
width256__3_add256_err_0_size_2601_depth_31__ER__R9,1914,256,E,3_add256_err_0_size_2601_depth_31,ER__R9,R9
width256__3_add256_err_0_size_2601_depth_31__compile_MED,1915,256,E,3_add256_err_0_size_2601_depth_31,compile_MED,
width256__3_add256_err_0_size_2601_depth_31__MED__D0,1916,256,E,3_add256_err_0_size_2601_depth_31,MED__D0,D0
width256__3_add256_err_0_size_2601_depth_31__MED__D1,1917,256,E,3_add256_err_0_size_2601_depth_31,MED__D1,D1
width256__3_add256_err_0_size_2601_depth_31__MED__D2,1918,256,E,3_add256_err_0_size_2601_depth_31,MED__D2,D2
width256__3_add256_err_0_size_2601_depth_31__MED__D3,1919,256,E,3_add256_err_0_size_2601_depth_31,MED__D3,D3
width256__3_add256_err_0_size_2601_depth_31__MED__D4,1920,256,E,3_add256_err_0_size_2601_depth_31,MED__D4,D4
width256__3_add256_err_0_size_2601_depth_31__MED__D5,1921,256,E,3_add256_err_0_size_2601_depth_31,MED__D5,D5
width256__3_add256_err_0_size_2601_depth_31__timing_K16,1922,256,E,3_add256_err_0_size_2601_depth_31,timing_K16,
width256__3_add256_err_0_size_2601_depth_31__timing_K64,1923,256,E,3_add256_err_0_size_2601_depth_31,timing_K64,
width256__5_add256_err_0_size_2581_depth_31__compile_ER,1924,256,E,5_add256_err_0_size_2581_depth_31,compile_ER,
width256__5_add256_err_0_size_2581_depth_31__ER__D0,1925,256,E,5_add256_err_0_size_2581_depth_31,ER__D0,D0
width256__5_add256_err_0_size_2581_depth_31__ER__D1,1926,256,E,5_add256_err_0_size_2581_depth_31,ER__D1,D1
width256__5_add256_err_0_size_2581_depth_31__ER__D2,1927,256,E,5_add256_err_0_size_2581_depth_31,ER__D2,D2
width256__5_add256_err_0_size_2581_depth_31__ER__D3,1928,256,E,5_add256_err_0_size_2581_depth_31,ER__D3,D3
width256__5_add256_err_0_size_2581_depth_31__ER__D4,1929,256,E,5_add256_err_0_size_2581_depth_31,ER__D4,D4
width256__5_add256_err_0_size_2581_depth_31__ER__D5,1930,256,E,5_add256_err_0_size_2581_depth_31,ER__D5,D5
width256__5_add256_err_0_size_2581_depth_31__ER__R0,1931,256,E,5_add256_err_0_size_2581_depth_31,ER__R0,R0
width256__5_add256_err_0_size_2581_depth_31__ER__R1,1932,256,E,5_add256_err_0_size_2581_depth_31,ER__R1,R1
width256__5_add256_err_0_size_2581_depth_31__ER__R2,1933,256,E,5_add256_err_0_size_2581_depth_31,ER__R2,R2
width256__5_add256_err_0_size_2581_depth_31__ER__R3,1934,256,E,5_add256_err_0_size_2581_depth_31,ER__R3,R3
width256__5_add256_err_0_size_2581_depth_31__ER__R4,1935,256,E,5_add256_err_0_size_2581_depth_31,ER__R4,R4
width256__5_add256_err_0_size_2581_depth_31__ER__R5,1936,256,E,5_add256_err_0_size_2581_depth_31,ER__R5,R5
width256__5_add256_err_0_size_2581_depth_31__ER__R6,1937,256,E,5_add256_err_0_size_2581_depth_31,ER__R6,R6
width256__5_add256_err_0_size_2581_depth_31__ER__R7,1938,256,E,5_add256_err_0_size_2581_depth_31,ER__R7,R7
width256__5_add256_err_0_size_2581_depth_31__ER__R8,1939,256,E,5_add256_err_0_size_2581_depth_31,ER__R8,R8
width256__5_add256_err_0_size_2581_depth_31__ER__R9,1940,256,E,5_add256_err_0_size_2581_depth_31,ER__R9,R9
width256__5_add256_err_0_size_2581_depth_31__compile_MED,1941,256,E,5_add256_err_0_size_2581_depth_31,compile_MED,
width256__5_add256_err_0_size_2581_depth_31__MED__D0,1942,256,E,5_add256_err_0_size_2581_depth_31,MED__D0,D0
width256__5_add256_err_0_size_2581_depth_31__MED__D1,1943,256,E,5_add256_err_0_size_2581_depth_31,MED__D1,D1
width256__5_add256_err_0_size_2581_depth_31__MED__D2,1944,256,E,5_add256_err_0_size_2581_depth_31,MED__D2,D2
width256__5_add256_err_0_size_2581_depth_31__MED__D3,1945,256,E,5_add256_err_0_size_2581_depth_31,MED__D3,D3
width256__5_add256_err_0_size_2581_depth_31__MED__D4,1946,256,E,5_add256_err_0_size_2581_depth_31,MED__D4,D4
width256__5_add256_err_0_size_2581_depth_31__MED__D5,1947,256,E,5_add256_err_0_size_2581_depth_31,MED__D5,D5
width256__5_add256_err_0_size_2581_depth_31__timing_K16,1948,256,E,5_add256_err_0_size_2581_depth_31,timing_K16,
width256__5_add256_err_0_size_2581_depth_31__timing_K64,1949,256,E,5_add256_err_0_size_2581_depth_31,timing_K64,
