task_id,width,case_id,metric,distribution_id,phase,status,attempt,start_time,end_time,elapsed_s,result_path,sha256,return_code,error_type,error_message
width128__10_add128_err_0.00714111_size_1215_depth_27__ER__D0,128,10_add128_err_0.00714111_size_1215_depth_27,ER__D0,D0,C,PASS,1,2026-10-03T23:07:10,2026-10-03T23:07:11,1.887,experiments/formal/results/width128__10_add128_err_0.00714111_size_1215_depth_27__ER__D0.json,35a72f8c4913f7ed6cd4b8759f8df69e9add8034fcaa37ed4f17db9beb928a62,,,
width128__10_add128_err_0.00714111_size_1215_depth_27__ER__D1,128,10_add128_err_0.00714111_size_1215_depth_27,ER__D1,D1,C,PASS,1,2026-10-03T23:07:12,2026-10-03T23:07:13,1.837,experiments/formal/results/width128__10_add128_err_0.00714111_size_1215_depth_27__ER__D1.json,c702e05987321c0d75f7a8ac71198500162ed0a033c1a16489af1d1e4ecd9b2d,,,
width128__10_add128_err_0.00714111_size_1215_depth_27__ER__D2,128,10_add128_err_0.00714111_size_1215_depth_27,ER__D2,D2,C,PASS,1,2026-10-03T23:07:13,2026-10-03T23:07:15,1.719,experiments/formal/results/width128__10_add128_err_0.00714111_size_1215_depth_27__ER__D2.json,979f8a8ba454c6d27ce4a0a3e20f2af9454c29c9a7518e2d3bf1137f0a566429,,,
width128__10_add128_err_0.00714111_size_1215_depth_27__ER__D3,128,10_add128_err_0.00714111_size_1215_depth_27,ER__D3,D3,C,PASS,1,2026-10-03T23:07:15,2026-10-03T23:07:17,1.702,experiments/formal/results/width128__10_add128_err_0.00714111_size_1215_depth_27__ER__D3.json,66da812053bf63ce723675f507d7d8c3a9da8ecb9b9cf860057a9d145e60ca6a,,,
width128__10_add128_err_0.00714111_size_1215_depth_27__ER__D4,128,10_add128_err_0.00714111_size_1215_depth_27,ER__D4,D4,C,PASS,1,2026-10-03T23:07:17,2026-10-03T23:07:19,1.697,experiments/formal/results/width128__10_add128_err_0.00714111_size_1215_depth_27__ER__D4.json,c03295d27fdc935e36add2592a9493bd669eff2c9e5fe8bc324a6808adf6ccbd,,,
width128__10_add128_err_0.00714111_size_1215_depth_27__ER__D5,128,10_add128_err_0.00714111_size_1215_depth_27,ER__D5,D5,C,PASS,1,2026-10-03T23:07:19,2026-10-03T23:07:21,1.927,experiments/formal/results/width128__10_add128_err_0.00714111_size_1215_depth_27__ER__D5.json,4fa121cc0396de31e63d40ae7b068d9ae031fdf6bfed8b5a39f221d5cdb749ac,,,
width128__10_add128_err_0.00714111_size_1215_depth_27__ER__R0,128,10_add128_err_0.00714111_size_1215_depth_27,ER__R0,R0,C,PASS,1,2026-10-03T23:07:21,2026-10-03T23:07:23,2.327,experiments/formal/results/width128__10_add128_err_0.00714111_size_1215_depth_27__ER__R0.json,fcfb9e2a0bb5a99a0d2227e75bbba645c589b4abf9f83e89f6dfef72889f349a,,,
width128__10_add128_err_0.00714111_size_1215_depth_27__ER__R1,128,10_add128_err_0.00714111_size_1215_depth_27,ER__R1,R1,C,PASS,1,2026-10-03T23:07:23,2026-10-03T23:07:25,1.864,experiments/formal/results/width128__10_add128_err_0.00714111_size_1215_depth_27__ER__R1.json,637a744c5b9cc7a65818d30c12ff8b82aabb0ae91c3897d3764795830b20186f,,,
width128__10_add128_err_0.00714111_size_1215_depth_27__ER__R2,128,10_add128_err_0.00714111_size_1215_depth_27,ER__R2,R2,C,PASS,1,2026-10-03T23:07:25,2026-10-03T23:07:27,1.748,experiments/formal/results/width128__10_add128_err_0.00714111_size_1215_depth_27__ER__R2.json,8db9eddd4306f83b2931289ff49e490eab6ca6b65cf7b769fffaf441e4ca0260,,,
width128__10_add128_err_0.00714111_size_1215_depth_27__ER__R3,128,10_add128_err_0.00714111_size_1215_depth_27,ER__R3,R3,C,PASS,1,2026-10-03T23:07:27,2026-10-03T23:07:29,1.701,experiments/formal/results/width128__10_add128_err_0.00714111_size_1215_depth_27__ER__R3.json,2bc6d147c3e7b64055553da3f29b86b95fa3db458dd2689d6b68b54d7a5b5888,,,
width128__10_add128_err_0.00714111_size_1215_depth_27__ER__R4,128,10_add128_err_0.00714111_size_1215_depth_27,ER__R4,R4,C,PASS,1,2026-10-03T23:07:29,2026-10-03T23:07:30,1.654,experiments/formal/results/width128__10_add128_err_0.00714111_size_1215_depth_27__ER__R4.json,4fc54b06173e2a744d102101e1c10848d340b47aa2ebef792bbde55a90113a7e,,,
width128__10_add128_err_0.00714111_size_1215_depth_27__ER__R5,128,10_add128_err_0.00714111_size_1215_depth_27,ER__R5,R5,C,PASS,1,2026-10-03T23:07:30,2026-10-03T23:07:32,1.681,experiments/formal/results/width128__10_add128_err_0.00714111_size_1215_depth_27__ER__R5.json,11c14fd61ec7f0b2ca9283b020252c1d269e9a9ce4ed39def92aac3474f74756,,,
width128__10_add128_err_0.00714111_size_1215_depth_27__ER__R6,128,10_add128_err_0.00714111_size_1215_depth_27,ER__R6,R6,C,PASS,1,2026-10-03T23:07:32,2026-10-03T23:07:34,1.692,experiments/formal/results/width128__10_add128_err_0.00714111_size_1215_depth_27__ER__R6.json,329d380971fb6720f9906ab07e515c950c84a93d7f282a559bc254d290f6b6ab,,,
width128__10_add128_err_0.00714111_size_1215_depth_27__ER__R7,128,10_add128_err_0.00714111_size_1215_depth_27,ER__R7,R7,C,PASS,1,2026-10-03T23:07:34,2026-10-03T23:07:36,2.124,experiments/formal/results/width128__10_add128_err_0.00714111_size_1215_depth_27__ER__R7.json,cb5631403aad0e3816cf1270ea1c2800e40ab2ae7b3d5a7f1d3651abae508881,,,
width128__10_add128_err_0.00714111_size_1215_depth_27__ER__R8,128,10_add128_err_0.00714111_size_1215_depth_27,ER__R8,R8,C,PASS,1,2026-10-03T23:07:36,2026-10-03T23:07:38,1.972,experiments/formal/results/width128__10_add128_err_0.00714111_size_1215_depth_27__ER__R8.json,2d3b078efcd95d8806d64ad7b58f2a8c8674900884f609c039440656fe16dc02,,,
width128__10_add128_err_0.00714111_size_1215_depth_27__ER__R9,128,10_add128_err_0.00714111_size_1215_depth_27,ER__R9,R9,C,PASS,1,2026-10-03T23:07:38,2026-10-03T23:07:40,1.773,experiments/formal/results/width128__10_add128_err_0.00714111_size_1215_depth_27__ER__R9.json,9ca51b624449e99c57931f278cd719fe01e279a9d530502ef51104ddcbde0bb7,,,
width128__10_add128_err_0.00714111_size_1215_depth_27__MED__D0,128,10_add128_err_0.00714111_size_1215_depth_27,MED__D0,D0,C,PASS,1,2026-10-03T23:08:19,2026-10-03T23:08:21,2.784,experiments/formal/results/width128__10_add128_err_0.00714111_size_1215_depth_27__MED__D0.json,fa86a2861ca4fb41fa4f6519d8e2348d23a09c2c01689a1f10ed0319c4aea64b,,,
width128__10_add128_err_0.00714111_size_1215_depth_27__MED__D1,128,10_add128_err_0.00714111_size_1215_depth_27,MED__D1,D1,C,PASS,1,2026-10-03T23:08:21,2026-10-03T23:08:24,2.228,experiments/formal/results/width128__10_add128_err_0.00714111_size_1215_depth_27__MED__D1.json,afa8d31e2a9245779d5895ed0c003a7762e7cb748d1e65ee7d90bd27f426da24,,,
width128__10_add128_err_0.00714111_size_1215_depth_27__MED__D2,128,10_add128_err_0.00714111_size_1215_depth_27,MED__D2,D2,C,PASS,1,2026-10-03T23:08:24,2026-10-03T23:08:26,2.344,experiments/formal/results/width128__10_add128_err_0.00714111_size_1215_depth_27__MED__D2.json,b92edbb10b89bc7ef3d4c9ff988639abe57ef8f52030d53f4a5a565c821fa70b,,,
width128__10_add128_err_0.00714111_size_1215_depth_27__MED__D3,128,10_add128_err_0.00714111_size_1215_depth_27,MED__D3,D3,C,PASS,1,2026-10-03T23:08:26,2026-10-03T23:08:28,2.27,experiments/formal/results/width128__10_add128_err_0.00714111_size_1215_depth_27__MED__D3.json,32380c1a0f9666b2e2ff20d57a957675ffd8e641ecf53613035da444f61d099c,,,
width128__10_add128_err_0.00714111_size_1215_depth_27__MED__D4,128,10_add128_err_0.00714111_size_1215_depth_27,MED__D4,D4,C,PASS,1,2026-10-03T23:08:28,2026-10-03T23:08:31,2.427,experiments/formal/results/width128__10_add128_err_0.00714111_size_1215_depth_27__MED__D4.json,9929511fa19abb0ba7f1d430c8abd9a2515f7a9d72df98d04da7e62e3c7826f8,,,
width128__10_add128_err_0.00714111_size_1215_depth_27__MED__D5,128,10_add128_err_0.00714111_size_1215_depth_27,MED__D5,D5,C,PASS,1,2026-10-03T23:08:31,2026-10-03T23:08:33,2.192,experiments/formal/results/width128__10_add128_err_0.00714111_size_1215_depth_27__MED__D5.json,0e2ecdab35f618b8a6ae0df7e163dfabf45573ae121535e70529898d80d20bec,,,
width128__10_add128_err_0.00714111_size_1215_depth_27__compile_ER,128,10_add128_err_0.00714111_size_1215_depth_27,compile_ER,None,C,PASS,1,2026-10-03T23:05:49,2026-10-03T23:07:10,80.818,experiments/formal/results/width128__10_add128_err_0.00714111_size_1215_depth_27__compile_ER.json,d7f924c6e6f7e872d8c74d1eff6fab2c52e3597b3e213d318c01f0ecfcb78bac,,,
width128__10_add128_err_0.00714111_size_1215_depth_27__compile_MED,128,10_add128_err_0.00714111_size_1215_depth_27,compile_MED,None,C,PASS,1,2026-10-03T23:07:40,2026-10-03T23:08:19,38.617,experiments/formal/results/width128__10_add128_err_0.00714111_size_1215_depth_27__compile_MED.json,2560d06a246503fd76997f305522232f2c26f4da99bf998c886a295a41f2181b,,,
width128__10_add128_err_0.00714111_size_1215_depth_27__timing_K16,128,10_add128_err_0.00714111_size_1215_depth_27,timing_K16,None,C,PASS,1,2026-10-03T23:08:33,2026-10-03T23:10:22,108.519,experiments/formal/results/width128__10_add128_err_0.00714111_size_1215_depth_27__timing_K16.json,b35a6f0bb926f501c967d1d22f260be05ddc9f3b700f9e7ec78e27d5fdb8bf67,,,
width128__10_add128_err_0.00714111_size_1215_depth_27__timing_K64,128,10_add128_err_0.00714111_size_1215_depth_27,timing_K64,None,C,PASS,1,2026-10-03T23:10:22,2026-10-03T23:13:23,181.828,experiments/formal/results/width128__10_add128_err_0.00714111_size_1215_depth_27__timing_K64.json,f490f0401202571c18294882f240d5e8b4836b6ebfad56d9c9f2bc0454660325,,,
width128__11_add128_err_0.00904846_size_1205_depth_27__ER__D0,128,11_add128_err_0.00904846_size_1205_depth_27,ER__D0,D0,C,PASS,1,2026-10-03T23:13:50,2026-10-03T23:13:52,1.693,experiments/formal/results/width128__11_add128_err_0.00904846_size_1205_depth_27__ER__D0.json,dff87fc61df3515fe6ef3542dd526c7b42933de76e1d0b9bd914ba69cc028e27,,,
width128__11_add128_err_0.00904846_size_1205_depth_27__ER__D1,128,11_add128_err_0.00904846_size_1205_depth_27,ER__D1,D1,C,PASS,1,2026-10-03T23:13:52,2026-10-03T23:13:53,1.567,experiments/formal/results/width128__11_add128_err_0.00904846_size_1205_depth_27__ER__D1.json,140d922e0e179edb59d4b434b4525eaa33aacefe2dae348d30cab615c27623ba,,,
width128__11_add128_err_0.00904846_size_1205_depth_27__ER__D2,128,11_add128_err_0.00904846_size_1205_depth_27,ER__D2,D2,C,PASS,1,2026-10-03T23:13:53,2026-10-03T23:13:55,1.651,experiments/formal/results/width128__11_add128_err_0.00904846_size_1205_depth_27__ER__D2.json,635c981716b6b9def56ae50542c4ee9d2659286b53c65bbb8ec24d9f38e6b0d1,,,
width128__11_add128_err_0.00904846_size_1205_depth_27__ER__D3,128,11_add128_err_0.00904846_size_1205_depth_27,ER__D3,D3,C,PASS,1,2026-10-03T23:13:55,2026-10-03T23:13:57,1.586,experiments/formal/results/width128__11_add128_err_0.00904846_size_1205_depth_27__ER__D3.json,080dd8d1073f7a3216ed9d481965f49811532717e70a947961abdb4db46fbb8c,,,
width128__11_add128_err_0.00904846_size_1205_depth_27__ER__D4,128,11_add128_err_0.00904846_size_1205_depth_27,ER__D4,D4,C,PASS,1,2026-10-03T23:13:57,2026-10-03T23:13:59,1.634,experiments/formal/results/width128__11_add128_err_0.00904846_size_1205_depth_27__ER__D4.json,bd6182da5076e232acd7f607a4f51095db6c3f9cb5807a1e6d59e0cd425ff786,,,
width128__11_add128_err_0.00904846_size_1205_depth_27__ER__D5,128,11_add128_err_0.00904846_size_1205_depth_27,ER__D5,D5,C,PASS,1,2026-10-03T23:13:59,2026-10-03T23:14:00,1.471,experiments/formal/results/width128__11_add128_err_0.00904846_size_1205_depth_27__ER__D5.json,3ecf878d42516a2c61ee2acf742fd1fb551f1cd372dea97f9f5666402df6e3b3,,,
width128__11_add128_err_0.00904846_size_1205_depth_27__ER__R0,128,11_add128_err_0.00904846_size_1205_depth_27,ER__R0,R0,C,PASS,1,2026-10-03T23:14:00,2026-10-03T23:14:02,1.688,experiments/formal/results/width128__11_add128_err_0.00904846_size_1205_depth_27__ER__R0.json,d851f28484c8379625edb79e473a83a6595cd04b43facf8a43c5b530698f7d4e,,,
width128__11_add128_err_0.00904846_size_1205_depth_27__ER__R1,128,11_add128_err_0.00904846_size_1205_depth_27,ER__R1,R1,C,PASS,1,2026-10-03T23:14:02,2026-10-03T23:14:04,1.551,experiments/formal/results/width128__11_add128_err_0.00904846_size_1205_depth_27__ER__R1.json,d0018a5bde530f3782557c9f16f4b1036a067090b2c12664b32afcd5bfc591a9,,,
width128__11_add128_err_0.00904846_size_1205_depth_27__ER__R2,128,11_add128_err_0.00904846_size_1205_depth_27,ER__R2,R2,C,PASS,1,2026-10-03T23:14:04,2026-10-03T23:14:05,1.773,experiments/formal/results/width128__11_add128_err_0.00904846_size_1205_depth_27__ER__R2.json,bb95020f7e752ee0465c803f0425e4f463ec76481d89438fceee7614c581b07b,,,
width128__11_add128_err_0.00904846_size_1205_depth_27__ER__R3,128,11_add128_err_0.00904846_size_1205_depth_27,ER__R3,R3,C,PASS,1,2026-10-03T23:14:05,2026-10-03T23:14:07,1.492,experiments/formal/results/width128__11_add128_err_0.00904846_size_1205_depth_27__ER__R3.json,e1c911a515fe1d76a4ed0c7c0c8860c515afaf0ebd0f0457bde8f225f8228e24,,,
width128__11_add128_err_0.00904846_size_1205_depth_27__ER__R4,128,11_add128_err_0.00904846_size_1205_depth_27,ER__R4,R4,C,PASS,1,2026-10-03T23:14:07,2026-10-03T23:14:09,1.547,experiments/formal/results/width128__11_add128_err_0.00904846_size_1205_depth_27__ER__R4.json,1494e2993cbf146637d3a191858160910e02c37858b12f467fbaa4480a6121f5,,,
width128__11_add128_err_0.00904846_size_1205_depth_27__ER__R5,128,11_add128_err_0.00904846_size_1205_depth_27,ER__R5,R5,C,PASS,1,2026-10-03T23:14:09,2026-10-03T23:14:10,1.545,experiments/formal/results/width128__11_add128_err_0.00904846_size_1205_depth_27__ER__R5.json,26cb72fd5f21d572554ab1d2e8e58d5c6c70104eb68f01e11668d1d0a418bde0,,,
width128__11_add128_err_0.00904846_size_1205_depth_27__ER__R6,128,11_add128_err_0.00904846_size_1205_depth_27,ER__R6,R6,C,PASS,1,2026-10-03T23:14:10,2026-10-03T23:14:12,1.464,experiments/formal/results/width128__11_add128_err_0.00904846_size_1205_depth_27__ER__R6.json,7097fb09cc0fd15e71a8c84a905074abdc31027530aa823bccbb1394d4e76eed,,,
width128__11_add128_err_0.00904846_size_1205_depth_27__ER__R7,128,11_add128_err_0.00904846_size_1205_depth_27,ER__R7,R7,C,PASS,1,2026-10-03T23:14:12,2026-10-03T23:14:13,1.409,experiments/formal/results/width128__11_add128_err_0.00904846_size_1205_depth_27__ER__R7.json,c6b68f68060b38ed0a4b001dfbdc06b40f0de74c1149ab3fc89d45cea1086bb4,,,
width128__11_add128_err_0.00904846_size_1205_depth_27__ER__R8,128,11_add128_err_0.00904846_size_1205_depth_27,ER__R8,R8,C,PASS,1,2026-10-03T23:14:13,2026-10-03T23:14:15,1.459,experiments/formal/results/width128__11_add128_err_0.00904846_size_1205_depth_27__ER__R8.json,5569f62917e56c1cdfef6bab78ec97f742cd2b51cda1b75017f89b0b465bd03f,,,
width128__11_add128_err_0.00904846_size_1205_depth_27__ER__R9,128,11_add128_err_0.00904846_size_1205_depth_27,ER__R9,R9,C,PASS,1,2026-10-03T23:14:15,2026-10-03T23:14:16,1.382,experiments/formal/results/width128__11_add128_err_0.00904846_size_1205_depth_27__ER__R9.json,283d6f16bd840731814b5a594cffa160e481cb3db335c0b88bef0bcf0bc32ed4,,,
width128__11_add128_err_0.00904846_size_1205_depth_27__MED__D0,128,11_add128_err_0.00904846_size_1205_depth_27,MED__D0,D0,C,PASS,1,2026-10-03T23:15:17,2026-10-03T23:15:19,2.471,experiments/formal/results/width128__11_add128_err_0.00904846_size_1205_depth_27__MED__D0.json,eeab74205fa4b652045ae38eca91f10c4fd36cb3d5c6417fe1285b8f47aac8f9,,,
width128__11_add128_err_0.00904846_size_1205_depth_27__MED__D1,128,11_add128_err_0.00904846_size_1205_depth_27,MED__D1,D1,C,PASS,1,2026-10-03T23:15:19,2026-10-03T23:15:22,2.327,experiments/formal/results/width128__11_add128_err_0.00904846_size_1205_depth_27__MED__D1.json,e49fbaf86d8bf0ca9a7a5fe91c011e5a9c0d45d310050058a0b057a4f8f7522c,,,
width128__11_add128_err_0.00904846_size_1205_depth_27__MED__D2,128,11_add128_err_0.00904846_size_1205_depth_27,MED__D2,D2,C,PASS,1,2026-10-03T23:15:22,2026-10-03T23:15:24,2.477,experiments/formal/results/width128__11_add128_err_0.00904846_size_1205_depth_27__MED__D2.json,245ab9a09ce31ccaddbc651483fb4472bdd8db2582dfe2b2e3809cc86dd72250,,,
width128__11_add128_err_0.00904846_size_1205_depth_27__MED__D3,128,11_add128_err_0.00904846_size_1205_depth_27,MED__D3,D3,C,PASS,1,2026-10-03T23:15:24,2026-10-03T23:15:27,2.546,experiments/formal/results/width128__11_add128_err_0.00904846_size_1205_depth_27__MED__D3.json,5215d28790db570aab8dda20d6f26dba6b0e569089c5f3c43b8bef56d05ec6de,,,
width128__11_add128_err_0.00904846_size_1205_depth_27__MED__D4,128,11_add128_err_0.00904846_size_1205_depth_27,MED__D4,D4,C,PASS,1,2026-10-03T23:15:27,2026-10-03T23:15:29,2.416,experiments/formal/results/width128__11_add128_err_0.00904846_size_1205_depth_27__MED__D4.json,ed12513c2177f9426b12ba1bf529b938673afc458abf13a2d7ca7d40dfc847d6,,,
width128__11_add128_err_0.00904846_size_1205_depth_27__MED__D5,128,11_add128_err_0.00904846_size_1205_depth_27,MED__D5,D5,C,PASS,1,2026-10-03T23:15:29,2026-10-03T23:15:32,2.456,experiments/formal/results/width128__11_add128_err_0.00904846_size_1205_depth_27__MED__D5.json,ff5c11f09455df82cd312e857a19940ce05552046ffcd672845851074911a5ba,,,
width128__11_add128_err_0.00904846_size_1205_depth_27__compile_ER,128,11_add128_err_0.00904846_size_1205_depth_27,compile_ER,None,C,PASS,1,2026-10-03T23:13:24,2026-10-03T23:13:50,26.366,experiments/formal/results/width128__11_add128_err_0.00904846_size_1205_depth_27__compile_ER.json,923d967ba5d74415f3ab658aba157c8b27658e7353f3685a6f615c09a7321fba,,,
width128__11_add128_err_0.00904846_size_1205_depth_27__compile_MED,128,11_add128_err_0.00904846_size_1205_depth_27,compile_MED,None,C,PASS,1,2026-10-03T23:14:16,2026-10-03T23:15:17,60.933,experiments/formal/results/width128__11_add128_err_0.00904846_size_1205_depth_27__compile_MED.json,d9ba12cf34f1c9c472a8f18966da2b3a57c8c47424e80bba476a6e3157db4d2d,,,
width128__11_add128_err_0.00904846_size_1205_depth_27__timing_K16,128,11_add128_err_0.00904846_size_1205_depth_27,timing_K16,None,C,PASS,1,2026-10-03T23:15:32,2026-10-03T23:16:20,47.871,experiments/formal/results/width128__11_add128_err_0.00904846_size_1205_depth_27__timing_K16.json,d8ef71a33eece1d736296b5366868dfbf6f77b9bc5022103031f62b1036c8f1b,,,
width128__11_add128_err_0.00904846_size_1205_depth_27__timing_K64,128,11_add128_err_0.00904846_size_1205_depth_27,timing_K64,None,C,PASS,1,2026-10-03T23:16:20,2026-10-03T23:18:21,121.286,experiments/formal/results/width128__11_add128_err_0.00904846_size_1205_depth_27__timing_K64.json,bfd052a95986eb946cade279dd5ee2192593561e31d27be7815b11ecee3f70e7,,,
width128__13_add128_err_0.0129547_size_1191_depth_27__ER__D0,128,13_add128_err_0.0129547_size_1191_depth_27,ER__D0,D0,C,PASS,1,2026-10-03T23:19:05,2026-10-03T23:19:06,1.499,experiments/formal/results/width128__13_add128_err_0.0129547_size_1191_depth_27__ER__D0.json,84be63f2ab47f2c5ba8ce34fe8c801b56a8e24c79a960043fa956051235b1f49,,,
width128__13_add128_err_0.0129547_size_1191_depth_27__ER__D1,128,13_add128_err_0.0129547_size_1191_depth_27,ER__D1,D1,C,PASS,1,2026-10-03T23:19:07,2026-10-03T23:19:08,1.297,experiments/formal/results/width128__13_add128_err_0.0129547_size_1191_depth_27__ER__D1.json,b6f323ecfe0fc29ba976d996fe3d997b4ec841b76e308cfca2fc4369842f21d1,,,
width128__13_add128_err_0.0129547_size_1191_depth_27__ER__D2,128,13_add128_err_0.0129547_size_1191_depth_27,ER__D2,D2,C,PASS,1,2026-10-03T23:19:08,2026-10-03T23:19:09,1.217,experiments/formal/results/width128__13_add128_err_0.0129547_size_1191_depth_27__ER__D2.json,fbd8327d43af7ee130ecb2f7c5ca2c75b3770431eea8c9a112ad6b46103a848a,,,
width128__13_add128_err_0.0129547_size_1191_depth_27__ER__D3,128,13_add128_err_0.0129547_size_1191_depth_27,ER__D3,D3,C,PASS,1,2026-10-03T23:19:10,2026-10-03T23:19:11,1.198,experiments/formal/results/width128__13_add128_err_0.0129547_size_1191_depth_27__ER__D3.json,8788037812f2e1ee1084b91647db1977a9b8ebba6f2858d2f86e86ee85bdf85c,,,
width128__13_add128_err_0.0129547_size_1191_depth_27__ER__D4,128,13_add128_err_0.0129547_size_1191_depth_27,ER__D4,D4,C,PASS,1,2026-10-03T23:19:11,2026-10-03T23:19:12,1.202,experiments/formal/results/width128__13_add128_err_0.0129547_size_1191_depth_27__ER__D4.json,6de803e858321b6eed1268cbc4197105f98321e6101ee141c82e4d3b31a0a38d,,,
width128__13_add128_err_0.0129547_size_1191_depth_27__ER__D5,128,13_add128_err_0.0129547_size_1191_depth_27,ER__D5,D5,C,PASS,1,2026-10-03T23:19:12,2026-10-03T23:19:13,1.181,experiments/formal/results/width128__13_add128_err_0.0129547_size_1191_depth_27__ER__D5.json,55fd22cf02aa8bcac69130baa10019201703bcaed9d8ba6462d472271b9b4d4b,,,
width128__13_add128_err_0.0129547_size_1191_depth_27__ER__R0,128,13_add128_err_0.0129547_size_1191_depth_27,ER__R0,R0,C,PASS,1,2026-10-03T23:19:13,2026-10-03T23:19:14,1.169,experiments/formal/results/width128__13_add128_err_0.0129547_size_1191_depth_27__ER__R0.json,43b5c39897b6f49186e3e9f7c689f61c5eafdb9483983c01bea2d50dbbe3eeb7,,,
width128__13_add128_err_0.0129547_size_1191_depth_27__ER__R1,128,13_add128_err_0.0129547_size_1191_depth_27,ER__R1,R1,C,PASS,1,2026-10-03T23:19:14,2026-10-03T23:19:16,1.185,experiments/formal/results/width128__13_add128_err_0.0129547_size_1191_depth_27__ER__R1.json,ecfcb6363eb7c0dfb7dfb6434ab171720134d928e7e8563f6ad02df953ffa96d,,,
width128__13_add128_err_0.0129547_size_1191_depth_27__ER__R2,128,13_add128_err_0.0129547_size_1191_depth_27,ER__R2,R2,C,PASS,1,2026-10-03T23:19:16,2026-10-03T23:19:17,1.197,experiments/formal/results/width128__13_add128_err_0.0129547_size_1191_depth_27__ER__R2.json,95ea0ed05833676603bc46b7d28f7afed3e379fd00d7f6ea7add2be88e33315d,,,
width128__13_add128_err_0.0129547_size_1191_depth_27__ER__R3,128,13_add128_err_0.0129547_size_1191_depth_27,ER__R3,R3,C,PASS,1,2026-10-03T23:19:17,2026-10-03T23:19:18,1.17,experiments/formal/results/width128__13_add128_err_0.0129547_size_1191_depth_27__ER__R3.json,2ca63164307f8cd824771872967e56444f6874e581e9c4f204b60ea96e1c678d,,,
width128__13_add128_err_0.0129547_size_1191_depth_27__ER__R4,128,13_add128_err_0.0129547_size_1191_depth_27,ER__R4,R4,C,PASS,1,2026-10-03T23:19:18,2026-10-03T23:19:19,1.183,experiments/formal/results/width128__13_add128_err_0.0129547_size_1191_depth_27__ER__R4.json,e39cdea8fc9a0634b729f0165d5ebdf08734243db232fc6677c2446e68994ac7,,,
width128__13_add128_err_0.0129547_size_1191_depth_27__ER__R5,128,13_add128_err_0.0129547_size_1191_depth_27,ER__R5,R5,C,PASS,1,2026-10-03T23:19:19,2026-10-03T23:19:21,1.204,experiments/formal/results/width128__13_add128_err_0.0129547_size_1191_depth_27__ER__R5.json,075b23548ded8fa691d7966661575760e86c012a5d909a5d1030088fcd775c2f,,,
width128__13_add128_err_0.0129547_size_1191_depth_27__ER__R6,128,13_add128_err_0.0129547_size_1191_depth_27,ER__R6,R6,C,PASS,1,2026-10-03T23:19:21,2026-10-03T23:19:22,1.194,experiments/formal/results/width128__13_add128_err_0.0129547_size_1191_depth_27__ER__R6.json,6ade81b02c55d8b5be2d0e9e18da246ff4dc0473535b30eea2d68e80d8f6c027,,,
width128__13_add128_err_0.0129547_size_1191_depth_27__ER__R7,128,13_add128_err_0.0129547_size_1191_depth_27,ER__R7,R7,C,PASS,1,2026-10-03T23:19:22,2026-10-03T23:19:23,1.441,experiments/formal/results/width128__13_add128_err_0.0129547_size_1191_depth_27__ER__R7.json,a4203a6b7d9f1469e420cc7dd45d536da04d907bdf6b12866bc22924685a705e,,,
width128__13_add128_err_0.0129547_size_1191_depth_27__ER__R8,128,13_add128_err_0.0129547_size_1191_depth_27,ER__R8,R8,C,PASS,1,2026-10-03T23:19:23,2026-10-03T23:19:25,1.477,experiments/formal/results/width128__13_add128_err_0.0129547_size_1191_depth_27__ER__R8.json,8af00ff19489a6de05613db4ebddc4c6fa39049be891e9de32aef9cbc43cdb85,,,
width128__13_add128_err_0.0129547_size_1191_depth_27__ER__R9,128,13_add128_err_0.0129547_size_1191_depth_27,ER__R9,R9,C,PASS,1,2026-10-03T23:19:25,2026-10-03T23:19:26,1.609,experiments/formal/results/width128__13_add128_err_0.0129547_size_1191_depth_27__ER__R9.json,05c28de3f9a70a157c3896acdbaa15b1b056744c229f7c12b63132f4e08882dd,,,
width128__13_add128_err_0.0129547_size_1191_depth_27__MED__D0,128,13_add128_err_0.0129547_size_1191_depth_27,MED__D0,D0,C,PASS,1,2026-10-03T23:20:48,2026-10-03T23:20:50,2.248,experiments/formal/results/width128__13_add128_err_0.0129547_size_1191_depth_27__MED__D0.json,74a2d2d014e274e6558b5de56560f0a4fa61a734f93010444a7d9c687bab2196,,,
width128__13_add128_err_0.0129547_size_1191_depth_27__MED__D1,128,13_add128_err_0.0129547_size_1191_depth_27,MED__D1,D1,C,PASS,1,2026-10-03T23:20:50,2026-10-03T23:20:52,2.115,experiments/formal/results/width128__13_add128_err_0.0129547_size_1191_depth_27__MED__D1.json,fe22716450ca87f1dbdbcf2be1988337a8b4449118e77ca9ec80dcddc55508fc,,,
width128__13_add128_err_0.0129547_size_1191_depth_27__MED__D2,128,13_add128_err_0.0129547_size_1191_depth_27,MED__D2,D2,C,PASS,1,2026-10-03T23:20:53,2026-10-03T23:20:55,2.047,experiments/formal/results/width128__13_add128_err_0.0129547_size_1191_depth_27__MED__D2.json,657bc590f5cb39405a872abc81ebb9c35fa3faa2bfd79d483921de305d791fc4,,,
width128__13_add128_err_0.0129547_size_1191_depth_27__MED__D3,128,13_add128_err_0.0129547_size_1191_depth_27,MED__D3,D3,C,PASS,1,2026-10-03T23:20:55,2026-10-03T23:20:57,2.206,experiments/formal/results/width128__13_add128_err_0.0129547_size_1191_depth_27__MED__D3.json,37cac547586393d01b6cf305d751926fd4f1846dc87011d66e0c2976be25ce62,,,
width128__13_add128_err_0.0129547_size_1191_depth_27__MED__D4,128,13_add128_err_0.0129547_size_1191_depth_27,MED__D4,D4,C,PASS,1,2026-10-03T23:20:57,2026-10-03T23:20:59,2.066,experiments/formal/results/width128__13_add128_err_0.0129547_size_1191_depth_27__MED__D4.json,e15b61c6d3e39491586dd75ba28790a400aa91890a4bea3b52d9a4118d9a7a33,,,
width128__13_add128_err_0.0129547_size_1191_depth_27__MED__D5,128,13_add128_err_0.0129547_size_1191_depth_27,MED__D5,D5,C,PASS,1,2026-10-03T23:20:59,2026-10-03T23:21:01,2.046,experiments/formal/results/width128__13_add128_err_0.0129547_size_1191_depth_27__MED__D5.json,23e951d573ca73a25ae6ca520aba3aef356c0fa58f2e60c47fa29317ba978ffc,,,
width128__13_add128_err_0.0129547_size_1191_depth_27__compile_ER,128,13_add128_err_0.0129547_size_1191_depth_27,compile_ER,None,C,PASS,1,2026-10-03T23:18:21,2026-10-03T23:19:05,43.717,experiments/formal/results/width128__13_add128_err_0.0129547_size_1191_depth_27__compile_ER.json,8ac74314055d11922f3f1f38c8cf01d4c2d95178edec7245315bf68c027aef2f,,,
width128__13_add128_err_0.0129547_size_1191_depth_27__compile_MED,128,13_add128_err_0.0129547_size_1191_depth_27,compile_MED,None,C,PASS,1,2026-10-03T23:19:27,2026-10-03T23:20:48,81.496,experiments/formal/results/width128__13_add128_err_0.0129547_size_1191_depth_27__compile_MED.json,c01b085ef107b7907104be5f5e49e4822c13129706efe0c52d9a721c6757f609,,,
width128__13_add128_err_0.0129547_size_1191_depth_27__timing_K16,128,13_add128_err_0.0129547_size_1191_depth_27,timing_K16,None,C,PASS,1,2026-10-03T23:21:01,2026-10-03T23:21:48,47.243,experiments/formal/results/width128__13_add128_err_0.0129547_size_1191_depth_27__timing_K16.json,345f375f9001f1f5143c5e79914806d667509f5af650563e5b59e991f217e984,,,
width128__13_add128_err_0.0129547_size_1191_depth_27__timing_K64,128,13_add128_err_0.0129547_size_1191_depth_27,timing_K64,None,C,PASS,1,2026-10-03T23:21:48,2026-10-03T23:23:58,129.882,experiments/formal/results/width128__13_add128_err_0.0129547_size_1191_depth_27__timing_K64.json,506c1c115612e3db51fd1a6d095841c9fe00da307d8723e875fbc94cf76e341f,,,
width128__15_add128_err_0.0169067_size_1176_depth_27__ER__D0,128,15_add128_err_0.0169067_size_1176_depth_27,ER__D0,D0,C,PASS,1,2026-10-03T23:25:41,2026-10-03T23:26:08,26.52,experiments/formal/results/width128__15_add128_err_0.0169067_size_1176_depth_27__ER__D0.json,d16515198178d63b53b85bf3d0e7415ba6ef1f75f34488b42167f7d830f8a294,,,
width128__15_add128_err_0.0169067_size_1176_depth_27__ER__D1,128,15_add128_err_0.0169067_size_1176_depth_27,ER__D1,D1,C,PASS,1,2026-10-03T23:26:08,2026-10-03T23:26:14,6.271,experiments/formal/results/width128__15_add128_err_0.0169067_size_1176_depth_27__ER__D1.json,eb558c5280deedd3af8c59c5026cec453e898405960cbd2b948faec8d137f4c9,,,
width128__15_add128_err_0.0169067_size_1176_depth_27__ER__D2,128,15_add128_err_0.0169067_size_1176_depth_27,ER__D2,D2,C,PASS,1,2026-10-03T23:26:15,2026-10-03T23:26:21,6.338,experiments/formal/results/width128__15_add128_err_0.0169067_size_1176_depth_27__ER__D2.json,c958e6279de432d145ac2b19d57c1652abdc5deabb3863116b6a3bb722c60103,,,
width128__15_add128_err_0.0169067_size_1176_depth_27__ER__D3,128,15_add128_err_0.0169067_size_1176_depth_27,ER__D3,D3,C,PASS,1,2026-10-03T23:26:21,2026-10-03T23:26:27,5.928,experiments/formal/results/width128__15_add128_err_0.0169067_size_1176_depth_27__ER__D3.json,90d70546489385e3a78224d3702e461fda08677b4cd6785993655cf2b50f2fa2,,,
width128__15_add128_err_0.0169067_size_1176_depth_27__ER__D4,128,15_add128_err_0.0169067_size_1176_depth_27,ER__D4,D4,C,PASS,1,2026-10-03T23:26:27,2026-10-03T23:26:34,6.557,experiments/formal/results/width128__15_add128_err_0.0169067_size_1176_depth_27__ER__D4.json,e0ca6772f19da26c78dc55568a82703168f0d657ba22b6d91ac114fe491963f3,,,
width128__15_add128_err_0.0169067_size_1176_depth_27__ER__D5,128,15_add128_err_0.0169067_size_1176_depth_27,ER__D5,D5,C,PASS,1,2026-10-03T23:26:34,2026-10-03T23:26:40,6.184,experiments/formal/results/width128__15_add128_err_0.0169067_size_1176_depth_27__ER__D5.json,1f80ab73a52c46ceda6806b44ba4b687020805f64be30bbf263778c203740ee9,,,
width128__15_add128_err_0.0169067_size_1176_depth_27__ER__R0,128,15_add128_err_0.0169067_size_1176_depth_27,ER__R0,R0,C,PASS,1,2026-10-03T23:26:40,2026-10-03T23:26:46,6.171,experiments/formal/results/width128__15_add128_err_0.0169067_size_1176_depth_27__ER__R0.json,588075f4124e01382e3e861e206dbc92f8a1e8190a6978176f729915688f320a,,,
width128__15_add128_err_0.0169067_size_1176_depth_27__ER__R1,128,15_add128_err_0.0169067_size_1176_depth_27,ER__R1,R1,C,PASS,1,2026-10-03T23:26:46,2026-10-03T23:26:52,6.448,experiments/formal/results/width128__15_add128_err_0.0169067_size_1176_depth_27__ER__R1.json,4ce3be3a8257cf8852b01a39824cb3ac0047c53ecf83837c574a060e87103239,,,
width128__15_add128_err_0.0169067_size_1176_depth_27__ER__R2,128,15_add128_err_0.0169067_size_1176_depth_27,ER__R2,R2,C,PASS,1,2026-10-03T23:26:53,2026-10-03T23:26:58,5.671,experiments/formal/results/width128__15_add128_err_0.0169067_size_1176_depth_27__ER__R2.json,5c53b8dcfb0ed3b9e754373e48c2deeb44347b2b681cefb89b9940546fad7d7a,,,
width128__15_add128_err_0.0169067_size_1176_depth_27__ER__R3,128,15_add128_err_0.0169067_size_1176_depth_27,ER__R3,R3,C,PASS,1,2026-10-03T23:26:58,2026-10-03T23:27:05,6.29,experiments/formal/results/width128__15_add128_err_0.0169067_size_1176_depth_27__ER__R3.json,d3a942e5f5487c86d6d5c80234a6f1e412b2178e059d6f235498596c5a62868a,,,
width128__15_add128_err_0.0169067_size_1176_depth_27__ER__R4,128,15_add128_err_0.0169067_size_1176_depth_27,ER__R4,R4,C,PASS,1,2026-10-03T23:27:05,2026-10-03T23:27:10,5.874,experiments/formal/results/width128__15_add128_err_0.0169067_size_1176_depth_27__ER__R4.json,bb105c43c6135d63e82d9902be50f8b5bc08bb12f051c0d5db2fd987bf00f246,,,
width128__15_add128_err_0.0169067_size_1176_depth_27__ER__R5,128,15_add128_err_0.0169067_size_1176_depth_27,ER__R5,R5,C,PASS,1,2026-10-03T23:27:10,2026-10-03T23:27:17,6.472,experiments/formal/results/width128__15_add128_err_0.0169067_size_1176_depth_27__ER__R5.json,9f5356e6534418ecd4f5b94c853fb63ee91c4c667667fda71ae3c11ae7f4f4f1,,,
width128__15_add128_err_0.0169067_size_1176_depth_27__ER__R6,128,15_add128_err_0.0169067_size_1176_depth_27,ER__R6,R6,C,PASS,1,2026-10-03T23:27:17,2026-10-03T23:27:23,6.394,experiments/formal/results/width128__15_add128_err_0.0169067_size_1176_depth_27__ER__R6.json,560089a5638eebcbf2e5194579231075b13707582b958871adccfa0806ce45e6,,,
width128__15_add128_err_0.0169067_size_1176_depth_27__ER__R7,128,15_add128_err_0.0169067_size_1176_depth_27,ER__R7,R7,C,PASS,1,2026-10-03T23:27:23,2026-10-03T23:27:29,6.075,experiments/formal/results/width128__15_add128_err_0.0169067_size_1176_depth_27__ER__R7.json,03815d29a5640fe8b13f741ee661bfe0403405ea6f824ed41e7db901593ed266,,,
width128__15_add128_err_0.0169067_size_1176_depth_27__ER__R8,128,15_add128_err_0.0169067_size_1176_depth_27,ER__R8,R8,C,PASS,1,2026-10-03T23:27:30,2026-10-03T23:27:36,6.591,experiments/formal/results/width128__15_add128_err_0.0169067_size_1176_depth_27__ER__R8.json,a61830ca76d453e03ef3cf75ac0eebb5588e36e45817cdab9373f46fe6257ee3,,,
width128__15_add128_err_0.0169067_size_1176_depth_27__ER__R9,128,15_add128_err_0.0169067_size_1176_depth_27,ER__R9,R9,C,PASS,1,2026-10-03T23:27:36,2026-10-03T23:27:43,6.306,experiments/formal/results/width128__15_add128_err_0.0169067_size_1176_depth_27__ER__R9.json,6a8745a80a7eaadf11316514a2489e8b896610bcf0a9e3939ec043890244aa4f,,,
width128__15_add128_err_0.0169067_size_1176_depth_27__MED__D0,128,15_add128_err_0.0169067_size_1176_depth_27,MED__D0,D0,C,PASS,1,2026-10-03T23:29:26,2026-10-03T23:29:29,3.552,experiments/formal/results/width128__15_add128_err_0.0169067_size_1176_depth_27__MED__D0.json,0d19500f4666d44ff56b3dea219d001b797092185db30fd22cb61f014b35c10b,,,
width128__15_add128_err_0.0169067_size_1176_depth_27__MED__D1,128,15_add128_err_0.0169067_size_1176_depth_27,MED__D1,D1,C,PASS,1,2026-10-03T23:29:29,2026-10-03T23:29:33,3.96,experiments/formal/results/width128__15_add128_err_0.0169067_size_1176_depth_27__MED__D1.json,c28420009cd5b66d86bca7a400125b609deae1522f9c80eb2f15b7308239ff4e,,,
width128__15_add128_err_0.0169067_size_1176_depth_27__MED__D2,128,15_add128_err_0.0169067_size_1176_depth_27,MED__D2,D2,C,PASS,1,2026-10-03T23:29:33,2026-10-03T23:29:37,3.839,experiments/formal/results/width128__15_add128_err_0.0169067_size_1176_depth_27__MED__D2.json,d547d25158daf01017c282501f1ef614e9e12265ae8103adaff52be23ebfbeae,,,
width128__15_add128_err_0.0169067_size_1176_depth_27__MED__D3,128,15_add128_err_0.0169067_size_1176_depth_27,MED__D3,D3,C,PASS,1,2026-10-03T23:29:37,2026-10-03T23:29:41,3.402,experiments/formal/results/width128__15_add128_err_0.0169067_size_1176_depth_27__MED__D3.json,910b94cf795bf5ebac3bdcfb86c8532c01f75661b7a6f862befa15698ed2ac0f,,,
width128__15_add128_err_0.0169067_size_1176_depth_27__MED__D4,128,15_add128_err_0.0169067_size_1176_depth_27,MED__D4,D4,C,PASS,1,2026-10-03T23:29:41,2026-10-03T23:29:44,3.26,experiments/formal/results/width128__15_add128_err_0.0169067_size_1176_depth_27__MED__D4.json,2e06eaa7473cca0a45db9fd30c0cad526f520c2af1c661a45d350ff3cddcee5d,,,
width128__15_add128_err_0.0169067_size_1176_depth_27__MED__D5,128,15_add128_err_0.0169067_size_1176_depth_27,MED__D5,D5,C,PASS,1,2026-10-03T23:29:44,2026-10-03T23:29:47,3.412,experiments/formal/results/width128__15_add128_err_0.0169067_size_1176_depth_27__MED__D5.json,406ba763723f6bc6dfcf02340fd13b073f71e0694f12b8f51f84cf70234c6035,,,
width128__15_add128_err_0.0169067_size_1176_depth_27__compile_ER,128,15_add128_err_0.0169067_size_1176_depth_27,compile_ER,None,C,PASS,1,2026-10-03T23:23:58,2026-10-03T23:25:41,103.177,experiments/formal/results/width128__15_add128_err_0.0169067_size_1176_depth_27__compile_ER.json,43f1eccc5afda7af4887e7fd9e1f89d34c48103af3ebf37fd6a9bf11fc70aa2c,,,
width128__15_add128_err_0.0169067_size_1176_depth_27__compile_MED,128,15_add128_err_0.0169067_size_1176_depth_27,compile_MED,None,C,PASS,1,2026-10-03T23:27:43,2026-10-03T23:29:26,103.141,experiments/formal/results/width128__15_add128_err_0.0169067_size_1176_depth_27__compile_MED.json,b7ff9965ecf7f366d8907187f9da02de0e2d425d7e8b0c1dedab01898d9c8cef,,,
width128__15_add128_err_0.0169067_size_1176_depth_27__timing_K16,128,15_add128_err_0.0169067_size_1176_depth_27,timing_K16,None,C,PASS,1,2026-10-03T23:29:47,2026-10-03T23:33:17,209.789,experiments/formal/results/width128__15_add128_err_0.0169067_size_1176_depth_27__timing_K16.json,baf9822b92aab88f0802220bf18609323f10a8f20d1b0e9be3c3e42866677474,,,
width128__15_add128_err_0.0169067_size_1176_depth_27__timing_K64,128,15_add128_err_0.0169067_size_1176_depth_27,timing_K64,None,C,PASS,1,2026-10-03T23:33:17,2026-10-03T23:41:04,466.998,experiments/formal/results/width128__15_add128_err_0.0169067_size_1176_depth_27__timing_K64.json,396a27a1e753e01ee3e0a690ce467a5151c1ce4ee8e4e5b09fd21d93fb16e922,,,
width128__17_add128_err_0.0470276_size_1167_depth_27__ER__D0,128,17_add128_err_0.0470276_size_1167_depth_27,ER__D0,D0,C,PASS,1,2026-10-03T23:42:25,2026-10-03T23:42:27,2.01,experiments/formal/results/width128__17_add128_err_0.0470276_size_1167_depth_27__ER__D0.json,cca8bd16e3c9d723cbeaae42d8717b6c5b659cee8c7eb3cb9bc963a08609ab67,,,
width128__17_add128_err_0.0470276_size_1167_depth_27__ER__D1,128,17_add128_err_0.0470276_size_1167_depth_27,ER__D1,D1,C,PASS,1,2026-10-03T23:42:28,2026-10-03T23:42:29,1.781,experiments/formal/results/width128__17_add128_err_0.0470276_size_1167_depth_27__ER__D1.json,680a1247992be72b024a36fd75d41cbf58b42a8f6c1ae9189f2d24332d994c35,,,
width128__17_add128_err_0.0470276_size_1167_depth_27__ER__D2,128,17_add128_err_0.0470276_size_1167_depth_27,ER__D2,D2,C,PASS,1,2026-10-03T23:42:30,2026-10-03T23:42:31,1.834,experiments/formal/results/width128__17_add128_err_0.0470276_size_1167_depth_27__ER__D2.json,f482c5e711b141b38cb1db662dd2935170fafdba378652021e8f568273538d2e,,,
width128__17_add128_err_0.0470276_size_1167_depth_27__ER__D3,128,17_add128_err_0.0470276_size_1167_depth_27,ER__D3,D3,C,PASS,1,2026-10-03T23:42:31,2026-10-03T23:42:33,1.974,experiments/formal/results/width128__17_add128_err_0.0470276_size_1167_depth_27__ER__D3.json,c2b0efbd6a39a45110246acc7e67c9de293bd2d7d87b5a60fa260ecc866a5904,,,
width128__17_add128_err_0.0470276_size_1167_depth_27__ER__D4,128,17_add128_err_0.0470276_size_1167_depth_27,ER__D4,D4,C,PASS,1,2026-10-03T23:42:34,2026-10-03T23:42:35,1.874,experiments/formal/results/width128__17_add128_err_0.0470276_size_1167_depth_27__ER__D4.json,c44bb6a9e19cba80152a0501d5adecac02cf601eda7ddf6062f2339413358eb5,,,
width128__17_add128_err_0.0470276_size_1167_depth_27__ER__D5,128,17_add128_err_0.0470276_size_1167_depth_27,ER__D5,D5,C,PASS,1,2026-10-03T23:42:35,2026-10-03T23:42:37,1.971,experiments/formal/results/width128__17_add128_err_0.0470276_size_1167_depth_27__ER__D5.json,e2c2d69b895374eca3718e7898aa2447f30b480e54d9713ae40e695ce253a61d,,,
width128__17_add128_err_0.0470276_size_1167_depth_27__ER__R0,128,17_add128_err_0.0470276_size_1167_depth_27,ER__R0,R0,C,PASS,1,2026-10-03T23:42:38,2026-10-03T23:42:39,1.917,experiments/formal/results/width128__17_add128_err_0.0470276_size_1167_depth_27__ER__R0.json,adca193167a6d46bad820db338a164708aba081af550bc7e45eb76c3c86f7931,,,
width128__17_add128_err_0.0470276_size_1167_depth_27__ER__R1,128,17_add128_err_0.0470276_size_1167_depth_27,ER__R1,R1,C,PASS,1,2026-10-03T23:42:40,2026-10-03T23:42:42,2.092,experiments/formal/results/width128__17_add128_err_0.0470276_size_1167_depth_27__ER__R1.json,c7a31249058753455ebe37e3a0c84eaed28fb3098ac2dbd18a6f8dcaf0003c7d,,,
width128__17_add128_err_0.0470276_size_1167_depth_27__ER__R2,128,17_add128_err_0.0470276_size_1167_depth_27,ER__R2,R2,C,PASS,1,2026-10-03T23:42:42,2026-10-03T23:42:44,1.872,experiments/formal/results/width128__17_add128_err_0.0470276_size_1167_depth_27__ER__R2.json,baca4ec84766dd19a97731df67b45d45ab1dde431dd0bdb997f3fc88a8c29343,,,
width128__17_add128_err_0.0470276_size_1167_depth_27__ER__R3,128,17_add128_err_0.0470276_size_1167_depth_27,ER__R3,R3,C,PASS,1,2026-10-03T23:42:44,2026-10-03T23:42:46,2.04,experiments/formal/results/width128__17_add128_err_0.0470276_size_1167_depth_27__ER__R3.json,1e2fcd32fa427eec028dbb051d5b63eadb7b417f2f514b76f72b16d08f360dd9,,,
width128__17_add128_err_0.0470276_size_1167_depth_27__ER__R4,128,17_add128_err_0.0470276_size_1167_depth_27,ER__R4,R4,C,PASS,1,2026-10-03T23:42:46,2026-10-03T23:42:48,1.951,experiments/formal/results/width128__17_add128_err_0.0470276_size_1167_depth_27__ER__R4.json,77f6581954f299ce8232cea8da81ca6079f64ea6f6013acd1d929b050e5a7632,,,
width128__17_add128_err_0.0470276_size_1167_depth_27__ER__R5,128,17_add128_err_0.0470276_size_1167_depth_27,ER__R5,R5,C,PASS,1,2026-10-03T23:42:48,2026-10-03T23:42:50,1.959,experiments/formal/results/width128__17_add128_err_0.0470276_size_1167_depth_27__ER__R5.json,8f3c55e4a444ca313f9bd1e356618fe6382988d957b5a4a67f669f8f9ece6a36,,,
width128__17_add128_err_0.0470276_size_1167_depth_27__ER__R6,128,17_add128_err_0.0470276_size_1167_depth_27,ER__R6,R6,C,PASS,1,2026-10-03T23:42:50,2026-10-03T23:42:52,1.917,experiments/formal/results/width128__17_add128_err_0.0470276_size_1167_depth_27__ER__R6.json,84dfe53211339bfdf45b73182c721d10d57a7b02f7bd077d051f79108f57f214,,,
width128__17_add128_err_0.0470276_size_1167_depth_27__ER__R7,128,17_add128_err_0.0470276_size_1167_depth_27,ER__R7,R7,C,PASS,1,2026-10-03T23:42:52,2026-10-03T23:42:54,1.866,experiments/formal/results/width128__17_add128_err_0.0470276_size_1167_depth_27__ER__R7.json,a30e706b872a68deefd6642be3564e92647dadeb556d97fde6ceba065dbabfbe,,,
width128__17_add128_err_0.0470276_size_1167_depth_27__ER__R8,128,17_add128_err_0.0470276_size_1167_depth_27,ER__R8,R8,C,PASS,1,2026-10-03T23:42:54,2026-10-03T23:42:56,1.989,experiments/formal/results/width128__17_add128_err_0.0470276_size_1167_depth_27__ER__R8.json,0de03ec186fd0b90f939d5728a6ab13b7e1c4e59a9333714ee53b038b3bf5812,,,
width128__17_add128_err_0.0470276_size_1167_depth_27__ER__R9,128,17_add128_err_0.0470276_size_1167_depth_27,ER__R9,R9,C,PASS,1,2026-10-03T23:42:56,2026-10-03T23:42:58,1.917,experiments/formal/results/width128__17_add128_err_0.0470276_size_1167_depth_27__ER__R9.json,fc57a7dd19cdcc8d826c4627d8704fc6fd1db9b8529ddb4af2cce6f1b7a95f0c,,,
width128__17_add128_err_0.0470276_size_1167_depth_27__MED__D0,128,17_add128_err_0.0470276_size_1167_depth_27,MED__D0,D0,C,PASS,1,2026-10-03T23:44:44,2026-10-03T23:44:48,3.408,experiments/formal/results/width128__17_add128_err_0.0470276_size_1167_depth_27__MED__D0.json,77fc2af6b2a74f56940c6bb31ceaf67290f691ac8e9cddb14c177ccf6ce3efdc,,,
width128__17_add128_err_0.0470276_size_1167_depth_27__MED__D1,128,17_add128_err_0.0470276_size_1167_depth_27,MED__D1,D1,C,PASS,1,2026-10-03T23:44:48,2026-10-03T23:44:51,3.483,experiments/formal/results/width128__17_add128_err_0.0470276_size_1167_depth_27__MED__D1.json,bb78c63b6524311ca0cc653708e92136b046a1b3e85e452e72971b7a1c0360e7,,,
width128__17_add128_err_0.0470276_size_1167_depth_27__MED__D2,128,17_add128_err_0.0470276_size_1167_depth_27,MED__D2,D2,C,PASS,1,2026-10-03T23:44:52,2026-10-03T23:44:55,3.371,experiments/formal/results/width128__17_add128_err_0.0470276_size_1167_depth_27__MED__D2.json,2fc9394e70be3de0c7445bf6219813fcd4aa3479e0c093b9116966fc67b0f6ef,,,
width128__17_add128_err_0.0470276_size_1167_depth_27__MED__D3,128,17_add128_err_0.0470276_size_1167_depth_27,MED__D3,D3,C,PASS,1,2026-10-03T23:44:55,2026-10-03T23:44:58,3.139,experiments/formal/results/width128__17_add128_err_0.0470276_size_1167_depth_27__MED__D3.json,5ea6d14fad3d2e70365adb4d846b5debaa7899c2fb227b4dd4f937a15dcb7cde,,,
width128__17_add128_err_0.0470276_size_1167_depth_27__MED__D4,128,17_add128_err_0.0470276_size_1167_depth_27,MED__D4,D4,C,PASS,1,2026-10-03T23:44:58,2026-10-03T23:45:02,3.402,experiments/formal/results/width128__17_add128_err_0.0470276_size_1167_depth_27__MED__D4.json,326b36435489d2559ecc879a8e64affc787c36b2c15d76cd269e982d8ccb211d,,,
width128__17_add128_err_0.0470276_size_1167_depth_27__MED__D5,128,17_add128_err_0.0470276_size_1167_depth_27,MED__D5,D5,C,PASS,1,2026-10-03T23:45:02,2026-10-03T23:45:05,3.146,experiments/formal/results/width128__17_add128_err_0.0470276_size_1167_depth_27__MED__D5.json,70cadfa57f4e070179129f4d2fdae773531988be9d107122fc06a9286a406f39,,,
width128__17_add128_err_0.0470276_size_1167_depth_27__compile_ER,128,17_add128_err_0.0470276_size_1167_depth_27,compile_ER,None,C,PASS,1,2026-10-03T23:41:04,2026-10-03T23:42:25,80.795,experiments/formal/results/width128__17_add128_err_0.0470276_size_1167_depth_27__compile_ER.json,3814d8d46de7cc0d92270dfd83e5a5048987f7f2021bceedfaab9570856c6018,,,
width128__17_add128_err_0.0470276_size_1167_depth_27__compile_MED,128,17_add128_err_0.0470276_size_1167_depth_27,compile_MED,None,C,PASS,1,2026-10-03T23:42:58,2026-10-03T23:44:44,106.748,experiments/formal/results/width128__17_add128_err_0.0470276_size_1167_depth_27__compile_MED.json,9bbd09444a9db3b3a4ba7080dd16bf71cb20e7af63352402dc9b8d7ef7986510,,,
width128__17_add128_err_0.0470276_size_1167_depth_27__timing_K16,128,17_add128_err_0.0470276_size_1167_depth_27,timing_K16,None,C,PASS,1,2026-10-03T23:45:05,2026-10-03T23:46:50,105.102,experiments/formal/results/width128__17_add128_err_0.0470276_size_1167_depth_27__timing_K16.json,4f8c4733e69499bf337a6c07e1e13ab2a9cb7a5d31abd3cb39708a0f467b04a8,,,
width128__17_add128_err_0.0470276_size_1167_depth_27__timing_K64,128,17_add128_err_0.0470276_size_1167_depth_27,timing_K64,None,C,PASS,1,2026-10-03T23:46:50,2026-10-03T23:50:21,211.06,experiments/formal/results/width128__17_add128_err_0.0470276_size_1167_depth_27__timing_K64.json,8894290d39058167cbed2760671d2f7d2deb33431572e0c485f424385c45800e,,,
width128__1_add128_err_0_size_1291_depth_27__ER__D0,128,1_add128_err_0_size_1291_depth_27,ER__D0,D0,C,PASS,1,2026-10-03T23:50:23,2026-10-03T23:50:24,0.449,experiments/formal/results/width128__1_add128_err_0_size_1291_depth_27__ER__D0.json,540db08b645e7eaf9cdc1643c9c509b63afa1c9d3991f82ddc98120b009789e2,,,
width128__1_add128_err_0_size_1291_depth_27__ER__D1,128,1_add128_err_0_size_1291_depth_27,ER__D1,D1,C,PASS,1,2026-10-03T23:50:24,2026-10-03T23:50:24,0.437,experiments/formal/results/width128__1_add128_err_0_size_1291_depth_27__ER__D1.json,0b21b7719681180a7af8c796568604c3006bd8216c027ae915235f3ba0e156ac,,,
width128__1_add128_err_0_size_1291_depth_27__ER__D2,128,1_add128_err_0_size_1291_depth_27,ER__D2,D2,C,PASS,1,2026-10-03T23:50:24,2026-10-03T23:50:25,0.465,experiments/formal/results/width128__1_add128_err_0_size_1291_depth_27__ER__D2.json,1a39c36d769751a25423041e58ff180768097dec07ca361b4d9acb929c2845f3,,,
width128__1_add128_err_0_size_1291_depth_27__ER__D3,128,1_add128_err_0_size_1291_depth_27,ER__D3,D3,C,PASS,1,2026-10-03T23:50:25,2026-10-03T23:50:25,0.485,experiments/formal/results/width128__1_add128_err_0_size_1291_depth_27__ER__D3.json,2cd04efb39249220620e520ae197df5e92731100e9535dfd8a6fbda3f49263b8,,,
width128__1_add128_err_0_size_1291_depth_27__ER__D4,128,1_add128_err_0_size_1291_depth_27,ER__D4,D4,C,PASS,1,2026-10-03T23:50:25,2026-10-03T23:50:26,0.434,experiments/formal/results/width128__1_add128_err_0_size_1291_depth_27__ER__D4.json,4ea2b0f67558d1d67148e16ac5bb1f6b73a74c0fccb7bf8ad889ff6429ca3f87,,,
width128__1_add128_err_0_size_1291_depth_27__ER__D5,128,1_add128_err_0_size_1291_depth_27,ER__D5,D5,C,PASS,1,2026-10-03T23:50:26,2026-10-03T23:50:26,0.464,experiments/formal/results/width128__1_add128_err_0_size_1291_depth_27__ER__D5.json,ecf4f9d06e43eedfc85f3e88dd97b025d1413659b69b06392614fe46b7922d12,,,
width128__1_add128_err_0_size_1291_depth_27__ER__R0,128,1_add128_err_0_size_1291_depth_27,ER__R0,R0,C,PASS,1,2026-10-03T23:50:26,2026-10-03T23:50:27,0.446,experiments/formal/results/width128__1_add128_err_0_size_1291_depth_27__ER__R0.json,2763f1a2569e34d4c2a9d25a1b25a7781bc885bfde55df41364a6697a53f51a4,,,
width128__1_add128_err_0_size_1291_depth_27__ER__R1,128,1_add128_err_0_size_1291_depth_27,ER__R1,R1,C,PASS,1,2026-10-03T23:50:27,2026-10-03T23:50:27,0.335,experiments/formal/results/width128__1_add128_err_0_size_1291_depth_27__ER__R1.json,6bc8a27801b841e64873df3e49ad65cd6a1d37fb860ad8823a7ed73ccbb149e1,,,
width128__1_add128_err_0_size_1291_depth_27__ER__R2,128,1_add128_err_0_size_1291_depth_27,ER__R2,R2,C,PASS,1,2026-10-03T23:50:27,2026-10-03T23:50:27,0.372,experiments/formal/results/width128__1_add128_err_0_size_1291_depth_27__ER__R2.json,24884aaa76d197b1e455c75b09e5e4d53796dd2b417d4cb95f28fcae61310d3b,,,
width128__1_add128_err_0_size_1291_depth_27__ER__R3,128,1_add128_err_0_size_1291_depth_27,ER__R3,R3,C,PASS,1,2026-10-03T23:50:27,2026-10-03T23:50:28,0.42,experiments/formal/results/width128__1_add128_err_0_size_1291_depth_27__ER__R3.json,f1287daa333f22d02c4b282b177553c2f58dce7490585932a84abcd2c7bb2104,,,
width128__1_add128_err_0_size_1291_depth_27__ER__R4,128,1_add128_err_0_size_1291_depth_27,ER__R4,R4,C,PASS,1,2026-10-03T23:50:28,2026-10-03T23:50:28,0.404,experiments/formal/results/width128__1_add128_err_0_size_1291_depth_27__ER__R4.json,6dca8ef93790ade282183f94e7c2eab65c5f5b7787de0a07fc438435e20805b1,,,
width128__1_add128_err_0_size_1291_depth_27__ER__R5,128,1_add128_err_0_size_1291_depth_27,ER__R5,R5,C,PASS,1,2026-10-03T23:50:28,2026-10-03T23:50:29,0.426,experiments/formal/results/width128__1_add128_err_0_size_1291_depth_27__ER__R5.json,544bd39c8f4cba459f7009250a2465179ab49fee5292af4ced40a74e84b5aa96,,,
width128__1_add128_err_0_size_1291_depth_27__ER__R6,128,1_add128_err_0_size_1291_depth_27,ER__R6,R6,C,PASS,1,2026-10-03T23:50:29,2026-10-03T23:50:29,0.39,experiments/formal/results/width128__1_add128_err_0_size_1291_depth_27__ER__R6.json,e575195226fafa7580d6b078dd3f34b187db248cb84b7b51989e2b92f1f816bc,,,
width128__1_add128_err_0_size_1291_depth_27__ER__R7,128,1_add128_err_0_size_1291_depth_27,ER__R7,R7,C,PASS,1,2026-10-03T23:50:29,2026-10-03T23:50:30,0.455,experiments/formal/results/width128__1_add128_err_0_size_1291_depth_27__ER__R7.json,229a2587abb3a35269814ee170cc9bff61f3d0f8749c318211fb0b94d5e2b0ab,,,
width128__1_add128_err_0_size_1291_depth_27__ER__R8,128,1_add128_err_0_size_1291_depth_27,ER__R8,R8,C,PASS,1,2026-10-03T23:50:30,2026-10-03T23:50:30,0.576,experiments/formal/results/width128__1_add128_err_0_size_1291_depth_27__ER__R8.json,a90036a887230e9027c1ff1bb756625364c3c31c307cac0be8b2e5e6df1f7167,,,
width128__1_add128_err_0_size_1291_depth_27__ER__R9,128,1_add128_err_0_size_1291_depth_27,ER__R9,R9,C,PASS,1,2026-10-03T23:50:30,2026-10-03T23:50:31,0.365,experiments/formal/results/width128__1_add128_err_0_size_1291_depth_27__ER__R9.json,c38733163e5feb13f090d304ed96cff63c02e5ad001ba2cdfdce76a47e424938,,,
width128__1_add128_err_0_size_1291_depth_27__MED__D0,128,1_add128_err_0_size_1291_depth_27,MED__D0,D0,C,PASS,1,2026-10-03T23:50:36,2026-10-03T23:50:36,0.653,experiments/formal/results/width128__1_add128_err_0_size_1291_depth_27__MED__D0.json,2ca9c230161d9163e9abf3ace3bf8376063be50fe2881786aaa0cdae7e5797f2,,,
width128__1_add128_err_0_size_1291_depth_27__MED__D1,128,1_add128_err_0_size_1291_depth_27,MED__D1,D1,C,PASS,1,2026-10-03T23:50:36,2026-10-03T23:50:37,0.377,experiments/formal/results/width128__1_add128_err_0_size_1291_depth_27__MED__D1.json,37f55a380333690ae6eae28cb1557c3b05f27d75ce6f713263981762d0cb3c7e,,,
width128__1_add128_err_0_size_1291_depth_27__MED__D2,128,1_add128_err_0_size_1291_depth_27,MED__D2,D2,C,PASS,1,2026-10-03T23:50:37,2026-10-03T23:50:37,0.442,experiments/formal/results/width128__1_add128_err_0_size_1291_depth_27__MED__D2.json,862bb633329cdc60644573e2b8a7d00d3aff0755b9fb7383a70bbb4dc39bf173,,,
width128__1_add128_err_0_size_1291_depth_27__MED__D3,128,1_add128_err_0_size_1291_depth_27,MED__D3,D3,C,PASS,1,2026-10-03T23:50:37,2026-10-03T23:50:38,0.358,experiments/formal/results/width128__1_add128_err_0_size_1291_depth_27__MED__D3.json,658521e5f08706065e2668af10f6eebf398083a87cf7a83f39649d57df6fd322,,,
width128__1_add128_err_0_size_1291_depth_27__MED__D4,128,1_add128_err_0_size_1291_depth_27,MED__D4,D4,C,PASS,1,2026-10-03T23:50:38,2026-10-03T23:50:38,0.392,experiments/formal/results/width128__1_add128_err_0_size_1291_depth_27__MED__D4.json,772173729d1ec3c3dfc96dba7b881b075e3b17ec6039a34f775480ad27e0f831,,,
width128__1_add128_err_0_size_1291_depth_27__MED__D5,128,1_add128_err_0_size_1291_depth_27,MED__D5,D5,C,PASS,1,2026-10-03T23:50:38,2026-10-03T23:50:39,0.449,experiments/formal/results/width128__1_add128_err_0_size_1291_depth_27__MED__D5.json,b125e7c5838d72855230435e4b55e5aa39bf92f0bf82f7c536109ca0d5ce3672,,,
width128__1_add128_err_0_size_1291_depth_27__compile_ER,128,1_add128_err_0_size_1291_depth_27,compile_ER,None,C,PASS,1,2026-10-03T23:50:21,2026-10-03T23:50:23,1.657,experiments/formal/results/width128__1_add128_err_0_size_1291_depth_27__compile_ER.json,87d2124e133684a9744edbbae0eef335c80cb33448c3a00e28c423a0547b308f,,,
width128__1_add128_err_0_size_1291_depth_27__compile_MED,128,1_add128_err_0_size_1291_depth_27,compile_MED,None,C,PASS,1,2026-10-03T23:50:31,2026-10-03T23:50:36,5.053,experiments/formal/results/width128__1_add128_err_0_size_1291_depth_27__compile_MED.json,68103e846c02bdcf2595c47ebbd52b821e9ce43f93cf32bc7777f9ea9dc2f4ab,,,
width128__1_add128_err_0_size_1291_depth_27__timing_K16,128,1_add128_err_0_size_1291_depth_27,timing_K16,None,C,PASS,1,2026-10-03T23:50:39,2026-10-03T23:50:47,8.313,experiments/formal/results/width128__1_add128_err_0_size_1291_depth_27__timing_K16.json,43a5f74c5371b7a5204887267f8d31704da1b660d387af1607108abbdda56392,,,
width128__1_add128_err_0_size_1291_depth_27__timing_K64,128,1_add128_err_0_size_1291_depth_27,timing_K64,None,C,PASS,1,2026-10-03T23:50:47,2026-10-03T23:51:16,29.031,experiments/formal/results/width128__1_add128_err_0_size_1291_depth_27__timing_K64.json,7a5add151ad8e63c14d93f522aadc98bf3a8279a6306aaabfa504a7656e6beae,,,
width128__2_add128_err_0_size_1272_depth_27__ER__D0,128,2_add128_err_0_size_1272_depth_27,ER__D0,D0,C,PASS,1,2026-10-03T23:51:27,2026-10-03T23:51:28,0.689,experiments/formal/results/width128__2_add128_err_0_size_1272_depth_27__ER__D0.json,626ac8a56bc4f2df7662b57f29ea10305c9bfa2e09da0bc36c5cf9e20aa526f5,,,
width128__2_add128_err_0_size_1272_depth_27__ER__D1,128,2_add128_err_0_size_1272_depth_27,ER__D1,D1,C,PASS,1,2026-10-03T23:51:28,2026-10-03T23:51:28,0.536,experiments/formal/results/width128__2_add128_err_0_size_1272_depth_27__ER__D1.json,34ade03fb15c5efb99241137e21b4d70642e01d2ee01824716d0438649ea7cb2,,,
width128__2_add128_err_0_size_1272_depth_27__ER__D2,128,2_add128_err_0_size_1272_depth_27,ER__D2,D2,C,PASS,1,2026-10-03T23:51:28,2026-10-03T23:51:29,0.737,experiments/formal/results/width128__2_add128_err_0_size_1272_depth_27__ER__D2.json,f17e2acbc718d1b00c0e370b02735b159159cf20e7f5d46be1b21a391bcbaa52,,,
width128__2_add128_err_0_size_1272_depth_27__ER__D3,128,2_add128_err_0_size_1272_depth_27,ER__D3,D3,C,PASS,1,2026-10-03T23:51:29,2026-10-03T23:51:30,0.588,experiments/formal/results/width128__2_add128_err_0_size_1272_depth_27__ER__D3.json,5935ed00184b02de5c6fd8ab032025d3cbbcf30a334d03fa91be04d4b0af9fdc,,,
width128__2_add128_err_0_size_1272_depth_27__ER__D4,128,2_add128_err_0_size_1272_depth_27,ER__D4,D4,C,PASS,1,2026-10-03T23:51:30,2026-10-03T23:51:30,0.534,experiments/formal/results/width128__2_add128_err_0_size_1272_depth_27__ER__D4.json,3a735249deeebcecafff80a012b670d717e795b1b74735711349bab979e962ec,,,
width128__2_add128_err_0_size_1272_depth_27__ER__D5,128,2_add128_err_0_size_1272_depth_27,ER__D5,D5,C,PASS,1,2026-10-03T23:51:30,2026-10-03T23:51:31,0.622,experiments/formal/results/width128__2_add128_err_0_size_1272_depth_27__ER__D5.json,ddedbd1fd778c76efa7c81da984f85bfb35a884c6b0367971492276adbc4023a,,,
width128__2_add128_err_0_size_1272_depth_27__ER__R0,128,2_add128_err_0_size_1272_depth_27,ER__R0,R0,C,PASS,1,2026-10-03T23:51:31,2026-10-03T23:51:32,0.597,experiments/formal/results/width128__2_add128_err_0_size_1272_depth_27__ER__R0.json,0496804f09a958c17a728f1b813f7e42cc34bcc19623ed97694534b6ebc5fc08,,,
width128__2_add128_err_0_size_1272_depth_27__ER__R1,128,2_add128_err_0_size_1272_depth_27,ER__R1,R1,C,PASS,1,2026-10-03T23:51:32,2026-10-03T23:51:32,0.658,experiments/formal/results/width128__2_add128_err_0_size_1272_depth_27__ER__R1.json,d3e1145577365764928a17ad1d2f9236826801e121fe6af6a056162458eb6be0,,,
width128__2_add128_err_0_size_1272_depth_27__ER__R2,128,2_add128_err_0_size_1272_depth_27,ER__R2,R2,C,PASS,1,2026-10-03T23:51:32,2026-10-03T23:51:33,0.57,experiments/formal/results/width128__2_add128_err_0_size_1272_depth_27__ER__R2.json,93487a7dd526b2cc7b959a155da0e16a95506b10a1caeac1929758d3cba34194,,,
width128__2_add128_err_0_size_1272_depth_27__ER__R3,128,2_add128_err_0_size_1272_depth_27,ER__R3,R3,C,PASS,1,2026-10-03T23:51:33,2026-10-03T23:51:34,0.602,experiments/formal/results/width128__2_add128_err_0_size_1272_depth_27__ER__R3.json,3b8f5382a480e748bdb7fefefa7531524944fa7c0e77b20f4fa626c26f51ea3a,,,
width128__2_add128_err_0_size_1272_depth_27__ER__R4,128,2_add128_err_0_size_1272_depth_27,ER__R4,R4,C,PASS,1,2026-10-03T23:51:34,2026-10-03T23:51:34,0.58,experiments/formal/results/width128__2_add128_err_0_size_1272_depth_27__ER__R4.json,367fbb38b85369b8aaf2901321abc684aaec96a47d25d08d79d71edaa5cf4f55,,,
width128__2_add128_err_0_size_1272_depth_27__ER__R5,128,2_add128_err_0_size_1272_depth_27,ER__R5,R5,C,PASS,1,2026-10-03T23:51:34,2026-10-03T23:51:35,0.618,experiments/formal/results/width128__2_add128_err_0_size_1272_depth_27__ER__R5.json,f20207dc4d6b57c10dacceb5be55fbfe40f1cc28b003481e6b38b9de6561171f,,,
width128__2_add128_err_0_size_1272_depth_27__ER__R6,128,2_add128_err_0_size_1272_depth_27,ER__R6,R6,C,PASS,1,2026-10-03T23:51:35,2026-10-03T23:51:36,0.964,experiments/formal/results/width128__2_add128_err_0_size_1272_depth_27__ER__R6.json,6d5a0ee2746a1309016b879061f3494c9feca528f2c37585fb2aab2ea7106aac,,,
width128__2_add128_err_0_size_1272_depth_27__ER__R7,128,2_add128_err_0_size_1272_depth_27,ER__R7,R7,C,PASS,1,2026-10-03T23:51:36,2026-10-03T23:51:36,0.577,experiments/formal/results/width128__2_add128_err_0_size_1272_depth_27__ER__R7.json,dab21af8bc66f42cd068da6b94255ad727c2864517a90c4608decc2cad9861a3,,,
width128__2_add128_err_0_size_1272_depth_27__ER__R8,128,2_add128_err_0_size_1272_depth_27,ER__R8,R8,C,PASS,1,2026-10-03T23:51:36,2026-10-03T23:51:37,0.691,experiments/formal/results/width128__2_add128_err_0_size_1272_depth_27__ER__R8.json,2e6836fe4b5f5bea969ef996eb55057af46bdf708d78249043b75263c027973c,,,
width128__2_add128_err_0_size_1272_depth_27__ER__R9,128,2_add128_err_0_size_1272_depth_27,ER__R9,R9,C,PASS,1,2026-10-03T23:51:37,2026-10-03T23:51:38,0.691,experiments/formal/results/width128__2_add128_err_0_size_1272_depth_27__ER__R9.json,7567700e8a42976519640012a28402e7c20d6f93e7f09de4e4ebdfa9eb022afa,,,
width128__2_add128_err_0_size_1272_depth_27__MED__D0,128,2_add128_err_0_size_1272_depth_27,MED__D0,D0,C,PASS,1,2026-10-03T23:51:50,2026-10-03T23:51:51,0.946,experiments/formal/results/width128__2_add128_err_0_size_1272_depth_27__MED__D0.json,8165164857b952021fd6f55cf1d75cf3d4f87f63ca70146a29d366dd5841ccdb,,,
width128__2_add128_err_0_size_1272_depth_27__MED__D1,128,2_add128_err_0_size_1272_depth_27,MED__D1,D1,C,PASS,1,2026-10-03T23:51:51,2026-10-03T23:51:52,0.976,experiments/formal/results/width128__2_add128_err_0_size_1272_depth_27__MED__D1.json,3a708b826d06d3556c6a5f4d708d6e420179471569e4061064909cc2d9e3ddee,,,
width128__2_add128_err_0_size_1272_depth_27__MED__D2,128,2_add128_err_0_size_1272_depth_27,MED__D2,D2,C,PASS,1,2026-10-03T23:51:52,2026-10-03T23:51:53,0.881,experiments/formal/results/width128__2_add128_err_0_size_1272_depth_27__MED__D2.json,bfa38cd9e67c5ac2e7e69a7d74e9f2c06497e279fcb04e5935f008938ddbb97f,,,
width128__2_add128_err_0_size_1272_depth_27__MED__D3,128,2_add128_err_0_size_1272_depth_27,MED__D3,D3,C,PASS,1,2026-10-03T23:51:53,2026-10-03T23:51:54,0.861,experiments/formal/results/width128__2_add128_err_0_size_1272_depth_27__MED__D3.json,0dd2ae45af9876b527a2373ef908c2fe30f707278ab149445a38f30ad44b6321,,,
width128__2_add128_err_0_size_1272_depth_27__MED__D4,128,2_add128_err_0_size_1272_depth_27,MED__D4,D4,C,PASS,1,2026-10-03T23:51:54,2026-10-03T23:51:55,0.841,experiments/formal/results/width128__2_add128_err_0_size_1272_depth_27__MED__D4.json,c20d1d06d2e2e26e028919f1d2811ee05067cb9661c71d1dbc131f0e1aba8df8,,,
width128__2_add128_err_0_size_1272_depth_27__MED__D5,128,2_add128_err_0_size_1272_depth_27,MED__D5,D5,C,PASS,1,2026-10-03T23:51:55,2026-10-03T23:51:56,0.768,experiments/formal/results/width128__2_add128_err_0_size_1272_depth_27__MED__D5.json,f88946337cc489713cbdc0107b9ae072e1b643e1d528d7a58a85ac75610626da,,,
width128__2_add128_err_0_size_1272_depth_27__compile_ER,128,2_add128_err_0_size_1272_depth_27,compile_ER,None,C,PASS,1,2026-10-03T23:51:16,2026-10-03T23:51:27,10.684,experiments/formal/results/width128__2_add128_err_0_size_1272_depth_27__compile_ER.json,cc1a6db8b1ff97e17a96eb93a5cca2e13463fe8f5e85702967144ab4ac5dc40c,,,
width128__2_add128_err_0_size_1272_depth_27__compile_MED,128,2_add128_err_0_size_1272_depth_27,compile_MED,None,C,PASS,1,2026-10-03T23:51:38,2026-10-03T23:51:50,12.286,experiments/formal/results/width128__2_add128_err_0_size_1272_depth_27__compile_MED.json,97552a4bbf7ec22197629eb139802d47296d9e99fb2408a37d8192e38def9067,,,
width128__2_add128_err_0_size_1272_depth_27__timing_K16,128,2_add128_err_0_size_1272_depth_27,timing_K16,None,C,PASS,1,2026-10-03T23:51:56,2026-10-03T23:52:16,20.382,experiments/formal/results/width128__2_add128_err_0_size_1272_depth_27__timing_K16.json,4760f266f5508bf4eb776ab0dcf607fd52877f6620cc4de4b65c471d29e97752,,,
width128__2_add128_err_0_size_1272_depth_27__timing_K64,128,2_add128_err_0_size_1272_depth_27,timing_K64,None,C,PASS,1,2026-10-03T23:52:16,2026-10-03T23:53:07,51.044,experiments/formal/results/width128__2_add128_err_0_size_1272_depth_27__timing_K64.json,18771345c175eabb0a5e4ae13c04a0bbaf7538c09cd616427a1992e5d91742b8,,,
width128__4_add128_err_0_size_1253_depth_27__ER__D0,128,4_add128_err_0_size_1253_depth_27,ER__D0,D0,C,PASS,1,2026-10-03T23:56:09,2026-10-03T23:56:11,1.74,experiments/formal/results/width128__4_add128_err_0_size_1253_depth_27__ER__D0.json,7b1fca201960002884b7b58563171a9415a5926a86c9df2923e75742b3dc1cbb,,,
width128__4_add128_err_0_size_1253_depth_27__ER__D1,128,4_add128_err_0_size_1253_depth_27,ER__D1,D1,C,PASS,1,2026-10-03T23:56:11,2026-10-03T23:56:13,1.403,experiments/formal/results/width128__4_add128_err_0_size_1253_depth_27__ER__D1.json,9f4e26438e1a23401d5d81bf940c23bd2429680ddb760dbc0c91a976c0babc18,,,
width128__4_add128_err_0_size_1253_depth_27__ER__D2,128,4_add128_err_0_size_1253_depth_27,ER__D2,D2,C,PASS,1,2026-10-03T23:56:13,2026-10-03T23:56:14,1.228,experiments/formal/results/width128__4_add128_err_0_size_1253_depth_27__ER__D2.json,7da96edef67770918a7fa6a1758105f3399ccbed79f37a7f8fdbd6e74cf506eb,,,
width128__4_add128_err_0_size_1253_depth_27__ER__D3,128,4_add128_err_0_size_1253_depth_27,ER__D3,D3,C,PASS,1,2026-10-03T23:56:14,2026-10-03T23:56:15,1.089,experiments/formal/results/width128__4_add128_err_0_size_1253_depth_27__ER__D3.json,c564fb3fdd9218f2312e03904b5c3d7b9f75f36ae963d14b67a17b3f509b084d,,,
width128__4_add128_err_0_size_1253_depth_27__ER__D4,128,4_add128_err_0_size_1253_depth_27,ER__D4,D4,C,PASS,1,2026-10-03T23:56:15,2026-10-03T23:56:16,1.246,experiments/formal/results/width128__4_add128_err_0_size_1253_depth_27__ER__D4.json,c0e7662e13cbac889ef15a612a85af59c8459eac596274b533bc656c59b37124,,,
width128__4_add128_err_0_size_1253_depth_27__ER__D5,128,4_add128_err_0_size_1253_depth_27,ER__D5,D5,C,PASS,1,2026-10-03T23:56:16,2026-10-03T23:56:18,1.439,experiments/formal/results/width128__4_add128_err_0_size_1253_depth_27__ER__D5.json,307151bb1512d2c6cd461d485f5285a240a0aef31e5332891985e337056ee809,,,
width128__4_add128_err_0_size_1253_depth_27__ER__R0,128,4_add128_err_0_size_1253_depth_27,ER__R0,R0,C,PASS,1,2026-10-03T23:56:18,2026-10-03T23:56:19,1.119,experiments/formal/results/width128__4_add128_err_0_size_1253_depth_27__ER__R0.json,79e7c1763fcde41ebf2f9b1746d7224eb00d6bc5938b48039d0fbbe5d7b402f0,,,
width128__4_add128_err_0_size_1253_depth_27__ER__R1,128,4_add128_err_0_size_1253_depth_27,ER__R1,R1,C,PASS,1,2026-10-03T23:56:19,2026-10-03T23:56:20,1.048,experiments/formal/results/width128__4_add128_err_0_size_1253_depth_27__ER__R1.json,2a9b9ba040c63c7985479539425934aff0880c612810fb388dea6b3e754a0146,,,
width128__4_add128_err_0_size_1253_depth_27__ER__R2,128,4_add128_err_0_size_1253_depth_27,ER__R2,R2,C,PASS,1,2026-10-03T23:56:20,2026-10-03T23:56:21,1.296,experiments/formal/results/width128__4_add128_err_0_size_1253_depth_27__ER__R2.json,d4e8725427418c06a575295a757c460649d887c663d8c101f0bab627c22345e5,,,
width128__4_add128_err_0_size_1253_depth_27__ER__R3,128,4_add128_err_0_size_1253_depth_27,ER__R3,R3,C,PASS,1,2026-10-03T23:56:22,2026-10-03T23:56:23,1.625,experiments/formal/results/width128__4_add128_err_0_size_1253_depth_27__ER__R3.json,175d62428c869cc2f16937b5d3ed85306e525fbd311aed19e85f95d5c38e7f31,,,
width128__4_add128_err_0_size_1253_depth_27__ER__R4,128,4_add128_err_0_size_1253_depth_27,ER__R4,R4,C,PASS,1,2026-10-03T23:56:23,2026-10-03T23:56:25,1.74,experiments/formal/results/width128__4_add128_err_0_size_1253_depth_27__ER__R4.json,fd2e040182ce1506d8a9584ecbcfbc4646473fdb88346eb82486ee35edc09cad,,,
width128__4_add128_err_0_size_1253_depth_27__ER__R5,128,4_add128_err_0_size_1253_depth_27,ER__R5,R5,C,PASS,1,2026-10-03T23:56:25,2026-10-03T23:56:26,1.34,experiments/formal/results/width128__4_add128_err_0_size_1253_depth_27__ER__R5.json,2a3e4959ae0825e345b01f202e5619b44458c56ed7130df1355a8d3cfec72afc,,,
width128__4_add128_err_0_size_1253_depth_27__ER__R6,128,4_add128_err_0_size_1253_depth_27,ER__R6,R6,C,PASS,1,2026-10-03T23:56:26,2026-10-03T23:56:28,1.82,experiments/formal/results/width128__4_add128_err_0_size_1253_depth_27__ER__R6.json,8e61a11cd05cc8f1802a2430a30b15bfa1b7442dc61e837366a9ae12d36fbf70,,,
width128__4_add128_err_0_size_1253_depth_27__ER__R7,128,4_add128_err_0_size_1253_depth_27,ER__R7,R7,C,PASS,1,2026-10-03T23:56:28,2026-10-03T23:56:30,1.398,experiments/formal/results/width128__4_add128_err_0_size_1253_depth_27__ER__R7.json,7ec40dc069270a557e51b8665f99de26cc079eb2b548d1966fc4c2247383372a,,,
width128__4_add128_err_0_size_1253_depth_27__ER__R8,128,4_add128_err_0_size_1253_depth_27,ER__R8,R8,C,PASS,1,2026-10-03T23:56:30,2026-10-03T23:56:31,1.594,experiments/formal/results/width128__4_add128_err_0_size_1253_depth_27__ER__R8.json,fdac9f8b12d90bb83061fc6975042399b24bf7acced2ed25db4b4a5201ea42cb,,,
width128__4_add128_err_0_size_1253_depth_27__ER__R9,128,4_add128_err_0_size_1253_depth_27,ER__R9,R9,C,PASS,1,2026-10-03T23:56:31,2026-10-03T23:56:34,2.027,experiments/formal/results/width128__4_add128_err_0_size_1253_depth_27__ER__R9.json,7c347aba56bd6b856b665aae1c0dee900077596c3e11c602e8ff97f2aab66ba3,,,
width128__4_add128_err_0_size_1253_depth_27__MED__D0,128,4_add128_err_0_size_1253_depth_27,MED__D0,D0,C,PASS,1,2026-10-03T23:59:29,2026-10-03T23:59:32,3.128,experiments/formal/results/width128__4_add128_err_0_size_1253_depth_27__MED__D0.json,ef5bc5d2c4574fdb2b5928a802ee538046842fd9b5f73b8a364ca79c00e52d30,,,
width128__4_add128_err_0_size_1253_depth_27__MED__D1,128,4_add128_err_0_size_1253_depth_27,MED__D1,D1,C,PASS,1,2026-10-03T23:59:32,2026-10-03T23:59:35,2.986,experiments/formal/results/width128__4_add128_err_0_size_1253_depth_27__MED__D1.json,56b6aa809967cdc483d04949c9debae856df99e58649b343c80dcc55cd80e75a,,,
width128__4_add128_err_0_size_1253_depth_27__MED__D2,128,4_add128_err_0_size_1253_depth_27,MED__D2,D2,C,PASS,1,2026-10-03T23:59:35,2026-10-03T23:59:37,2.613,experiments/formal/results/width128__4_add128_err_0_size_1253_depth_27__MED__D2.json,1f093778b08380c0785ec7802e2745d94f75ce0519442e00fb8d298c673694d2,,,
width128__4_add128_err_0_size_1253_depth_27__MED__D3,128,4_add128_err_0_size_1253_depth_27,MED__D3,D3,C,PASS,1,2026-10-03T23:59:38,2026-10-03T23:59:40,2.602,experiments/formal/results/width128__4_add128_err_0_size_1253_depth_27__MED__D3.json,4ac44c83744996a0d115126f93a75f5b33f1539001ead40c0551b1e0ae304d44,,,
width128__4_add128_err_0_size_1253_depth_27__MED__D4,128,4_add128_err_0_size_1253_depth_27,MED__D4,D4,C,PASS,1,2026-10-03T23:59:40,2026-10-03T23:59:43,2.914,experiments/formal/results/width128__4_add128_err_0_size_1253_depth_27__MED__D4.json,98b63d5d84104910c852bd44bdb2609cec3b441cb152b58fe69ef1be85c2bef7,,,
width128__4_add128_err_0_size_1253_depth_27__MED__D5,128,4_add128_err_0_size_1253_depth_27,MED__D5,D5,C,PASS,1,2026-10-03T23:59:43,2026-10-03T23:59:46,2.944,experiments/formal/results/width128__4_add128_err_0_size_1253_depth_27__MED__D5.json,5d4e6b58faf860ba9c9a1150746d5f2b7f794105caae35c2c8cc910850a5c170,,,
width128__4_add128_err_0_size_1253_depth_27__compile_ER,128,4_add128_err_0_size_1253_depth_27,compile_ER,None,C,TIMEOUT,1,2026-10-03T23:53:08,2026-10-03T23:56:09,181.834,experiments/formal/results/width128__4_add128_err_0_size_1253_depth_27__compile_ER.json,ce094c8292fd5703fa03eca2eead9607788104a7f9df1fab8a7bb03f25390468,,,
width128__4_add128_err_0_size_1253_depth_27__compile_MED,128,4_add128_err_0_size_1253_depth_27,compile_MED,None,C,PASS,1,2026-10-03T23:56:34,2026-10-03T23:59:29,174.96,experiments/formal/results/width128__4_add128_err_0_size_1253_depth_27__compile_MED.json,3c901f74ac40f9b484a24e65d1d93c28b63f2948d9db383621963850e57b88df,,,
width128__4_add128_err_0_size_1253_depth_27__timing_K16,128,4_add128_err_0_size_1253_depth_27,timing_K16,None,C,TIMEOUT,1,2026-10-03T23:59:48,2026-10-04T00:02:49,181.204,experiments/formal/results/width128__4_add128_err_0_size_1253_depth_27__timing_K16.json,e91f61208eb79bfa221f74bc4e5feb0842b518e912dad4787f3d544aad8ffa2b,,,
width128__4_add128_err_0_size_1253_depth_27__timing_K64,128,4_add128_err_0_size_1253_depth_27,timing_K64,None,C,PASS,1,2026-10-04T00:02:49,2026-10-04T00:06:41,232.531,experiments/formal/results/width128__4_add128_err_0_size_1253_depth_27__timing_K64.json,da9f4477c46db35ade3be3ba95fd7d506bd464cbbd4b7edbeb5515a3d82642aa,,,
width128__6_add128_err_0.00038147_size_1248_depth_27__ER__D0,128,6_add128_err_0.00038147_size_1248_depth_27,ER__D0,D0,C,PASS,1,2026-10-04T00:07:22,2026-10-04T00:07:24,1.721,experiments/formal/results/width128__6_add128_err_0.00038147_size_1248_depth_27__ER__D0.json,ba7585094346c9b81b92414b7040548b3db7ac9c468bf9959d02433413b96ce4,,,
width128__6_add128_err_0.00038147_size_1248_depth_27__ER__D1,128,6_add128_err_0.00038147_size_1248_depth_27,ER__D1,D1,C,PASS,1,2026-10-04T00:07:24,2026-10-04T00:07:25,1.382,experiments/formal/results/width128__6_add128_err_0.00038147_size_1248_depth_27__ER__D1.json,2982689b85ff120619cce127da1a8c387e2e21ec91450f950099c80593e49798,,,
width128__6_add128_err_0.00038147_size_1248_depth_27__ER__D2,128,6_add128_err_0.00038147_size_1248_depth_27,ER__D2,D2,C,PASS,1,2026-10-04T00:07:25,2026-10-04T00:07:27,1.46,experiments/formal/results/width128__6_add128_err_0.00038147_size_1248_depth_27__ER__D2.json,d2fbbe0c666717eb14a56fe5907d14885b9782492ceb2ac25ba0085608d3c312,,,
width128__6_add128_err_0.00038147_size_1248_depth_27__ER__D3,128,6_add128_err_0.00038147_size_1248_depth_27,ER__D3,D3,C,PASS,1,2026-10-04T00:07:27,2026-10-04T00:07:28,1.467,experiments/formal/results/width128__6_add128_err_0.00038147_size_1248_depth_27__ER__D3.json,00da14579f386e289cebc556ed1fb6700cb234d2e37503e7124f369ca6a0ef23,,,
width128__6_add128_err_0.00038147_size_1248_depth_27__ER__D4,128,6_add128_err_0.00038147_size_1248_depth_27,ER__D4,D4,C,PASS,1,2026-10-04T00:07:28,2026-10-04T00:07:30,1.468,experiments/formal/results/width128__6_add128_err_0.00038147_size_1248_depth_27__ER__D4.json,bce8003fb6043d1fb0cfdc7d57766cd354db9ef5450d1df808ca79e8e039ae50,,,
width128__6_add128_err_0.00038147_size_1248_depth_27__ER__D5,128,6_add128_err_0.00038147_size_1248_depth_27,ER__D5,D5,C,PASS,1,2026-10-04T00:07:30,2026-10-04T00:07:31,1.428,experiments/formal/results/width128__6_add128_err_0.00038147_size_1248_depth_27__ER__D5.json,c0a13d20aea7ef33f3ede7b600d9f27cdd491592206955ccf36f76224558ac78,,,
width128__6_add128_err_0.00038147_size_1248_depth_27__ER__R0,128,6_add128_err_0.00038147_size_1248_depth_27,ER__R0,R0,C,PASS,1,2026-10-04T00:07:31,2026-10-04T00:07:33,1.37,experiments/formal/results/width128__6_add128_err_0.00038147_size_1248_depth_27__ER__R0.json,d6606f13ea4584afc05c2e39a001e58b7b0c9c5b9ba3a2cd2dec2111ddfe14af,,,
width128__6_add128_err_0.00038147_size_1248_depth_27__ER__R1,128,6_add128_err_0.00038147_size_1248_depth_27,ER__R1,R1,C,PASS,1,2026-10-04T00:07:33,2026-10-04T00:07:35,1.717,experiments/formal/results/width128__6_add128_err_0.00038147_size_1248_depth_27__ER__R1.json,455a1b3cc1b4a40b484da926b2e007c7666b9fec011fa1f7e8930e9d41e7e0c1,,,
width128__6_add128_err_0.00038147_size_1248_depth_27__ER__R2,128,6_add128_err_0.00038147_size_1248_depth_27,ER__R2,R2,C,PASS,1,2026-10-04T00:07:35,2026-10-04T00:07:36,1.485,experiments/formal/results/width128__6_add128_err_0.00038147_size_1248_depth_27__ER__R2.json,a029708abcbc96d34da3659076127bc34ae20dcf6f5174939e724566af784ef2,,,
width128__6_add128_err_0.00038147_size_1248_depth_27__ER__R3,128,6_add128_err_0.00038147_size_1248_depth_27,ER__R3,R3,C,PASS,1,2026-10-04T00:07:36,2026-10-04T00:07:38,1.391,experiments/formal/results/width128__6_add128_err_0.00038147_size_1248_depth_27__ER__R3.json,73408b56abb612b81aeed76a26e5312ddfb28c24159cf00022d8a0f0865268b1,,,
width128__6_add128_err_0.00038147_size_1248_depth_27__ER__R4,128,6_add128_err_0.00038147_size_1248_depth_27,ER__R4,R4,C,PASS,1,2026-10-04T00:07:38,2026-10-04T00:07:39,1.424,experiments/formal/results/width128__6_add128_err_0.00038147_size_1248_depth_27__ER__R4.json,d6165773aa1b49dfd12c87b0fe93c54532a2ec84b7abb55b1227573a366a3b1e,,,
width128__6_add128_err_0.00038147_size_1248_depth_27__ER__R5,128,6_add128_err_0.00038147_size_1248_depth_27,ER__R5,R5,C,PASS,1,2026-10-04T00:07:39,2026-10-04T00:07:41,1.497,experiments/formal/results/width128__6_add128_err_0.00038147_size_1248_depth_27__ER__R5.json,ae61a9f2e09847acd2f58b3e3e5b264057aa11c198a5acd352008af1b4c65bfd,,,
width128__6_add128_err_0.00038147_size_1248_depth_27__ER__R6,128,6_add128_err_0.00038147_size_1248_depth_27,ER__R6,R6,C,PASS,1,2026-10-04T00:07:41,2026-10-04T00:07:42,1.764,experiments/formal/results/width128__6_add128_err_0.00038147_size_1248_depth_27__ER__R6.json,e618df74f79b736b3358d0959d3352921902141867a7916ae4f758b4e29ebd13,,,
width128__6_add128_err_0.00038147_size_1248_depth_27__ER__R7,128,6_add128_err_0.00038147_size_1248_depth_27,ER__R7,R7,C,PASS,1,2026-10-04T00:07:42,2026-10-04T00:07:44,1.658,experiments/formal/results/width128__6_add128_err_0.00038147_size_1248_depth_27__ER__R7.json,19eb61f44515bda60b9c8964097c6394bfc3e6aef40725b9aa02ddf344c98851,,,
width128__6_add128_err_0.00038147_size_1248_depth_27__ER__R8,128,6_add128_err_0.00038147_size_1248_depth_27,ER__R8,R8,C,PASS,1,2026-10-04T00:07:44,2026-10-04T00:07:46,1.604,experiments/formal/results/width128__6_add128_err_0.00038147_size_1248_depth_27__ER__R8.json,e8055bc8f9f20837fe4d736837485b35240ee82c6ad85a7d6515d354b145d3de,,,
width128__6_add128_err_0.00038147_size_1248_depth_27__ER__R9,128,6_add128_err_0.00038147_size_1248_depth_27,ER__R9,R9,C,PASS,1,2026-10-04T00:07:46,2026-10-04T00:07:47,1.524,experiments/formal/results/width128__6_add128_err_0.00038147_size_1248_depth_27__ER__R9.json,40fb4692e532f960c08579b0f6620028e1a98fa6f326bb47a3daed115ab08b7b,,,
width128__6_add128_err_0.00038147_size_1248_depth_27__MED__D0,128,6_add128_err_0.00038147_size_1248_depth_27,MED__D0,D0,C,PASS,1,2026-10-04T00:09:26,2026-10-04T00:09:28,2.655,experiments/formal/results/width128__6_add128_err_0.00038147_size_1248_depth_27__MED__D0.json,f9ce9550f6295df01a73f1952b642d2a2f6a075449beaf1a787e2c50c9739736,,,
width128__6_add128_err_0.00038147_size_1248_depth_27__MED__D1,128,6_add128_err_0.00038147_size_1248_depth_27,MED__D1,D1,C,PASS,1,2026-10-04T00:09:28,2026-10-04T00:09:31,2.452,experiments/formal/results/width128__6_add128_err_0.00038147_size_1248_depth_27__MED__D1.json,ac42c86e167838e2daa23104f4740f01be5714c57a311fcfaac5021ead60f4c0,,,
width128__6_add128_err_0.00038147_size_1248_depth_27__MED__D2,128,6_add128_err_0.00038147_size_1248_depth_27,MED__D2,D2,C,PASS,1,2026-10-04T00:09:31,2026-10-04T00:09:33,2.11,experiments/formal/results/width128__6_add128_err_0.00038147_size_1248_depth_27__MED__D2.json,58ec66a2d3c4fe56d9c40d0dd54e0059033e38ba6b95deeab189f603dbcd754b,,,
width128__6_add128_err_0.00038147_size_1248_depth_27__MED__D3,128,6_add128_err_0.00038147_size_1248_depth_27,MED__D3,D3,C,PASS,1,2026-10-04T00:09:33,2026-10-04T00:09:35,2.102,experiments/formal/results/width128__6_add128_err_0.00038147_size_1248_depth_27__MED__D3.json,f6ab6adbbf6f378ae3d23df2245e785c62a0104d6b175ec6fc90f053ea330e8a,,,
width128__6_add128_err_0.00038147_size_1248_depth_27__MED__D4,128,6_add128_err_0.00038147_size_1248_depth_27,MED__D4,D4,C,PASS,1,2026-10-04T00:09:35,2026-10-04T00:09:37,2.102,experiments/formal/results/width128__6_add128_err_0.00038147_size_1248_depth_27__MED__D4.json,89bb2f24655569498dbaabfe6f9e680d37d7064fd46141b3020ccf762af2842f,,,
width128__6_add128_err_0.00038147_size_1248_depth_27__MED__D5,128,6_add128_err_0.00038147_size_1248_depth_27,MED__D5,D5,C,PASS,1,2026-10-04T00:09:38,2026-10-04T00:09:40,2.116,experiments/formal/results/width128__6_add128_err_0.00038147_size_1248_depth_27__MED__D5.json,4de811199a043f48a4c1ae99d529eb0f1f2836efe4cbf1124b28644b8232a04a,,,
width128__6_add128_err_0.00038147_size_1248_depth_27__compile_ER,128,6_add128_err_0.00038147_size_1248_depth_27,compile_ER,None,C,PASS,1,2026-10-04T00:06:41,2026-10-04T00:07:22,40.769,experiments/formal/results/width128__6_add128_err_0.00038147_size_1248_depth_27__compile_ER.json,31b54954164b7bceed6178b371a31df4f256d83cab327e4c063133ab01ccf574,,,
width128__6_add128_err_0.00038147_size_1248_depth_27__compile_MED,128,6_add128_err_0.00038147_size_1248_depth_27,compile_MED,None,C,PASS,1,2026-10-04T00:07:47,2026-10-04T00:09:26,98.35,experiments/formal/results/width128__6_add128_err_0.00038147_size_1248_depth_27__compile_MED.json,fecb06d0e7b800fcf10ca56de83a35279f6c4f7f0ddd0e9206670bfbaaebae31,,,
width128__6_add128_err_0.00038147_size_1248_depth_27__timing_K16,128,6_add128_err_0.00038147_size_1248_depth_27,timing_K16,None,C,PASS,1,2026-10-04T00:09:40,2026-10-04T00:10:44,64.239,experiments/formal/results/width128__6_add128_err_0.00038147_size_1248_depth_27__timing_K16.json,c170d6a57b482f19130a5f53552961513e48f0400581be869aee1e590e539d86,,,
width128__6_add128_err_0.00038147_size_1248_depth_27__timing_K64,128,6_add128_err_0.00038147_size_1248_depth_27,timing_K64,None,C,PASS,1,2026-10-04T00:10:44,2026-10-04T00:12:58,133.523,experiments/formal/results/width128__6_add128_err_0.00038147_size_1248_depth_27__timing_K64.json,f20322568c9a6a71ca6f62dee41978481f87e5ccc776b4fa15e0a72edb7fce68,,,
width128__8_add128_err_0.00361633_size_1230_depth_27__ER__D0,128,8_add128_err_0.00361633_size_1230_depth_27,ER__D0,D0,C,PASS,1,2026-10-04T00:13:52,2026-10-04T00:13:53,1.512,experiments/formal/results/width128__8_add128_err_0.00361633_size_1230_depth_27__ER__D0.json,9775a1c7546dfdf48cdb5016c7b5e1337845c8d64087ffbe27eeebd8dd85be14,,,
width128__8_add128_err_0.00361633_size_1230_depth_27__ER__D1,128,8_add128_err_0.00361633_size_1230_depth_27,ER__D1,D1,C,PASS,1,2026-10-04T00:13:53,2026-10-04T00:13:55,1.548,experiments/formal/results/width128__8_add128_err_0.00361633_size_1230_depth_27__ER__D1.json,3c4466895758096108d6e267b8078682bba81c007e41fc0728233571bc962152,,,
width128__8_add128_err_0.00361633_size_1230_depth_27__ER__D2,128,8_add128_err_0.00361633_size_1230_depth_27,ER__D2,D2,C,PASS,1,2026-10-04T00:13:55,2026-10-04T00:13:57,1.638,experiments/formal/results/width128__8_add128_err_0.00361633_size_1230_depth_27__ER__D2.json,2b52f9e3fdae9ca093d0de230e60685b750774f2c2edcc8a8b57acb7d4305e52,,,
width128__8_add128_err_0.00361633_size_1230_depth_27__ER__D3,128,8_add128_err_0.00361633_size_1230_depth_27,ER__D3,D3,C,PASS,1,2026-10-04T00:13:57,2026-10-04T00:13:58,1.416,experiments/formal/results/width128__8_add128_err_0.00361633_size_1230_depth_27__ER__D3.json,362c1dcaccaee2b6fbbba75608daab953e6ad7e1319e732a97209a9a60d5e4db,,,
width128__8_add128_err_0.00361633_size_1230_depth_27__ER__D4,128,8_add128_err_0.00361633_size_1230_depth_27,ER__D4,D4,C,PASS,1,2026-10-04T00:13:58,2026-10-04T00:14:00,1.588,experiments/formal/results/width128__8_add128_err_0.00361633_size_1230_depth_27__ER__D4.json,6071407ff541a8b8ce2892d464b1c858523b648211055616fe9332a3e7f3d92d,,,
width128__8_add128_err_0.00361633_size_1230_depth_27__ER__D5,128,8_add128_err_0.00361633_size_1230_depth_27,ER__D5,D5,C,PASS,1,2026-10-04T00:14:00,2026-10-04T00:14:01,1.692,experiments/formal/results/width128__8_add128_err_0.00361633_size_1230_depth_27__ER__D5.json,28b609550f53a72ade5fb9ee3f305a47698fba51d9af07394d05b5efdc1fabdf,,,
width128__8_add128_err_0.00361633_size_1230_depth_27__ER__R0,128,8_add128_err_0.00361633_size_1230_depth_27,ER__R0,R0,C,PASS,1,2026-10-04T00:14:01,2026-10-04T00:14:03,1.653,experiments/formal/results/width128__8_add128_err_0.00361633_size_1230_depth_27__ER__R0.json,1103091d94467b824b320c8e03c52eca29cac4c417e5e0c94b8fb20aab40c019,,,
width128__8_add128_err_0.00361633_size_1230_depth_27__ER__R1,128,8_add128_err_0.00361633_size_1230_depth_27,ER__R1,R1,C,PASS,1,2026-10-04T00:14:03,2026-10-04T00:14:05,1.859,experiments/formal/results/width128__8_add128_err_0.00361633_size_1230_depth_27__ER__R1.json,140363a4147b4af3adde606bc778ba77c3ade367c789b10b15e03a9351727ac4,,,
width128__8_add128_err_0.00361633_size_1230_depth_27__ER__R2,128,8_add128_err_0.00361633_size_1230_depth_27,ER__R2,R2,C,PASS,1,2026-10-04T00:14:05,2026-10-04T00:14:07,1.527,experiments/formal/results/width128__8_add128_err_0.00361633_size_1230_depth_27__ER__R2.json,0f37db88045a81b85c145c056b58460eb6b71eb143ebf877374670a55cbbf251,,,
width128__8_add128_err_0.00361633_size_1230_depth_27__ER__R3,128,8_add128_err_0.00361633_size_1230_depth_27,ER__R3,R3,C,PASS,1,2026-10-04T00:14:07,2026-10-04T00:14:08,1.602,experiments/formal/results/width128__8_add128_err_0.00361633_size_1230_depth_27__ER__R3.json,bdc4d60fdef2ef32d3294805daaa1f01f978be7dd0616c841a06fb600f38c2f2,,,
width128__8_add128_err_0.00361633_size_1230_depth_27__ER__R4,128,8_add128_err_0.00361633_size_1230_depth_27,ER__R4,R4,C,PASS,1,2026-10-04T00:14:08,2026-10-04T00:14:10,1.549,experiments/formal/results/width128__8_add128_err_0.00361633_size_1230_depth_27__ER__R4.json,560848d3cdfefdaa59181c30469e19fa9291219817245d30e3496de68719b834,,,
width128__8_add128_err_0.00361633_size_1230_depth_27__ER__R5,128,8_add128_err_0.00361633_size_1230_depth_27,ER__R5,R5,C,PASS,1,2026-10-04T00:14:10,2026-10-04T00:14:12,1.594,experiments/formal/results/width128__8_add128_err_0.00361633_size_1230_depth_27__ER__R5.json,8bacf40ed90c21ee2601615979bc5a64428b20052b18237c3e9aed79751292fc,,,
width128__8_add128_err_0.00361633_size_1230_depth_27__ER__R6,128,8_add128_err_0.00361633_size_1230_depth_27,ER__R6,R6,C,PASS,1,2026-10-04T00:14:12,2026-10-04T00:14:13,1.602,experiments/formal/results/width128__8_add128_err_0.00361633_size_1230_depth_27__ER__R6.json,05a5e145c5e6a98065f980de579b8d7ed9cb0aa4c8af028dcdf62ca86c93cf31,,,
width128__8_add128_err_0.00361633_size_1230_depth_27__ER__R7,128,8_add128_err_0.00361633_size_1230_depth_27,ER__R7,R7,C,PASS,1,2026-10-04T00:14:13,2026-10-04T00:14:15,1.371,experiments/formal/results/width128__8_add128_err_0.00361633_size_1230_depth_27__ER__R7.json,129bd28c60b96825d02c621243f969179aba226f82df149cd59bef8dabf9fe5e,,,
width128__8_add128_err_0.00361633_size_1230_depth_27__ER__R8,128,8_add128_err_0.00361633_size_1230_depth_27,ER__R8,R8,C,PASS,1,2026-10-04T00:14:15,2026-10-04T00:14:16,1.686,experiments/formal/results/width128__8_add128_err_0.00361633_size_1230_depth_27__ER__R8.json,c51fb6762378f7a2562939411d38e680d0b642aaaa0f68dead88dfb3e34b268a,,,
width128__8_add128_err_0.00361633_size_1230_depth_27__ER__R9,128,8_add128_err_0.00361633_size_1230_depth_27,ER__R9,R9,C,PASS,1,2026-10-04T00:14:16,2026-10-04T00:14:18,1.514,experiments/formal/results/width128__8_add128_err_0.00361633_size_1230_depth_27__ER__R9.json,f5d3faa844592a4310563a76c766a8d1ace1560249f5e8d08ad7f5bfb0aaecbf,,,
width128__8_add128_err_0.00361633_size_1230_depth_27__MED__D0,128,8_add128_err_0.00361633_size_1230_depth_27,MED__D0,D0,C,PASS,1,2026-10-04T00:15:14,2026-10-04T00:15:15,1.964,experiments/formal/results/width128__8_add128_err_0.00361633_size_1230_depth_27__MED__D0.json,5d29a991a86f286a11f999922f4e8fc8c9df5a3fbc98bad984bc5a46561c8086,,,
width128__8_add128_err_0.00361633_size_1230_depth_27__MED__D1,128,8_add128_err_0.00361633_size_1230_depth_27,MED__D1,D1,C,PASS,1,2026-10-04T00:15:16,2026-10-04T00:15:18,2.015,experiments/formal/results/width128__8_add128_err_0.00361633_size_1230_depth_27__MED__D1.json,7bbfcbcddb1622ace69c349d70c02820f3e3ca4c7e318e6672d8f82bb92fedb4,,,
width128__8_add128_err_0.00361633_size_1230_depth_27__MED__D2,128,8_add128_err_0.00361633_size_1230_depth_27,MED__D2,D2,C,PASS,1,2026-10-04T00:15:18,2026-10-04T00:15:20,2.839,experiments/formal/results/width128__8_add128_err_0.00361633_size_1230_depth_27__MED__D2.json,0da59ebc698ce8a32800ebd78cc5487ff1a3ac6728d4ad8a0c1494343d9fbfd2,,,
width128__8_add128_err_0.00361633_size_1230_depth_27__MED__D3,128,8_add128_err_0.00361633_size_1230_depth_27,MED__D3,D3,C,PASS,1,2026-10-04T00:15:20,2026-10-04T00:15:22,1.926,experiments/formal/results/width128__8_add128_err_0.00361633_size_1230_depth_27__MED__D3.json,bc7b857ddd9a6af31f1f90b35e40ff5c7b1f738be81700ee79e8822eefdd28cc,,,
width128__8_add128_err_0.00361633_size_1230_depth_27__MED__D4,128,8_add128_err_0.00361633_size_1230_depth_27,MED__D4,D4,C,PASS,1,2026-10-04T00:15:23,2026-10-04T00:15:24,1.802,experiments/formal/results/width128__8_add128_err_0.00361633_size_1230_depth_27__MED__D4.json,c2d84488c93179445e5e8b5dfa03b1108e328c52498fdf433cd2883702bd4687,,,
width128__8_add128_err_0.00361633_size_1230_depth_27__MED__D5,128,8_add128_err_0.00361633_size_1230_depth_27,MED__D5,D5,C,PASS,1,2026-10-04T00:15:24,2026-10-04T00:15:26,1.86,experiments/formal/results/width128__8_add128_err_0.00361633_size_1230_depth_27__MED__D5.json,74dbba467532979d540e5486825f9f767de4be16ab0ea2ab1d2493f25a598a9a,,,
width128__8_add128_err_0.00361633_size_1230_depth_27__compile_ER,128,8_add128_err_0.00361633_size_1230_depth_27,compile_ER,None,C,PASS,1,2026-10-04T00:12:58,2026-10-04T00:13:52,54.131,experiments/formal/results/width128__8_add128_err_0.00361633_size_1230_depth_27__compile_ER.json,9474638e003259e12f61bda01d74b19d8902e3410b394c1d8019042bde11419f,,,
width128__8_add128_err_0.00361633_size_1230_depth_27__compile_MED,128,8_add128_err_0.00361633_size_1230_depth_27,compile_MED,None,C,PASS,1,2026-10-04T00:14:18,2026-10-04T00:15:13,55.614,experiments/formal/results/width128__8_add128_err_0.00361633_size_1230_depth_27__compile_MED.json,38793e70824b9cd8b3f41c7df0cfda2b48833267839fe804b223b5089cf92edb,,,
width128__8_add128_err_0.00361633_size_1230_depth_27__timing_K16,128,8_add128_err_0.00361633_size_1230_depth_27,timing_K16,None,C,PASS,1,2026-10-04T00:15:26,2026-10-04T00:16:41,74.879,experiments/formal/results/width128__8_add128_err_0.00361633_size_1230_depth_27__timing_K16.json,ac1ca9a421b29e193d52e8c3fa45df76c60dba034f95ebd160b376ca2322168c,,,
width128__8_add128_err_0.00361633_size_1230_depth_27__timing_K64,128,8_add128_err_0.00361633_size_1230_depth_27,timing_K64,None,C,PASS,1,2026-10-04T00:16:41,2026-10-04T00:19:08,146.725,experiments/formal/results/width128__8_add128_err_0.00361633_size_1230_depth_27__timing_K64.json,b829bdced51667576de8b34509e95713b55f3f8c13677ae688d7e50394b888a9,,,
width12__add12u_054__ER__D0,12,add12u_054,ER__D0,D0,A,PASS,1,2026-10-03T22:08:06,2026-10-03T22:08:06,0.23,experiments/formal/results/width12__add12u_054__ER__D0.json,a4de50d7a72fc5c65a3b8c6a0a4c0fe3fca93a75bb5bf3550bbbc8c609b8aae7,,,
width12__add12u_054__ER__D1,12,add12u_054,ER__D1,D1,A,PASS,1,2026-10-03T22:08:06,2026-10-03T22:08:06,0.201,experiments/formal/results/width12__add12u_054__ER__D1.json,2ed303be47bbc9b1d2985eaf82833f6fcd9eabbbb0ac3ad86f148a1fcc1c484a,,,
width12__add12u_054__ER__D2,12,add12u_054,ER__D2,D2,A,PASS,1,2026-10-03T22:08:06,2026-10-03T22:08:06,0.202,experiments/formal/results/width12__add12u_054__ER__D2.json,d037b1e18a36046b7abd67d618321bdfbcf800d534e2386beeb3f3a3e238c9af,,,
width12__add12u_054__ER__D3,12,add12u_054,ER__D3,D3,A,PASS,1,2026-10-03T22:08:06,2026-10-03T22:08:07,0.212,experiments/formal/results/width12__add12u_054__ER__D3.json,128884b583c61760e52d22bdb3a1a3487e11abdea2eea43a8367cec3916f77d4,,,
width12__add12u_054__ER__D4,12,add12u_054,ER__D4,D4,A,PASS,1,2026-10-03T22:08:07,2026-10-03T22:08:07,0.212,experiments/formal/results/width12__add12u_054__ER__D4.json,3028bd01da68b85b3b01682ebe2db18ea4d4ee9c1cea92ce2a1f24b0ed49ad01,,,
width12__add12u_054__ER__D5,12,add12u_054,ER__D5,D5,A,PASS,1,2026-10-03T22:08:07,2026-10-03T22:08:07,0.195,experiments/formal/results/width12__add12u_054__ER__D5.json,dd1485cdfbc4ae87dc13d254da3db21d25b4a8dc24b040e8ea3ff359b20c7f49,,,
width12__add12u_054__ER__R0,12,add12u_054,ER__R0,R0,A,PASS,1,2026-10-03T22:08:07,2026-10-03T22:08:07,0.199,experiments/formal/results/width12__add12u_054__ER__R0.json,36fbf088f6ccb794a3edec7ed03b3add1598caf956391b2d757fad2f18d0b7ec,,,
width12__add12u_054__ER__R1,12,add12u_054,ER__R1,R1,A,PASS,1,2026-10-03T22:08:07,2026-10-03T22:08:08,0.198,experiments/formal/results/width12__add12u_054__ER__R1.json,5a2eddb0ef399cedecf1fa543e5156de33f01619352fe1f7ea5927ce911d918a,,,
width12__add12u_054__ER__R2,12,add12u_054,ER__R2,R2,A,PASS,1,2026-10-03T22:08:08,2026-10-03T22:08:08,0.198,experiments/formal/results/width12__add12u_054__ER__R2.json,7b85e011c7872a8e08b6f7b4426744a1c350f2300688b36927c8e7b31c4e9fdc,,,
width12__add12u_054__ER__R3,12,add12u_054,ER__R3,R3,A,PASS,1,2026-10-03T22:08:08,2026-10-03T22:08:08,0.199,experiments/formal/results/width12__add12u_054__ER__R3.json,6c7eb61d189c2d5acbdb5a53c63e3103b2ae36ee042ee40e2fa4bb28a0089cbe,,,
width12__add12u_054__ER__R4,12,add12u_054,ER__R4,R4,A,PASS,1,2026-10-03T22:08:08,2026-10-03T22:08:08,0.207,experiments/formal/results/width12__add12u_054__ER__R4.json,d87537eb094ea8c35370f9fd191ade05dcc11688b9e56639d9d4f937c53bd6bb,,,
width12__add12u_054__ER__R5,12,add12u_054,ER__R5,R5,A,PASS,1,2026-10-03T22:08:08,2026-10-03T22:08:08,0.205,experiments/formal/results/width12__add12u_054__ER__R5.json,ebd1b1379532f273f318405badd8b565c4a8f71b42c0fe0788021b62aecf41f8,,,
width12__add12u_054__ER__R6,12,add12u_054,ER__R6,R6,A,PASS,1,2026-10-03T22:08:08,2026-10-03T22:08:09,0.195,experiments/formal/results/width12__add12u_054__ER__R6.json,161f94cbe55c3ed8dca3e6711107baffaf638f48e3567f58ee890de925dfdc9c,,,
width12__add12u_054__ER__R7,12,add12u_054,ER__R7,R7,A,PASS,1,2026-10-03T22:08:09,2026-10-03T22:08:09,0.216,experiments/formal/results/width12__add12u_054__ER__R7.json,dc83909a31a79dd81ccfd7f9413e851b743d25c12d9fffb8475f367f2d4cc118,,,
width12__add12u_054__ER__R8,12,add12u_054,ER__R8,R8,A,PASS,1,2026-10-03T22:08:09,2026-10-03T22:08:09,0.249,experiments/formal/results/width12__add12u_054__ER__R8.json,2eb43cf2b42426fe7be38d2ce00e1683af6a3f6f5d7090344fbd129c27767764,,,
width12__add12u_054__ER__R9,12,add12u_054,ER__R9,R9,A,PASS,1,2026-10-03T22:08:09,2026-10-03T22:08:09,0.226,experiments/formal/results/width12__add12u_054__ER__R9.json,bd5353cabf605faed695d20f3786b375cc048bc035c8a1d4b7e544c43985c106,,,
width12__add12u_054__MED__D0,12,add12u_054,MED__D0,D0,A,PASS,1,2026-10-03T22:08:13,2026-10-03T22:08:15,2.046,experiments/formal/results/width12__add12u_054__MED__D0.json,0a2e751a2b3af6156207f199f75e18c35612b998c585c391d5c02caaa96a78d5,,,
width12__add12u_054__MED__D1,12,add12u_054,MED__D1,D1,A,PASS,1,2026-10-03T22:08:15,2026-10-03T22:08:17,1.928,experiments/formal/results/width12__add12u_054__MED__D1.json,da9774932ca08f8d75ddcfa8b2b14c383a8dbf9874a24adf2f191b7064a09082,,,
width12__add12u_054__MED__D2,12,add12u_054,MED__D2,D2,A,PASS,1,2026-10-03T22:08:17,2026-10-03T22:08:19,2.118,experiments/formal/results/width12__add12u_054__MED__D2.json,a2614836f4d160b3f130743a4f12387dc880e005d689d866d7750cfa24e1ffbc,,,
width12__add12u_054__MED__D3,12,add12u_054,MED__D3,D3,A,PASS,1,2026-10-03T22:08:19,2026-10-03T22:08:21,1.942,experiments/formal/results/width12__add12u_054__MED__D3.json,ef11c7ffc5fe5271afe541736adfe389684180a6b18ceb0d91562e66c1b49745,,,
width12__add12u_054__MED__D4,12,add12u_054,MED__D4,D4,A,PASS,1,2026-10-03T22:08:21,2026-10-03T22:08:23,1.918,experiments/formal/results/width12__add12u_054__MED__D4.json,214fb9488b6279e82ac037266e582c1c29e60a1e7ae9216084dfdb0e09edc376,,,
width12__add12u_054__MED__D5,12,add12u_054,MED__D5,D5,A,PASS,1,2026-10-03T22:08:23,2026-10-03T22:08:25,1.97,experiments/formal/results/width12__add12u_054__MED__D5.json,3782c765a2b45fe21bb95967e44989a94ffe9d6c16bfd4c8075a24d5c284c6c4,,,
width12__add12u_054__compile_ER,12,add12u_054,compile_ER,None,A,PASS,1,2026-10-03T22:08:05,2026-10-03T22:08:06,0.329,experiments/formal/results/width12__add12u_054__compile_ER.json,e1da53e80da0958648786b6d8b3d16b9255f1707a5ac6f4190a1bd6c341ad2fe,,,
width12__add12u_054__compile_MED,12,add12u_054,compile_MED,None,A,PASS,1,2026-10-03T22:08:09,2026-10-03T22:08:13,3.821,experiments/formal/results/width12__add12u_054__compile_MED.json,662a563bd743fd8af83c462ce77abfa2c528ddb58ecb015594369d5f0013db66,,,
width12__add12u_054__timing_K16,12,add12u_054,timing_K16,None,A,PASS,1,2026-10-03T22:08:25,2026-10-03T22:08:29,3.705,experiments/formal/results/width12__add12u_054__timing_K16.json,10b923ecc58c6681bad6cda17107d6cfcb978c0a1c14ae948839b32a13d9e042,,,
width12__add12u_054__timing_K64,12,add12u_054,timing_K64,None,A,PASS,1,2026-10-03T22:08:29,2026-10-03T22:08:43,13.717,experiments/formal/results/width12__add12u_054__timing_K64.json,879cbc1cdaa9eb8dfcd2cb91fdae1897048a4ea6c8c206ec31ce32614be57577,,,
width12__add12u_2MB__ER__D0,12,add12u_2MB,ER__D0,D0,A,PASS,1,2026-10-03T22:08:45,2026-10-03T22:08:45,0.261,experiments/formal/results/width12__add12u_2MB__ER__D0.json,c015bf87d0404b0be2f67e491061ad49600e3cf202e0db45df468c4bb7a6827d,,,
width12__add12u_2MB__ER__D1,12,add12u_2MB,ER__D1,D1,A,PASS,1,2026-10-03T22:08:45,2026-10-03T22:08:45,0.246,experiments/formal/results/width12__add12u_2MB__ER__D1.json,a26cd9b4d58ada72610141ccd1ffa83aa2d2f41ad3e102890cdf3fc142ab5b77,,,
width12__add12u_2MB__ER__D2,12,add12u_2MB,ER__D2,D2,A,PASS,1,2026-10-03T22:08:45,2026-10-03T22:08:45,0.263,experiments/formal/results/width12__add12u_2MB__ER__D2.json,cea49265b7a3373a789a48426c3ab25e8e29eb6ddf11ac0bf3d4238ad9cce969,,,
width12__add12u_2MB__ER__D3,12,add12u_2MB,ER__D3,D3,A,PASS,1,2026-10-03T22:08:45,2026-10-03T22:08:46,0.248,experiments/formal/results/width12__add12u_2MB__ER__D3.json,10dde43e86a69c4f9408183754048dd6dc43e255d8cc177a446be69574b7aac2,,,
width12__add12u_2MB__ER__D4,12,add12u_2MB,ER__D4,D4,A,PASS,1,2026-10-03T22:08:46,2026-10-03T22:08:46,0.253,experiments/formal/results/width12__add12u_2MB__ER__D4.json,ed26e2deee8597748a9b948c36e55b1ef318f935053f5b99997ae37f0c51b445,,,
width12__add12u_2MB__ER__D5,12,add12u_2MB,ER__D5,D5,A,PASS,1,2026-10-03T22:08:46,2026-10-03T22:08:46,0.266,experiments/formal/results/width12__add12u_2MB__ER__D5.json,3df9e280b51310d4bb377430131b3d061f61e0b3791950d701b0ac74dc328d1f,,,
width12__add12u_2MB__ER__R0,12,add12u_2MB,ER__R0,R0,A,PASS,1,2026-10-03T22:08:46,2026-10-03T22:08:47,0.25,experiments/formal/results/width12__add12u_2MB__ER__R0.json,4d2b22c9cbbc0b9f73b68f0f477972913aa645e3b2a5f1689f5ddf4fae318ea8,,,
width12__add12u_2MB__ER__R1,12,add12u_2MB,ER__R1,R1,A,PASS,1,2026-10-03T22:08:47,2026-10-03T22:08:47,0.264,experiments/formal/results/width12__add12u_2MB__ER__R1.json,e26b173013b0afa3d869dae97e87b19e473b0a2e4166ca90f34121ac769f7a55,,,
width12__add12u_2MB__ER__R2,12,add12u_2MB,ER__R2,R2,A,PASS,1,2026-10-03T22:08:47,2026-10-03T22:08:47,0.247,experiments/formal/results/width12__add12u_2MB__ER__R2.json,f73608447b79fc7698db648810092693e56915ce01d24d273fc8e38c2e1f1d58,,,
width12__add12u_2MB__ER__R3,12,add12u_2MB,ER__R3,R3,A,PASS,1,2026-10-03T22:08:47,2026-10-03T22:08:47,0.246,experiments/formal/results/width12__add12u_2MB__ER__R3.json,30aa85d2d4529826e73c4a2c1807fa93e25c617aa46e055db088a447381a170b,,,
width12__add12u_2MB__ER__R4,12,add12u_2MB,ER__R4,R4,A,PASS,1,2026-10-03T22:08:47,2026-10-03T22:08:48,0.275,experiments/formal/results/width12__add12u_2MB__ER__R4.json,63f50012a1f45ae6e3fac4c7e904839b88e2be172aa5cb369dd9b7aad5e7a5dd,,,
width12__add12u_2MB__ER__R5,12,add12u_2MB,ER__R5,R5,A,PASS,1,2026-10-03T22:08:48,2026-10-03T22:08:48,0.253,experiments/formal/results/width12__add12u_2MB__ER__R5.json,3365419ce48ccbcb0ecc9a257bd9d52121f53d8fa14f4198e435a9ec511cb7e2,,,
width12__add12u_2MB__ER__R6,12,add12u_2MB,ER__R6,R6,A,PASS,1,2026-10-03T22:08:48,2026-10-03T22:08:48,0.249,experiments/formal/results/width12__add12u_2MB__ER__R6.json,347877f35f2b6a2e100c32a596d728eba2443ee988190d11a78212fe4f7c3783,,,
width12__add12u_2MB__ER__R7,12,add12u_2MB,ER__R7,R7,A,PASS,1,2026-10-03T22:08:48,2026-10-03T22:08:48,0.248,experiments/formal/results/width12__add12u_2MB__ER__R7.json,7aa85900dd8ddf225ad07fc2b4e58cfc7bcc6cba7e034aa39d63fb78a23ba459,,,
width12__add12u_2MB__ER__R8,12,add12u_2MB,ER__R8,R8,A,PASS,1,2026-10-03T22:08:48,2026-10-03T22:08:49,0.297,experiments/formal/results/width12__add12u_2MB__ER__R8.json,84f9d138da4b4a1d1a1c9fc2d95fa4312a6a80ca68c59c76e985fe44a048b483,,,
width12__add12u_2MB__ER__R9,12,add12u_2MB,ER__R9,R9,A,PASS,1,2026-10-03T22:08:49,2026-10-03T22:08:49,0.253,experiments/formal/results/width12__add12u_2MB__ER__R9.json,9e70f99acb94ae9a7edd99b468c4ac01c2f2cbad78c8632a6b3689f316d8e800,,,
width12__add12u_2MB__MED__D0,12,add12u_2MB,MED__D0,D0,A,PASS,1,2026-10-03T22:09:27,2026-10-03T22:09:30,2.544,experiments/formal/results/width12__add12u_2MB__MED__D0.json,17987b9f6dfaa4695155211a0b30f3122bfd071f08109ce755b48d2e1b0a0db0,,,
width12__add12u_2MB__MED__D1,12,add12u_2MB,MED__D1,D1,A,PASS,1,2026-10-03T22:09:30,2026-10-03T22:09:33,3.197,experiments/formal/results/width12__add12u_2MB__MED__D1.json,40950cb1c8947d7347b96eefc60b64228b5eea101ac21e47da060ad4e6f9d04e,,,
width12__add12u_2MB__MED__D2,12,add12u_2MB,MED__D2,D2,A,PASS,1,2026-10-03T22:09:33,2026-10-03T22:09:36,3.027,experiments/formal/results/width12__add12u_2MB__MED__D2.json,f39f0e51518307fc6c4175083cd799dc6a123d6b806353af45068a165a79bfc0,,,
width12__add12u_2MB__MED__D3,12,add12u_2MB,MED__D3,D3,A,PASS,1,2026-10-03T22:09:36,2026-10-03T22:09:39,2.955,experiments/formal/results/width12__add12u_2MB__MED__D3.json,ad1749209a2a56e1f33c03135468e06f07dc6f84323dc358a29d82728b979a95,,,
width12__add12u_2MB__MED__D4,12,add12u_2MB,MED__D4,D4,A,PASS,1,2026-10-03T22:09:39,2026-10-03T22:09:42,2.953,experiments/formal/results/width12__add12u_2MB__MED__D4.json,0703129e3ad2e8030aba3fd90bdbae460a8aaf35f75da7281f5e6b1b78f5d771,,,
width12__add12u_2MB__MED__D5,12,add12u_2MB,MED__D5,D5,A,PASS,1,2026-10-03T22:09:42,2026-10-03T22:09:45,2.973,experiments/formal/results/width12__add12u_2MB__MED__D5.json,cb4c2e97db5b00b26461e0c5d680bfa9bb771579e390c62e1a980b046d63cf4b,,,
width12__add12u_2MB__compile_ER,12,add12u_2MB,compile_ER,None,A,PASS,1,2026-10-03T22:08:43,2026-10-03T22:08:45,1.825,experiments/formal/results/width12__add12u_2MB__compile_ER.json,7e117f747611e73ba16b49db0f119de2c1c966df76743c914248fe9f27ee2f87,,,
width12__add12u_2MB__compile_MED,12,add12u_2MB,compile_MED,None,A,PASS,1,2026-10-03T22:08:49,2026-10-03T22:09:27,38.303,experiments/formal/results/width12__add12u_2MB__compile_MED.json,d546aaf58f58824c31e4be08f6343f1e3192d8b84675b65c6db5f3413000d910,,,
width12__add12u_2MB__timing_K16,12,add12u_2MB,timing_K16,None,A,PASS,1,2026-10-03T22:09:45,2026-10-03T22:09:52,6.766,experiments/formal/results/width12__add12u_2MB__timing_K16.json,a6ebc3ee0c5ea678b76305cdea1729809660bf3f5085745a08a000827d1b34d6,,,
width12__add12u_2MB__timing_K64,12,add12u_2MB,timing_K64,None,A,PASS,1,2026-10-03T22:09:52,2026-10-03T22:10:10,17.561,experiments/formal/results/width12__add12u_2MB__timing_K64.json,b9265d1aab81d7657f1f9dc35641d8e2ce940773bbdc51ca02b06b3408bf95ec,,,
width12__add12u_4FZ__ER__D0,12,add12u_4FZ,ER__D0,D0,A,PASS,1,2026-10-03T22:10:10,2026-10-03T22:10:10,0.148,experiments/formal/results/width12__add12u_4FZ__ER__D0.json,3b5c30b7853d7630d289e8a3c33ab0b71dc6c805066ff02f262457b735b26f31,,,
width12__add12u_4FZ__ER__D1,12,add12u_4FZ,ER__D1,D1,A,PASS,1,2026-10-03T22:10:10,2026-10-03T22:10:10,0.135,experiments/formal/results/width12__add12u_4FZ__ER__D1.json,fcb2ae04669967211f3e35b5d13253078e82e0689a0ccfba9f6a4427f4759790,,,
width12__add12u_4FZ__ER__D2,12,add12u_4FZ,ER__D2,D2,A,PASS,1,2026-10-03T22:10:10,2026-10-03T22:10:10,0.133,experiments/formal/results/width12__add12u_4FZ__ER__D2.json,0513a0cd903eb02a4d3fd5a7349540aee739a7782ef70eaa5b4fa1eb57619c2d,,,
width12__add12u_4FZ__ER__D3,12,add12u_4FZ,ER__D3,D3,A,PASS,1,2026-10-03T22:10:10,2026-10-03T22:10:10,0.139,experiments/formal/results/width12__add12u_4FZ__ER__D3.json,674a38bdc6dc778cc96041130b2e247a7cc323234c55f2fef3fe437c502ce131,,,
width12__add12u_4FZ__ER__D4,12,add12u_4FZ,ER__D4,D4,A,PASS,1,2026-10-03T22:10:10,2026-10-03T22:10:11,0.135,experiments/formal/results/width12__add12u_4FZ__ER__D4.json,f873753c3fab4ac1e38dc5c0fbef92d60970fe7e8af58d2fa65c91aea3a37b70,,,
width12__add12u_4FZ__ER__D5,12,add12u_4FZ,ER__D5,D5,A,PASS,1,2026-10-03T22:10:11,2026-10-03T22:10:11,0.131,experiments/formal/results/width12__add12u_4FZ__ER__D5.json,1cc48e4eb5886b0970769b9d59b112dd7575ce3eee6af09d4a5cb0dbc1acc7e7,,,
width12__add12u_4FZ__ER__R0,12,add12u_4FZ,ER__R0,R0,A,PASS,1,2026-10-03T22:10:11,2026-10-03T22:10:11,0.131,experiments/formal/results/width12__add12u_4FZ__ER__R0.json,f77363ad7b56d9a5f63b5bb0b1691502b365bb288e6637ace7971db24ed0cd5a,,,
width12__add12u_4FZ__ER__R1,12,add12u_4FZ,ER__R1,R1,A,PASS,1,2026-10-03T22:10:11,2026-10-03T22:10:11,0.133,experiments/formal/results/width12__add12u_4FZ__ER__R1.json,898ad4d00339233dd501b81abc3cbeaedd0a1f5b74619fa6f07db597d8003f34,,,
width12__add12u_4FZ__ER__R2,12,add12u_4FZ,ER__R2,R2,A,PASS,1,2026-10-03T22:10:11,2026-10-03T22:10:11,0.131,experiments/formal/results/width12__add12u_4FZ__ER__R2.json,f452a4e6eb7d3477d7a2bcb9a83e1adafb40cadbcbd4f264303f9d3ea199804c,,,
width12__add12u_4FZ__ER__R3,12,add12u_4FZ,ER__R3,R3,A,PASS,1,2026-10-03T22:10:11,2026-10-03T22:10:11,0.129,experiments/formal/results/width12__add12u_4FZ__ER__R3.json,bed29d7308c56bfc87aa8f27c6abddf30ba347abc09b2cb53b241b024a193beb,,,
width12__add12u_4FZ__ER__R4,12,add12u_4FZ,ER__R4,R4,A,PASS,1,2026-10-03T22:10:11,2026-10-03T22:10:11,0.149,experiments/formal/results/width12__add12u_4FZ__ER__R4.json,7ee64a18663c43c96098c0c1cfc21b76c3780234aa2aac2150850b7984364743,,,
width12__add12u_4FZ__ER__R5,12,add12u_4FZ,ER__R5,R5,A,PASS,1,2026-10-03T22:10:11,2026-10-03T22:10:12,0.151,experiments/formal/results/width12__add12u_4FZ__ER__R5.json,1928bb0a044edc834045965fbfc7f498aceb502e4ba600343e07871205676216,,,
width12__add12u_4FZ__ER__R6,12,add12u_4FZ,ER__R6,R6,A,PASS,1,2026-10-03T22:10:12,2026-10-03T22:10:12,0.149,experiments/formal/results/width12__add12u_4FZ__ER__R6.json,90cd7ebd7b9a067d6ab5c3b0060817cbc6c5483515cbc07b0f63174c7175fb0f,,,
width12__add12u_4FZ__ER__R7,12,add12u_4FZ,ER__R7,R7,A,PASS,1,2026-10-03T22:10:12,2026-10-03T22:10:12,0.155,experiments/formal/results/width12__add12u_4FZ__ER__R7.json,f24c49555a7839c69f50d9ec91d644fe88657f653974260ed40e55cb32a00fa0,,,
width12__add12u_4FZ__ER__R8,12,add12u_4FZ,ER__R8,R8,A,PASS,1,2026-10-03T22:10:12,2026-10-03T22:10:12,0.134,experiments/formal/results/width12__add12u_4FZ__ER__R8.json,1544a3b7455a0bb65782cdfa8e3d17e33f4862eff416375df5d0722f27f20be1,,,
width12__add12u_4FZ__ER__R9,12,add12u_4FZ,ER__R9,R9,A,PASS,1,2026-10-03T22:10:12,2026-10-03T22:10:12,0.129,experiments/formal/results/width12__add12u_4FZ__ER__R9.json,3fd718c83aed120a5e7cbf1122ab96e2659409d203b9d06b52f2aa8800936bb9,,,
width12__add12u_4FZ__MED__D0,12,add12u_4FZ,MED__D0,D0,A,PASS,1,2026-10-03T22:10:13,2026-10-03T22:10:14,0.523,experiments/formal/results/width12__add12u_4FZ__MED__D0.json,6d15c72a69870b5b8c3565df8b2650bafa8f6c91588474bf5f856982d4cccf80,,,
width12__add12u_4FZ__MED__D1,12,add12u_4FZ,MED__D1,D1,A,PASS,1,2026-10-03T22:10:14,2026-10-03T22:10:14,0.463,experiments/formal/results/width12__add12u_4FZ__MED__D1.json,4fc89ef1ecfd34cd23128c5ac53d975afcb1c7383146cd8dac8f3ca3a39e7dec,,,
width12__add12u_4FZ__MED__D2,12,add12u_4FZ,MED__D2,D2,A,PASS,1,2026-10-03T22:10:14,2026-10-03T22:10:15,0.46,experiments/formal/results/width12__add12u_4FZ__MED__D2.json,833b98c18dfc8142242a5e41b9f5b11c768092b7e7176451d4d614029dd30332,,,
width12__add12u_4FZ__MED__D3,12,add12u_4FZ,MED__D3,D3,A,PASS,1,2026-10-03T22:10:15,2026-10-03T22:10:15,0.472,experiments/formal/results/width12__add12u_4FZ__MED__D3.json,eff84372e9caa481b603986a3970982423d4c3e50da991b59d48a8e753100971,,,
width12__add12u_4FZ__MED__D4,12,add12u_4FZ,MED__D4,D4,A,PASS,1,2026-10-03T22:10:15,2026-10-03T22:10:16,0.464,experiments/formal/results/width12__add12u_4FZ__MED__D4.json,05e46dc55ba45067d74d6bd72e739cea475748198a3288475e2d94c2b5dece70,,,
width12__add12u_4FZ__MED__D5,12,add12u_4FZ,MED__D5,D5,A,PASS,1,2026-10-03T22:10:16,2026-10-03T22:10:16,0.465,experiments/formal/results/width12__add12u_4FZ__MED__D5.json,4847bcc453430506593f75e4c53b22cb327761af96067b30d47774ba0bd43714,,,
width12__add12u_4FZ__compile_ER,12,add12u_4FZ,compile_ER,None,A,PASS,1,2026-10-03T22:10:10,2026-10-03T22:10:10,0.13,experiments/formal/results/width12__add12u_4FZ__compile_ER.json,ff5f09b7f6fc7d0a5c33df136174c6532469e59c036a921c702e851eea90a579,,,
width12__add12u_4FZ__compile_MED,12,add12u_4FZ,compile_MED,None,A,PASS,1,2026-10-03T22:10:12,2026-10-03T22:10:13,0.776,experiments/formal/results/width12__add12u_4FZ__compile_MED.json,7ea4e7dc317ec8bcb31892b86f05366413ff11d033b039a3e78798c2bc77a276,,,
width12__add12u_4FZ__timing_K16,12,add12u_4FZ,timing_K16,None,A,PASS,1,2026-10-03T22:10:16,2026-10-03T22:10:18,2.175,experiments/formal/results/width12__add12u_4FZ__timing_K16.json,e139a28f2236775960c17bd40ad79927db0f82d5e3e33b79e2aa4d8989eec835,,,
width12__add12u_4FZ__timing_K64,12,add12u_4FZ,timing_K64,None,A,PASS,1,2026-10-03T22:10:18,2026-10-03T22:10:27,8.606,experiments/formal/results/width12__add12u_4FZ__timing_K64.json,c6c28b5776918e81b909f867d184f10386077984fc26a5d34c30c026514b7fe6,,,
width12__add12u_4R6__ER__D0,12,add12u_4R6,ER__D0,D0,A,PASS,1,2026-10-03T22:10:27,2026-10-03T22:10:27,0.176,experiments/formal/results/width12__add12u_4R6__ER__D0.json,679fa576ad2654ebd35799443943ed9569d8ce774bd4ba8ab54be6aa2d8127cc,,,
width12__add12u_4R6__ER__D1,12,add12u_4R6,ER__D1,D1,A,PASS,1,2026-10-03T22:10:27,2026-10-03T22:10:28,0.169,experiments/formal/results/width12__add12u_4R6__ER__D1.json,b40d6bd36f1049176a0eb89728c2384ce8b2a922d1b02d15ad5241f7cd85027f,,,
width12__add12u_4R6__ER__D2,12,add12u_4R6,ER__D2,D2,A,PASS,1,2026-10-03T22:10:28,2026-10-03T22:10:28,0.171,experiments/formal/results/width12__add12u_4R6__ER__D2.json,17b1d5c45664107b344bc502f261ee6719a14ba45c83600650e4af2082835640,,,
width12__add12u_4R6__ER__D3,12,add12u_4R6,ER__D3,D3,A,PASS,1,2026-10-03T22:10:28,2026-10-03T22:10:28,0.169,experiments/formal/results/width12__add12u_4R6__ER__D3.json,6025f11dab3f1c489ef9e6da1fb2586c8f76e6270228d7e48b8a1d7d4c28eee2,,,
width12__add12u_4R6__ER__D4,12,add12u_4R6,ER__D4,D4,A,PASS,1,2026-10-03T22:10:28,2026-10-03T22:10:28,0.168,experiments/formal/results/width12__add12u_4R6__ER__D4.json,997b7f73dba9083c5c7b97885d1ba707475e216516e74245477d911044f609fb,,,
width12__add12u_4R6__ER__D5,12,add12u_4R6,ER__D5,D5,A,PASS,1,2026-10-03T22:10:28,2026-10-03T22:10:28,0.16,experiments/formal/results/width12__add12u_4R6__ER__D5.json,8a1222994d8ac9df2a7fcb4fe866854ddcb89cd10acb834f33525ff26c03d837,,,
width12__add12u_4R6__ER__R0,12,add12u_4R6,ER__R0,R0,A,PASS,1,2026-10-03T22:10:28,2026-10-03T22:10:29,0.157,experiments/formal/results/width12__add12u_4R6__ER__R0.json,964a434033d7e79604fe937b640560c65e00405c6610c6a81abba03c1238e9a7,,,
width12__add12u_4R6__ER__R1,12,add12u_4R6,ER__R1,R1,A,PASS,1,2026-10-03T22:10:29,2026-10-03T22:10:29,0.189,experiments/formal/results/width12__add12u_4R6__ER__R1.json,430b976519f216bcb8cf91b639d11d6fc3c575944100fd63a5d58408d9e0afb1,,,
width12__add12u_4R6__ER__R2,12,add12u_4R6,ER__R2,R2,A,PASS,1,2026-10-03T22:10:29,2026-10-03T22:10:29,0.173,experiments/formal/results/width12__add12u_4R6__ER__R2.json,6814564d28651972d9b5945f86dcf7abab2a2714635174e623fd1c23cd37fb35,,,
width12__add12u_4R6__ER__R3,12,add12u_4R6,ER__R3,R3,A,PASS,1,2026-10-03T22:10:29,2026-10-03T22:10:29,0.155,experiments/formal/results/width12__add12u_4R6__ER__R3.json,06af8d2297f17e70d22acd8f11bf6dfe05435531ef3189608a01fdcc09fee79e,,,
width12__add12u_4R6__ER__R4,12,add12u_4R6,ER__R4,R4,A,PASS,1,2026-10-03T22:10:29,2026-10-03T22:10:29,0.138,experiments/formal/results/width12__add12u_4R6__ER__R4.json,cb2510026f9541108df4409d67754ef52ab4ebb5a37239df2c58cdcd55f007fb,,,
width12__add12u_4R6__ER__R5,12,add12u_4R6,ER__R5,R5,A,PASS,1,2026-10-03T22:10:29,2026-10-03T22:10:29,0.147,experiments/formal/results/width12__add12u_4R6__ER__R5.json,5fbab41011b23468c3c6a35f5f41edc91f603e9f63d9497ea8609f0d7987dbb4,,,
width12__add12u_4R6__ER__R6,12,add12u_4R6,ER__R6,R6,A,PASS,1,2026-10-03T22:10:29,2026-10-03T22:10:30,0.154,experiments/formal/results/width12__add12u_4R6__ER__R6.json,8a2a59297472ba1c53a0759b569263872fb0e92285813ea9737e59fb1f857e52,,,
width12__add12u_4R6__ER__R7,12,add12u_4R6,ER__R7,R7,A,PASS,1,2026-10-03T22:10:30,2026-10-03T22:10:30,0.136,experiments/formal/results/width12__add12u_4R6__ER__R7.json,8ec4d9b31cb42a2bbe4f6181465a06830c733b197ac5a8a96c4ff7c340ec23fc,,,
width12__add12u_4R6__ER__R8,12,add12u_4R6,ER__R8,R8,A,PASS,1,2026-10-03T22:10:30,2026-10-03T22:10:30,0.174,experiments/formal/results/width12__add12u_4R6__ER__R8.json,6a58abfdf3f6f2e97224792200542d83e227d3ba403938bf876114e008db106f,,,
width12__add12u_4R6__ER__R9,12,add12u_4R6,ER__R9,R9,A,PASS,1,2026-10-03T22:10:30,2026-10-03T22:10:30,0.142,experiments/formal/results/width12__add12u_4R6__ER__R9.json,204d16ec5614ca9483282eca5187f7a056f45ab2cafd6f32aa46bb7658df0423,,,
width12__add12u_4R6__MED__D0,12,add12u_4R6,MED__D0,D0,A,PASS,1,2026-10-03T22:10:31,2026-10-03T22:10:32,0.842,experiments/formal/results/width12__add12u_4R6__MED__D0.json,0571793f4d0b63909761f1dd1c39a094c27d0d6207ef05c08f891bed992f8222,,,
width12__add12u_4R6__MED__D1,12,add12u_4R6,MED__D1,D1,A,PASS,1,2026-10-03T22:10:32,2026-10-03T22:10:33,0.833,experiments/formal/results/width12__add12u_4R6__MED__D1.json,c1362acbec9fbd99b0a15431f67565ec9cf322c96edfc6c5ea30a2c5b0231743,,,
width12__add12u_4R6__MED__D2,12,add12u_4R6,MED__D2,D2,A,PASS,1,2026-10-03T22:10:33,2026-10-03T22:10:34,0.919,experiments/formal/results/width12__add12u_4R6__MED__D2.json,96151e3fafbe196272d403a0182708dc77bed065f76f65896aa77230440de0b9,,,
width12__add12u_4R6__MED__D3,12,add12u_4R6,MED__D3,D3,A,PASS,1,2026-10-03T22:10:34,2026-10-03T22:10:35,0.857,experiments/formal/results/width12__add12u_4R6__MED__D3.json,071ccab373469876064c8a93148d2a9cc5435f69a0d2978cccbb1997f28b3d0b,,,
width12__add12u_4R6__MED__D4,12,add12u_4R6,MED__D4,D4,A,PASS,1,2026-10-03T22:10:35,2026-10-03T22:10:36,0.977,experiments/formal/results/width12__add12u_4R6__MED__D4.json,7ef077ee6ed986c4261065626e02657150bc937e011c4e01b8dbf202e328b04c,,,
width12__add12u_4R6__MED__D5,12,add12u_4R6,MED__D5,D5,A,PASS,1,2026-10-03T22:10:36,2026-10-03T22:10:37,0.746,experiments/formal/results/width12__add12u_4R6__MED__D5.json,0047a5b4cf0878cb3fbadd99f0a12b8858720391f5a2e6a1fdccceffca131b4a,,,
width12__add12u_4R6__compile_ER,12,add12u_4R6,compile_ER,None,A,PASS,1,2026-10-03T22:10:27,2026-10-03T22:10:27,0.243,experiments/formal/results/width12__add12u_4R6__compile_ER.json,7165bacefad1d29d78d41b5cdc4311bd52ba366c3fa0e9108beb39e60ce13574,,,
width12__add12u_4R6__compile_MED,12,add12u_4R6,compile_MED,None,A,PASS,1,2026-10-03T22:10:30,2026-10-03T22:10:31,1.202,experiments/formal/results/width12__add12u_4R6__compile_MED.json,6b931dc4745e6f64fb82f29411ac69faf936f1da9af88cf6b15f20f66debab06,,,
width12__add12u_4R6__timing_K16,12,add12u_4R6,timing_K16,None,A,PASS,1,2026-10-03T22:10:37,2026-10-03T22:10:39,2.55,experiments/formal/results/width12__add12u_4R6__timing_K16.json,ac74cc7f0fa23fc494bb2743ddb35e9f2367a7f2dcd142a676e7aab793aadd35,,,
width12__add12u_4R6__timing_K64,12,add12u_4R6,timing_K64,None,A,PASS,1,2026-10-03T22:10:39,2026-10-03T22:10:49,9.439,experiments/formal/results/width12__add12u_4R6__timing_K64.json,4de1b84c806d777fd928c3535acfd29c7d415322f5e59a5258530ad5f22c5e55,,,
width12__add12u_4RF__ER__D0,12,add12u_4RF,ER__D0,D0,A,PASS,1,2026-10-03T22:10:49,2026-10-03T22:10:49,0.145,experiments/formal/results/width12__add12u_4RF__ER__D0.json,99f987876d2b887298ea91d932907bf44875d7c1998b7359367d9cb1f886cefd,,,
width12__add12u_4RF__ER__D1,12,add12u_4RF,ER__D1,D1,A,PASS,1,2026-10-03T22:10:49,2026-10-03T22:10:50,0.139,experiments/formal/results/width12__add12u_4RF__ER__D1.json,144f3ca6e027d33bd670cd427daed60160caa45b9d1bc0542061b6297d0f12a3,,,
width12__add12u_4RF__ER__D2,12,add12u_4RF,ER__D2,D2,A,PASS,1,2026-10-03T22:10:50,2026-10-03T22:10:50,0.157,experiments/formal/results/width12__add12u_4RF__ER__D2.json,224ddd29733c316495c2efb20bd7671877e1e40d1fa589222b9efc6c8dfb27d8,,,
width12__add12u_4RF__ER__D3,12,add12u_4RF,ER__D3,D3,A,PASS,1,2026-10-03T22:10:50,2026-10-03T22:10:50,0.135,experiments/formal/results/width12__add12u_4RF__ER__D3.json,9a1dac744332dc9f6bfe05607426017c99a492ce3f710eeab93f36e220183a00,,,
width12__add12u_4RF__ER__D4,12,add12u_4RF,ER__D4,D4,A,PASS,1,2026-10-03T22:10:50,2026-10-03T22:10:50,0.126,experiments/formal/results/width12__add12u_4RF__ER__D4.json,53b118df01c01dc97eab9c72dacc2d920abee539e994e3b30b2c2403a0c09c09,,,
width12__add12u_4RF__ER__D5,12,add12u_4RF,ER__D5,D5,A,PASS,1,2026-10-03T22:10:50,2026-10-03T22:10:50,0.132,experiments/formal/results/width12__add12u_4RF__ER__D5.json,d5a644024ed04a8335de04c2d480eaa51b9cb7e891e03527c9e8628ac585d3d4,,,
width12__add12u_4RF__ER__R0,12,add12u_4RF,ER__R0,R0,A,PASS,1,2026-10-03T22:10:50,2026-10-03T22:10:50,0.143,experiments/formal/results/width12__add12u_4RF__ER__R0.json,109047bac807a6d50ac2ac17b9075ef9cd7a82e78c4e42036148b766d28d9abd,,,
width12__add12u_4RF__ER__R1,12,add12u_4RF,ER__R1,R1,A,PASS,1,2026-10-03T22:10:50,2026-10-03T22:10:50,0.13,experiments/formal/results/width12__add12u_4RF__ER__R1.json,eafd91a9384f980c9a4629c9c6a4ffff7f5874291c2870fe264c485bca20ac66,,,
width12__add12u_4RF__ER__R2,12,add12u_4RF,ER__R2,R2,A,PASS,1,2026-10-03T22:10:50,2026-10-03T22:10:51,0.128,experiments/formal/results/width12__add12u_4RF__ER__R2.json,f1d58fdc7266a287d86b4bf5a2e362d06a648c79a49f28d0881ad9cb141aa742,,,
width12__add12u_4RF__ER__R3,12,add12u_4RF,ER__R3,R3,A,PASS,1,2026-10-03T22:10:51,2026-10-03T22:10:51,0.135,experiments/formal/results/width12__add12u_4RF__ER__R3.json,939a054f477148239af18e51a67802adb50b9946e94079f505e5c038c3e07ab7,,,
width12__add12u_4RF__ER__R4,12,add12u_4RF,ER__R4,R4,A,PASS,1,2026-10-03T22:10:51,2026-10-03T22:10:51,0.135,experiments/formal/results/width12__add12u_4RF__ER__R4.json,5c82281d880822c8dbefee6bd318234023396356df1cfd6acf017c0d2ea51c11,,,
width12__add12u_4RF__ER__R5,12,add12u_4RF,ER__R5,R5,A,PASS,1,2026-10-03T22:10:51,2026-10-03T22:10:51,0.134,experiments/formal/results/width12__add12u_4RF__ER__R5.json,f5aebe05a0f5eaecbbc64a6e3d2f70072b3b5052d413ad067937e4e5fa42b908,,,
width12__add12u_4RF__ER__R6,12,add12u_4RF,ER__R6,R6,A,PASS,1,2026-10-03T22:10:51,2026-10-03T22:10:51,0.142,experiments/formal/results/width12__add12u_4RF__ER__R6.json,78ded53fe8ab6ea257096729c187783711d8036775fd4d34c922e73533e1f065,,,
width12__add12u_4RF__ER__R7,12,add12u_4RF,ER__R7,R7,A,PASS,1,2026-10-03T22:10:51,2026-10-03T22:10:51,0.134,experiments/formal/results/width12__add12u_4RF__ER__R7.json,70669ef964fa7718e22068914eed02c9e0400e3cfe9dfe227efc8ad92af89947,,,
width12__add12u_4RF__ER__R8,12,add12u_4RF,ER__R8,R8,A,PASS,1,2026-10-03T22:10:51,2026-10-03T22:10:52,0.139,experiments/formal/results/width12__add12u_4RF__ER__R8.json,59d25179751e005163820a59077cf5500d66c859cecb14bd70a479d0515293c9,,,
width12__add12u_4RF__ER__R9,12,add12u_4RF,ER__R9,R9,A,PASS,1,2026-10-03T22:10:52,2026-10-03T22:10:52,0.129,experiments/formal/results/width12__add12u_4RF__ER__R9.json,923b0c3cf0888c85d62847c8d2ca1c4cff36e6d5af1efabd12a407e8afbdb681,,,
width12__add12u_4RF__MED__D0,12,add12u_4RF,MED__D0,D0,A,PASS,1,2026-10-03T22:10:52,2026-10-03T22:10:53,0.24,experiments/formal/results/width12__add12u_4RF__MED__D0.json,752c5a315ac73b69c1cd71864d6df69f658eea87854d122f2569b26e7f1e5217,,,
width12__add12u_4RF__MED__D1,12,add12u_4RF,MED__D1,D1,A,PASS,1,2026-10-03T22:10:53,2026-10-03T22:10:53,0.219,experiments/formal/results/width12__add12u_4RF__MED__D1.json,7eb73b83f94a6800d59267599b857286b195c5d361454f84b7c348a26c593fbf,,,
width12__add12u_4RF__MED__D2,12,add12u_4RF,MED__D2,D2,A,PASS,1,2026-10-03T22:10:53,2026-10-03T22:10:53,0.221,experiments/formal/results/width12__add12u_4RF__MED__D2.json,37030dd0450b5914fb28f7658395a3c7c7661e83577b898d4ca2f83f2d363b4e,,,
width12__add12u_4RF__MED__D3,12,add12u_4RF,MED__D3,D3,A,PASS,1,2026-10-03T22:10:53,2026-10-03T22:10:53,0.261,experiments/formal/results/width12__add12u_4RF__MED__D3.json,7e60f9e006cc23dfec86388ec1381655d437c05dd100afe53a38606cf985b15d,,,
width12__add12u_4RF__MED__D4,12,add12u_4RF,MED__D4,D4,A,PASS,1,2026-10-03T22:10:53,2026-10-03T22:10:54,0.322,experiments/formal/results/width12__add12u_4RF__MED__D4.json,99af19a833b7d45d36f1cbf78b96ccebb2d708135ac68b3a0e06b090b1b6565c,,,
width12__add12u_4RF__MED__D5,12,add12u_4RF,MED__D5,D5,A,PASS,1,2026-10-03T22:10:54,2026-10-03T22:10:54,0.293,experiments/formal/results/width12__add12u_4RF__MED__D5.json,eeb155df0e88e2aaeeb4a4f250b402fa34079f4c88e9f12f1515c8851c970664,,,
width12__add12u_4RF__compile_ER,12,add12u_4RF,compile_ER,None,A,PASS,1,2026-10-03T22:10:49,2026-10-03T22:10:49,0.445,experiments/formal/results/width12__add12u_4RF__compile_ER.json,e466652875937d30ef7d2b440eeeee80c5480cde1d124d9e2a55d3e8bc9f3962,,,
width12__add12u_4RF__compile_MED,12,add12u_4RF,compile_MED,None,A,PASS,1,2026-10-03T22:10:52,2026-10-03T22:10:52,0.603,experiments/formal/results/width12__add12u_4RF__compile_MED.json,29e0b67e8298af373199c575600f34b6f6ed5f7cd1741d9db88b2c6ed5ff2049,,,
width12__add12u_4RF__timing_K16,12,add12u_4RF,timing_K16,None,A,PASS,1,2026-10-03T22:10:54,2026-10-03T22:10:57,2.877,experiments/formal/results/width12__add12u_4RF__timing_K16.json,df0f95d69ae4e5f236c10b84b69f446ccfbfe86c17f6bf64c9ed95c8115c184c,,,
width12__add12u_4RF__timing_K64,12,add12u_4RF,timing_K64,None,A,PASS,1,2026-10-03T22:10:57,2026-10-03T22:11:06,9.164,experiments/formal/results/width12__add12u_4RF__timing_K64.json,6aedfbac9ff2fbaa063324920335cf166e8280fd8b9f65acfb29660db498f38b,,,
width12__add12u_4XD__ER__D0,12,add12u_4XD,ER__D0,D0,A,PASS,1,2026-10-03T22:11:07,2026-10-03T22:11:07,0.166,experiments/formal/results/width12__add12u_4XD__ER__D0.json,e60e24dfa3c80ea3974ed8dab36f12f834315c2f9ebab48b9f7c58edcbf94f78,,,
width12__add12u_4XD__ER__D1,12,add12u_4XD,ER__D1,D1,A,PASS,1,2026-10-03T22:11:07,2026-10-03T22:11:07,0.132,experiments/formal/results/width12__add12u_4XD__ER__D1.json,c1923bc2c60560e2358ec944bd92fbbeddf21058bc7c9e8e214af84754e1370c,,,
width12__add12u_4XD__ER__D2,12,add12u_4XD,ER__D2,D2,A,PASS,1,2026-10-03T22:11:07,2026-10-03T22:11:07,0.142,experiments/formal/results/width12__add12u_4XD__ER__D2.json,1699892ccf1003ff6b781a6045b44701880804f14b8024ded0a8c7d535cc04df,,,
width12__add12u_4XD__ER__D3,12,add12u_4XD,ER__D3,D3,A,PASS,1,2026-10-03T22:11:07,2026-10-03T22:11:07,0.15,experiments/formal/results/width12__add12u_4XD__ER__D3.json,e65708e91dbd5cb6a0aa3cf19c490ce8ce7e775828240b9889691d5938089756,,,
width12__add12u_4XD__ER__D4,12,add12u_4XD,ER__D4,D4,A,PASS,1,2026-10-03T22:11:07,2026-10-03T22:11:07,0.149,experiments/formal/results/width12__add12u_4XD__ER__D4.json,56e06508256f35751dbbabce371a4034bd5855457dd5cedd652e6636f08f7074,,,
width12__add12u_4XD__ER__D5,12,add12u_4XD,ER__D5,D5,A,PASS,1,2026-10-03T22:11:07,2026-10-03T22:11:08,0.149,experiments/formal/results/width12__add12u_4XD__ER__D5.json,46d297db9706a824188b71add681b7673177cc91a56ab00cacdccb4e7f0e60b6,,,
width12__add12u_4XD__ER__R0,12,add12u_4XD,ER__R0,R0,A,PASS,1,2026-10-03T22:11:08,2026-10-03T22:11:08,0.143,experiments/formal/results/width12__add12u_4XD__ER__R0.json,0b7e4f8ac06944e8f62eb76bfdebbfe2a7767c31d3ff6210dab024231e2c448f,,,
width12__add12u_4XD__ER__R1,12,add12u_4XD,ER__R1,R1,A,PASS,1,2026-10-03T22:11:08,2026-10-03T22:11:08,0.145,experiments/formal/results/width12__add12u_4XD__ER__R1.json,672818388bf9746035f0211cfc9840d76f9ac93957ce062c698d6e0120599c18,,,
width12__add12u_4XD__ER__R2,12,add12u_4XD,ER__R2,R2,A,PASS,1,2026-10-03T22:11:08,2026-10-03T22:11:08,0.134,experiments/formal/results/width12__add12u_4XD__ER__R2.json,2a9b7eb2cec7de92f809e7a56f6a13e6975e77e2a6b5b620cab3b51d506f7994,,,
width12__add12u_4XD__ER__R3,12,add12u_4XD,ER__R3,R3,A,PASS,1,2026-10-03T22:11:08,2026-10-03T22:11:08,0.136,experiments/formal/results/width12__add12u_4XD__ER__R3.json,4a36564d847c71c9c2aca8aaca81f0b6a13f49b9c8eb6ee3b7395fa4d61d9102,,,
width12__add12u_4XD__ER__R4,12,add12u_4XD,ER__R4,R4,A,PASS,1,2026-10-03T22:11:08,2026-10-03T22:11:09,0.13,experiments/formal/results/width12__add12u_4XD__ER__R4.json,fdf17e7a2b3085d968a86d32f08c69f469a112407a477f467633c642dcce4e94,,,
width12__add12u_4XD__ER__R5,12,add12u_4XD,ER__R5,R5,A,PASS,1,2026-10-03T22:11:09,2026-10-03T22:11:09,0.149,experiments/formal/results/width12__add12u_4XD__ER__R5.json,3be06dfccbccd0281832fc96e63d849b5eb9bb45a24c239f8490e4a9361d960a,,,
width12__add12u_4XD__ER__R6,12,add12u_4XD,ER__R6,R6,A,PASS,1,2026-10-03T22:11:09,2026-10-03T22:11:09,0.141,experiments/formal/results/width12__add12u_4XD__ER__R6.json,e676ad85fb9b84c96a188e92556b5c951d09d89638978ca8855c1ed8a22c7d26,,,
width12__add12u_4XD__ER__R7,12,add12u_4XD,ER__R7,R7,A,PASS,1,2026-10-03T22:11:09,2026-10-03T22:11:09,0.132,experiments/formal/results/width12__add12u_4XD__ER__R7.json,185941ff4d38f070d1ba296b4ed61919a3e14894e02cf9f5660d2391cea97221,,,
width12__add12u_4XD__ER__R8,12,add12u_4XD,ER__R8,R8,A,PASS,1,2026-10-03T22:11:09,2026-10-03T22:11:09,0.135,experiments/formal/results/width12__add12u_4XD__ER__R8.json,156bec62496f5be36f215fc16f2a19bf3bc3f7b8b11704eb37f8d73c36dea1d1,,,
width12__add12u_4XD__ER__R9,12,add12u_4XD,ER__R9,R9,A,PASS,1,2026-10-03T22:11:09,2026-10-03T22:11:09,0.131,experiments/formal/results/width12__add12u_4XD__ER__R9.json,bc2ca5ba61c5ad5877c6d6981f7d93c92392b4ee065473e930709a8bb5fbecc3,,,
width12__add12u_4XD__MED__D0,12,add12u_4XD,MED__D0,D0,A,PASS,1,2026-10-03T22:11:10,2026-10-03T22:11:10,0.271,experiments/formal/results/width12__add12u_4XD__MED__D0.json,c51870df06b57710c8a77d5f1e58c5bfb30c13a27b5ceafd1efb4e09bcb468e6,,,
width12__add12u_4XD__MED__D1,12,add12u_4XD,MED__D1,D1,A,PASS,1,2026-10-03T22:11:11,2026-10-03T22:11:11,0.228,experiments/formal/results/width12__add12u_4XD__MED__D1.json,bcde2c830d0435a34870dfef476d20c890755a700f5ff20a0834b79ea1c383e5,,,
width12__add12u_4XD__MED__D2,12,add12u_4XD,MED__D2,D2,A,PASS,1,2026-10-03T22:11:11,2026-10-03T22:11:11,0.255,experiments/formal/results/width12__add12u_4XD__MED__D2.json,97a5d0c70e244e9f356f139ba62d20c798d009f5613176f6442f90e65458af7b,,,
width12__add12u_4XD__MED__D3,12,add12u_4XD,MED__D3,D3,A,PASS,1,2026-10-03T22:11:11,2026-10-03T22:11:11,0.246,experiments/formal/results/width12__add12u_4XD__MED__D3.json,a9000c6a51ed97f54e3ff66152733b701e96fc3117523759aa5698da7043b901,,,
width12__add12u_4XD__MED__D4,12,add12u_4XD,MED__D4,D4,A,PASS,1,2026-10-03T22:11:11,2026-10-03T22:11:12,0.278,experiments/formal/results/width12__add12u_4XD__MED__D4.json,4f416487e87a6f99c172bc48173a9a395c319fe4194e5d8a0851012df0823f11,,,
width12__add12u_4XD__MED__D5,12,add12u_4XD,MED__D5,D5,A,PASS,1,2026-10-03T22:11:12,2026-10-03T22:11:12,0.246,experiments/formal/results/width12__add12u_4XD__MED__D5.json,605ba19efc6a32bc6b26de24f9e276c5bbc7c3a86c01ac9db160565dfc864e45,,,
width12__add12u_4XD__compile_ER,12,add12u_4XD,compile_ER,None,A,PASS,1,2026-10-03T22:11:06,2026-10-03T22:11:07,0.288,experiments/formal/results/width12__add12u_4XD__compile_ER.json,5027ad28f20300b6e7bcd2fec10b05a1f919b4adb149f41b0ed11ca9fda6921d,,,
width12__add12u_4XD__compile_MED,12,add12u_4XD,compile_MED,None,A,PASS,1,2026-10-03T22:11:10,2026-10-03T22:11:10,0.691,experiments/formal/results/width12__add12u_4XD__compile_MED.json,955a65ce51e7f31fe26d3391b118e38e58f6ef1b1266894016df2e5db6eb48bf,,,
width12__add12u_4XD__timing_K16,12,add12u_4XD,timing_K16,None,A,PASS,1,2026-10-03T22:11:12,2026-10-03T22:11:14,2.418,experiments/formal/results/width12__add12u_4XD__timing_K16.json,812fcf4b49345aa42eb0b8b88e3edd8b8fcbeced8e8f8b15dd33b5bec7eeadb8,,,
width12__add12u_4XD__timing_K64,12,add12u_4XD,timing_K64,None,A,PASS,1,2026-10-03T22:11:14,2026-10-03T22:11:23,9.098,experiments/formal/results/width12__add12u_4XD__timing_K64.json,e70150fcc789e5b19de8670bb36f0271b0b441198e66173787dd074ced721e9d,,,
width12__add12u_4YK__ER__D0,12,add12u_4YK,ER__D0,D0,A,PASS,1,2026-10-03T22:11:24,2026-10-03T22:11:24,0.127,experiments/formal/results/width12__add12u_4YK__ER__D0.json,8009e44834e88d057d8a232ba604dab89844c60df54e5710435cd24dc8bae3bd,,,
width12__add12u_4YK__ER__D1,12,add12u_4YK,ER__D1,D1,A,PASS,1,2026-10-03T22:11:24,2026-10-03T22:11:24,0.128,experiments/formal/results/width12__add12u_4YK__ER__D1.json,897722aca0cad25c9047651be7cdd41347ad46e4976d27e20c46c86ca42a0604,,,
width12__add12u_4YK__ER__D2,12,add12u_4YK,ER__D2,D2,A,PASS,1,2026-10-03T22:11:24,2026-10-03T22:11:24,0.144,experiments/formal/results/width12__add12u_4YK__ER__D2.json,7f849ed41124e3a62c0b4da770db0144e65a39f6e1ffd5e46a15739e6f2e472a,,,
width12__add12u_4YK__ER__D3,12,add12u_4YK,ER__D3,D3,A,PASS,1,2026-10-03T22:11:24,2026-10-03T22:11:24,0.142,experiments/formal/results/width12__add12u_4YK__ER__D3.json,3e81ce2091958c0ff90df85995948de414117734f280a63e0aafbb1881bfe7fd,,,
width12__add12u_4YK__ER__D4,12,add12u_4YK,ER__D4,D4,A,PASS,1,2026-10-03T22:11:24,2026-10-03T22:11:24,0.137,experiments/formal/results/width12__add12u_4YK__ER__D4.json,d8dcc9e8c8b57a89bbd4f48f39d171df789890d1023269db0d3a047a2d107435,,,
width12__add12u_4YK__ER__D5,12,add12u_4YK,ER__D5,D5,A,PASS,1,2026-10-03T22:11:25,2026-10-03T22:11:25,0.141,experiments/formal/results/width12__add12u_4YK__ER__D5.json,f785fc3bc549095ba4513bf81bb93a0eedbc5a360425711c5b33995958ffc406,,,
width12__add12u_4YK__ER__R0,12,add12u_4YK,ER__R0,R0,A,PASS,1,2026-10-03T22:11:25,2026-10-03T22:11:25,0.147,experiments/formal/results/width12__add12u_4YK__ER__R0.json,dabc9ba4620de305da77c6d3ac84491b5c2dc6bcf1eea3ae63b5e3a653635953,,,
width12__add12u_4YK__ER__R1,12,add12u_4YK,ER__R1,R1,A,PASS,1,2026-10-03T22:11:25,2026-10-03T22:11:25,0.154,experiments/formal/results/width12__add12u_4YK__ER__R1.json,874c29c123f00bc44fc4b876cd63116666f62b89888b6c5cb448e6eb92226681,,,
width12__add12u_4YK__ER__R2,12,add12u_4YK,ER__R2,R2,A,PASS,1,2026-10-03T22:11:25,2026-10-03T22:11:25,0.147,experiments/formal/results/width12__add12u_4YK__ER__R2.json,a5b123557d4f3945faf85e6ca1575e283329885a5092da12de71e30882853086,,,
width12__add12u_4YK__ER__R3,12,add12u_4YK,ER__R3,R3,A,PASS,1,2026-10-03T22:11:25,2026-10-03T22:11:25,0.131,experiments/formal/results/width12__add12u_4YK__ER__R3.json,c30c4f90dc7acbc31de39f434308ecc6005c2f352605de6f228865779e19fa6a,,,
width12__add12u_4YK__ER__R4,12,add12u_4YK,ER__R4,R4,A,PASS,1,2026-10-03T22:11:25,2026-10-03T22:11:26,0.144,experiments/formal/results/width12__add12u_4YK__ER__R4.json,37cf7b02de9de692593f44170d35395d3e8eb3390c6028564d89759aeebdcca9,,,
width12__add12u_4YK__ER__R5,12,add12u_4YK,ER__R5,R5,A,PASS,1,2026-10-03T22:11:26,2026-10-03T22:11:26,0.139,experiments/formal/results/width12__add12u_4YK__ER__R5.json,d28721441fc37c0b1fd1aa6e631e1df067310dfcb985d5f918d7d2cadf932358,,,
width12__add12u_4YK__ER__R6,12,add12u_4YK,ER__R6,R6,A,PASS,1,2026-10-03T22:11:26,2026-10-03T22:11:26,0.159,experiments/formal/results/width12__add12u_4YK__ER__R6.json,4f573ff637bf851c8c2607a374475c091f6ff97de2aec35dfa8b3f7642dc5b63,,,
width12__add12u_4YK__ER__R7,12,add12u_4YK,ER__R7,R7,A,PASS,1,2026-10-03T22:11:26,2026-10-03T22:11:26,0.145,experiments/formal/results/width12__add12u_4YK__ER__R7.json,229b8a09c7ae0a30c13f8510ddb9eb40cbe8f9d140250c34ce0dd5ab1a4eb893,,,
width12__add12u_4YK__ER__R8,12,add12u_4YK,ER__R8,R8,A,PASS,1,2026-10-03T22:11:26,2026-10-03T22:11:26,0.144,experiments/formal/results/width12__add12u_4YK__ER__R8.json,f75fd37438203525e603d632ea8dd26f5de38036d3bc08d83867af79cc7e7193,,,
width12__add12u_4YK__ER__R9,12,add12u_4YK,ER__R9,R9,A,PASS,1,2026-10-03T22:11:26,2026-10-03T22:11:27,0.148,experiments/formal/results/width12__add12u_4YK__ER__R9.json,3d695ba8bf9a8b7141f24367b608510f59cd94d870c37c13e95cfc58ad5a6a28,,,
width12__add12u_4YK__MED__D0,12,add12u_4YK,MED__D0,D0,A,PASS,1,2026-10-03T22:11:27,2026-10-03T22:11:28,0.371,experiments/formal/results/width12__add12u_4YK__MED__D0.json,d6367f820c0e1dde0d35f72f1c1fe6584a2ba081f8633c0f3c54119ba7dbf0f0,,,
width12__add12u_4YK__MED__D1,12,add12u_4YK,MED__D1,D1,A,PASS,1,2026-10-03T22:11:28,2026-10-03T22:11:28,0.318,experiments/formal/results/width12__add12u_4YK__MED__D1.json,9e51689105faf74af0c287f58bae80a0c6a28ad693fa52ca544417233fbfab4f,,,
width12__add12u_4YK__MED__D2,12,add12u_4YK,MED__D2,D2,A,PASS,1,2026-10-03T22:11:28,2026-10-03T22:11:28,0.324,experiments/formal/results/width12__add12u_4YK__MED__D2.json,1d5350d2ef00f601a05b0ada9a489e51abcfa9d82f5129a54ae8339b4a34114e,,,
width12__add12u_4YK__MED__D3,12,add12u_4YK,MED__D3,D3,A,PASS,1,2026-10-03T22:11:28,2026-10-03T22:11:29,0.338,experiments/formal/results/width12__add12u_4YK__MED__D3.json,308ede3e576b6cf568ce3dcd708d657874028e9c58a2792e4d133fdeba8b22eb,,,
width12__add12u_4YK__MED__D4,12,add12u_4YK,MED__D4,D4,A,PASS,1,2026-10-03T22:11:29,2026-10-03T22:11:29,0.322,experiments/formal/results/width12__add12u_4YK__MED__D4.json,51027f1eb9808c9f8d76c8439f89e2d38af05f5ed5510c3e6d5b11f41f7e86b5,,,
width12__add12u_4YK__MED__D5,12,add12u_4YK,MED__D5,D5,A,PASS,1,2026-10-03T22:11:29,2026-10-03T22:11:29,0.338,experiments/formal/results/width12__add12u_4YK__MED__D5.json,bcb25d32ed7ce7e2bd74f21bc3603663f0f802ce8416830218b63f15e81f2cdf,,,
width12__add12u_4YK__compile_ER,12,add12u_4YK,compile_ER,None,A,PASS,1,2026-10-03T22:11:23,2026-10-03T22:11:24,0.151,experiments/formal/results/width12__add12u_4YK__compile_ER.json,ec6d41f3502814cf510879babc4e1fec6dfa0ecbac42abeff70cff29bfc54a49,,,
width12__add12u_4YK__compile_MED,12,add12u_4YK,compile_MED,None,A,PASS,1,2026-10-03T22:11:27,2026-10-03T22:11:27,0.697,experiments/formal/results/width12__add12u_4YK__compile_MED.json,900ddbfe38bf11f10c710b3f80fdfc8b921fb4660704633882c33280023492eb,,,
width12__add12u_4YK__timing_K16,12,add12u_4YK,timing_K16,None,A,PASS,1,2026-10-03T22:11:30,2026-10-03T22:11:32,2.176,experiments/formal/results/width12__add12u_4YK__timing_K16.json,1809e67bd4425740fa516b094419bf9c04d5ff18ad15b83ad36b3e74a28c3985,,,
width12__add12u_4YK__timing_K64,12,add12u_4YK,timing_K64,None,A,PASS,1,2026-10-03T22:11:32,2026-10-03T22:11:41,9.049,experiments/formal/results/width12__add12u_4YK__timing_K64.json,091fb2022cbcd1a1c2f23455b6721f63b3a87bb407574b6c95dcdf3d243ac4b8,,,
width12__add12u_4YR__ER__D0,12,add12u_4YR,ER__D0,D0,A,PASS,1,2026-10-03T22:11:41,2026-10-03T22:11:41,0.141,experiments/formal/results/width12__add12u_4YR__ER__D0.json,68b539e63c38a7d1288f51cfd3e82f7116a578798fca23840e12990ded0ac1f0,,,
width12__add12u_4YR__ER__D1,12,add12u_4YR,ER__D1,D1,A,PASS,1,2026-10-03T22:11:41,2026-10-03T22:11:41,0.16,experiments/formal/results/width12__add12u_4YR__ER__D1.json,d9311bce2ce0fc83c69c8759591aafd173b4eb984f9ac1c3132f47c8def2b084,,,
width12__add12u_4YR__ER__D2,12,add12u_4YR,ER__D2,D2,A,PASS,1,2026-10-03T22:11:42,2026-10-03T22:11:42,0.149,experiments/formal/results/width12__add12u_4YR__ER__D2.json,d46448aa2e4978187c1906fef824b437893e20656a53412a1e8d5d9f5c8f0534,,,
width12__add12u_4YR__ER__D3,12,add12u_4YR,ER__D3,D3,A,PASS,1,2026-10-03T22:11:42,2026-10-03T22:11:42,0.136,experiments/formal/results/width12__add12u_4YR__ER__D3.json,aaf0953709215e8df1c42026bf80a048670e27114b01eb1959da3a2962711b79,,,
width12__add12u_4YR__ER__D4,12,add12u_4YR,ER__D4,D4,A,PASS,1,2026-10-03T22:11:42,2026-10-03T22:11:42,0.142,experiments/formal/results/width12__add12u_4YR__ER__D4.json,c10d43c366a65fc9ac0b12611c9ab7d021ef7a9b8cc4ff27234051da68d6b80c,,,
width12__add12u_4YR__ER__D5,12,add12u_4YR,ER__D5,D5,A,PASS,1,2026-10-03T22:11:42,2026-10-03T22:11:42,0.149,experiments/formal/results/width12__add12u_4YR__ER__D5.json,931984027fd784896419c0edc10e32e448fcf3a2cdcdcdd53171037cd618bcd1,,,
width12__add12u_4YR__ER__R0,12,add12u_4YR,ER__R0,R0,A,PASS,1,2026-10-03T22:11:42,2026-10-03T22:11:42,0.138,experiments/formal/results/width12__add12u_4YR__ER__R0.json,0e507f919e300606273b71bd89a72ecc4f3577d6d1695424cf42de82fee14252,,,
width12__add12u_4YR__ER__R1,12,add12u_4YR,ER__R1,R1,A,PASS,1,2026-10-03T22:11:42,2026-10-03T22:11:43,0.142,experiments/formal/results/width12__add12u_4YR__ER__R1.json,2b58f5edc45d0a97eca1d674a2d5d8788a495349f01ee3fba61640e3eee6c758,,,
width12__add12u_4YR__ER__R2,12,add12u_4YR,ER__R2,R2,A,PASS,1,2026-10-03T22:11:43,2026-10-03T22:11:43,0.145,experiments/formal/results/width12__add12u_4YR__ER__R2.json,528a16a67969840aa27baca66da98d1f71c2861751a3be0247f052236184e8d5,,,
width12__add12u_4YR__ER__R3,12,add12u_4YR,ER__R3,R3,A,PASS,1,2026-10-03T22:11:43,2026-10-03T22:11:43,0.136,experiments/formal/results/width12__add12u_4YR__ER__R3.json,6a9000dab98f107e63a18b5a158e158442b50d73c8902df444a394c9c37e8025,,,
width12__add12u_4YR__ER__R4,12,add12u_4YR,ER__R4,R4,A,PASS,1,2026-10-03T22:11:43,2026-10-03T22:11:43,0.136,experiments/formal/results/width12__add12u_4YR__ER__R4.json,698aade7e29e02e5bd9601d24647bac048e0191f2b47771d52cfb100c472f10d,,,
width12__add12u_4YR__ER__R5,12,add12u_4YR,ER__R5,R5,A,PASS,1,2026-10-03T22:11:43,2026-10-03T22:11:43,0.149,experiments/formal/results/width12__add12u_4YR__ER__R5.json,8db43a951736e0f286616d2905c399206b2056a9782c7e48b95de19cca2bd96d,,,
width12__add12u_4YR__ER__R6,12,add12u_4YR,ER__R6,R6,A,PASS,1,2026-10-03T22:11:43,2026-10-03T22:11:44,0.16,experiments/formal/results/width12__add12u_4YR__ER__R6.json,2a3dc9ea94d97f8e9dc405715e21a5ade2130cd24bba9c0e5e128d6b88594f2d,,,
width12__add12u_4YR__ER__R7,12,add12u_4YR,ER__R7,R7,A,PASS,1,2026-10-03T22:11:44,2026-10-03T22:11:44,0.146,experiments/formal/results/width12__add12u_4YR__ER__R7.json,1bb7351a7026e0f7acc5c8c490c83b343fcefab782098b01f6aa84735de0c789,,,
width12__add12u_4YR__ER__R8,12,add12u_4YR,ER__R8,R8,A,PASS,1,2026-10-03T22:11:44,2026-10-03T22:11:44,0.142,experiments/formal/results/width12__add12u_4YR__ER__R8.json,af2817560df92d0b7bc5286f31a47c761299ebe7c994beaa8f880e4909d3f57c,,,
width12__add12u_4YR__ER__R9,12,add12u_4YR,ER__R9,R9,A,PASS,1,2026-10-03T22:11:44,2026-10-03T22:11:44,0.142,experiments/formal/results/width12__add12u_4YR__ER__R9.json,e2c282ebb871178b561fc9055f033b922a7272a7c531bc17b32c70b7bcfed25f,,,
width12__add12u_4YR__MED__D0,12,add12u_4YR,MED__D0,D0,A,PASS,1,2026-10-03T22:11:45,2026-10-03T22:11:45,0.308,experiments/formal/results/width12__add12u_4YR__MED__D0.json,db8770958ff29cd12f637fa0417ae5f3ee1aa0840cab2036deb413ba4253a2e5,,,
width12__add12u_4YR__MED__D1,12,add12u_4YR,MED__D1,D1,A,PASS,1,2026-10-03T22:11:45,2026-10-03T22:11:45,0.285,experiments/formal/results/width12__add12u_4YR__MED__D1.json,05a6d0ae5e9ffa98b9357c8471b09aa4b985bd95a74bd3b58374faba3aaa4793,,,
width12__add12u_4YR__MED__D2,12,add12u_4YR,MED__D2,D2,A,PASS,1,2026-10-03T22:11:46,2026-10-03T22:11:46,0.313,experiments/formal/results/width12__add12u_4YR__MED__D2.json,a1080b43f3f7855def0a42ec7219da140cc4ab88734bbe863e96eca3c40deb80,,,
width12__add12u_4YR__MED__D3,12,add12u_4YR,MED__D3,D3,A,PASS,1,2026-10-03T22:11:46,2026-10-03T22:11:46,0.282,experiments/formal/results/width12__add12u_4YR__MED__D3.json,994d9a3ca56a93029c5c18ed50f23be6ab23d2c4b3aebe54e458abbcc916a598,,,
width12__add12u_4YR__MED__D4,12,add12u_4YR,MED__D4,D4,A,PASS,1,2026-10-03T22:11:46,2026-10-03T22:11:47,0.289,experiments/formal/results/width12__add12u_4YR__MED__D4.json,97d93e724b1698566b05a6a35bb06f1b1df96e93f9d89e63e4be4f8de5da31c1,,,
width12__add12u_4YR__MED__D5,12,add12u_4YR,MED__D5,D5,A,PASS,1,2026-10-03T22:11:47,2026-10-03T22:11:47,0.286,experiments/formal/results/width12__add12u_4YR__MED__D5.json,15b9991d7e4b8fec5767ad2904946955da2d4c37074b471e6be7aadca25dcf61,,,
width12__add12u_4YR__compile_ER,12,add12u_4YR,compile_ER,None,A,PASS,1,2026-10-03T22:11:41,2026-10-03T22:11:41,0.265,experiments/formal/results/width12__add12u_4YR__compile_ER.json,6b57c85f9ef3c398f8797fe384127a7bbd09066efbfeba9ba2a88a1a8b361e90,,,
width12__add12u_4YR__compile_MED,12,add12u_4YR,compile_MED,None,A,PASS,1,2026-10-03T22:11:44,2026-10-03T22:11:45,0.682,experiments/formal/results/width12__add12u_4YR__compile_MED.json,8c40c6a68d60ab74f6db3581024a5f58ab3416e39997a3a4dbd89c1a25dc5de0,,,
width12__add12u_4YR__timing_K16,12,add12u_4YR,timing_K16,None,A,PASS,1,2026-10-03T22:11:47,2026-10-03T22:11:49,2.36,experiments/formal/results/width12__add12u_4YR__timing_K16.json,27356a52a0757a52b0313ea483ce1cceec6fb9d0b8e3adcc07ca6ecdb8db3a5d,,,
width12__add12u_4YR__timing_K64,12,add12u_4YR,timing_K64,None,A,PASS,1,2026-10-03T22:11:49,2026-10-03T22:11:59,9.449,experiments/formal/results/width12__add12u_4YR__timing_K64.json,f5fc5e60de4e64cba703815dd02344df17d49f0123caba66fac49d10e66b158f,,,
width16__10_add16_err_0.566452_size_105_depth_13__ER__D0,16,10_add16_err_0.566452_size_105_depth_13,ER__D0,D0,A,PASS,1,2026-10-03T22:11:59,2026-10-03T22:12:00,0.235,experiments/formal/results/width16__10_add16_err_0.566452_size_105_depth_13__ER__D0.json,b00c30eec1272769fb58ac9ec9b1ccacf768b018b72952083ff8b0684390330b,,,
width16__10_add16_err_0.566452_size_105_depth_13__ER__D1,16,10_add16_err_0.566452_size_105_depth_13,ER__D1,D1,A,PASS,1,2026-10-03T22:12:00,2026-10-03T22:12:00,0.213,experiments/formal/results/width16__10_add16_err_0.566452_size_105_depth_13__ER__D1.json,f9ddf6bc9b604667fd28e055f07cf96ab0eb65e8f91f54fd5c16441fa1a56711,,,
width16__10_add16_err_0.566452_size_105_depth_13__ER__D2,16,10_add16_err_0.566452_size_105_depth_13,ER__D2,D2,A,PASS,1,2026-10-03T22:12:00,2026-10-03T22:12:00,0.223,experiments/formal/results/width16__10_add16_err_0.566452_size_105_depth_13__ER__D2.json,047e836dc13df517ac7f5dd2536b82b063fd2383f3d9651f47b5d4625462e6e5,,,
width16__10_add16_err_0.566452_size_105_depth_13__ER__D3,16,10_add16_err_0.566452_size_105_depth_13,ER__D3,D3,A,PASS,1,2026-10-03T22:12:00,2026-10-03T22:12:00,0.205,experiments/formal/results/width16__10_add16_err_0.566452_size_105_depth_13__ER__D3.json,06cadebb44b4e0dddee8d3354ef45ce0ed27c7f2536ae70e0579e4a9b16cbfb8,,,
width16__10_add16_err_0.566452_size_105_depth_13__ER__D4,16,10_add16_err_0.566452_size_105_depth_13,ER__D4,D4,A,PASS,1,2026-10-03T22:12:00,2026-10-03T22:12:01,0.246,experiments/formal/results/width16__10_add16_err_0.566452_size_105_depth_13__ER__D4.json,2f42a76edf46dcf0c8391f06cf90035cdb6d0da68a85a5124611add304982754,,,
width16__10_add16_err_0.566452_size_105_depth_13__ER__D5,16,10_add16_err_0.566452_size_105_depth_13,ER__D5,D5,A,PASS,1,2026-10-03T22:12:01,2026-10-03T22:12:01,0.197,experiments/formal/results/width16__10_add16_err_0.566452_size_105_depth_13__ER__D5.json,6ce8d8ec6902f2e32df9705e689ac1bc001ad487e6dc6f167b599b9453a5271d,,,
width16__10_add16_err_0.566452_size_105_depth_13__ER__R0,16,10_add16_err_0.566452_size_105_depth_13,ER__R0,R0,A,PASS,1,2026-10-03T22:12:01,2026-10-03T22:12:01,0.213,experiments/formal/results/width16__10_add16_err_0.566452_size_105_depth_13__ER__R0.json,7d3e637944947706b0a24e201cf9cf2c73ca4752c97399b3fe3aa13f2e84a2b6,,,
width16__10_add16_err_0.566452_size_105_depth_13__ER__R1,16,10_add16_err_0.566452_size_105_depth_13,ER__R1,R1,A,PASS,1,2026-10-03T22:12:01,2026-10-03T22:12:01,0.207,experiments/formal/results/width16__10_add16_err_0.566452_size_105_depth_13__ER__R1.json,0f3a36812ee50f3b9cb374ab411ea0c475e18044133b2f837c9adcc244c0fa21,,,
width16__10_add16_err_0.566452_size_105_depth_13__ER__R2,16,10_add16_err_0.566452_size_105_depth_13,ER__R2,R2,A,PASS,1,2026-10-03T22:12:01,2026-10-03T22:12:02,0.205,experiments/formal/results/width16__10_add16_err_0.566452_size_105_depth_13__ER__R2.json,958a734d9a6d6a2ae0003c429efd19df712b26c164ae5dc15494a5b0cb980fc1,,,
width16__10_add16_err_0.566452_size_105_depth_13__ER__R3,16,10_add16_err_0.566452_size_105_depth_13,ER__R3,R3,A,PASS,1,2026-10-03T22:12:02,2026-10-03T22:12:02,0.204,experiments/formal/results/width16__10_add16_err_0.566452_size_105_depth_13__ER__R3.json,a41a7dd5388015764ab09e2473bc913f265f481ad6ecc9470a52e125ad7857a5,,,
width16__10_add16_err_0.566452_size_105_depth_13__ER__R4,16,10_add16_err_0.566452_size_105_depth_13,ER__R4,R4,A,PASS,1,2026-10-03T22:12:02,2026-10-03T22:12:02,0.213,experiments/formal/results/width16__10_add16_err_0.566452_size_105_depth_13__ER__R4.json,f90de15f20b0f3184d444fe3c73286843e8080466ea4f6552ceeebb9c15ad02a,,,
width16__10_add16_err_0.566452_size_105_depth_13__ER__R5,16,10_add16_err_0.566452_size_105_depth_13,ER__R5,R5,A,PASS,1,2026-10-03T22:12:02,2026-10-03T22:12:02,0.205,experiments/formal/results/width16__10_add16_err_0.566452_size_105_depth_13__ER__R5.json,334ad1d15c60c0d57a4b9314f869d971c4fa36163ecd0b3b13d1ffb447d524d1,,,
width16__10_add16_err_0.566452_size_105_depth_13__ER__R6,16,10_add16_err_0.566452_size_105_depth_13,ER__R6,R6,A,PASS,1,2026-10-03T22:12:02,2026-10-03T22:12:03,0.214,experiments/formal/results/width16__10_add16_err_0.566452_size_105_depth_13__ER__R6.json,a985be47973702e00ca16a2806b04169bad7dc21f21a1cef57ef186439deaa45,,,
width16__10_add16_err_0.566452_size_105_depth_13__ER__R7,16,10_add16_err_0.566452_size_105_depth_13,ER__R7,R7,A,PASS,1,2026-10-03T22:12:03,2026-10-03T22:12:03,0.2,experiments/formal/results/width16__10_add16_err_0.566452_size_105_depth_13__ER__R7.json,49fa9ef04dffe27d74507ffc4d746b8c875f4580f71daf4161d69ea65f685f42,,,
width16__10_add16_err_0.566452_size_105_depth_13__ER__R8,16,10_add16_err_0.566452_size_105_depth_13,ER__R8,R8,A,PASS,1,2026-10-03T22:12:03,2026-10-03T22:12:03,0.21,experiments/formal/results/width16__10_add16_err_0.566452_size_105_depth_13__ER__R8.json,1be6ce4f531973c4eea3654f0c0c7db26ea4cbebbdfd80b2b9d5374292d7243d,,,
width16__10_add16_err_0.566452_size_105_depth_13__ER__R9,16,10_add16_err_0.566452_size_105_depth_13,ER__R9,R9,A,PASS,1,2026-10-03T22:12:03,2026-10-03T22:12:03,0.201,experiments/formal/results/width16__10_add16_err_0.566452_size_105_depth_13__ER__R9.json,871a514d16112445e935e8ce53d23e75bcb7a3b1bc4ceb42ac085e8fd64532bd,,,
width16__10_add16_err_0.566452_size_105_depth_13__MED__D0,16,10_add16_err_0.566452_size_105_depth_13,MED__D0,D0,A,PASS,1,2026-10-03T22:12:09,2026-10-03T22:12:12,2.448,experiments/formal/results/width16__10_add16_err_0.566452_size_105_depth_13__MED__D0.json,744c31ebccfb65c7c7696b96536a2e5fa4d387aad0f6692d599e286dec8c364b,,,
width16__10_add16_err_0.566452_size_105_depth_13__MED__D1,16,10_add16_err_0.566452_size_105_depth_13,MED__D1,D1,A,PASS,1,2026-10-03T22:12:12,2026-10-03T22:12:14,2.215,experiments/formal/results/width16__10_add16_err_0.566452_size_105_depth_13__MED__D1.json,313bdb8e96143e622a141a8342fefa14da7109b9fc0265a314f0be69ec1f6db5,,,
width16__10_add16_err_0.566452_size_105_depth_13__MED__D2,16,10_add16_err_0.566452_size_105_depth_13,MED__D2,D2,A,PASS,1,2026-10-03T22:12:14,2026-10-03T22:12:16,2.434,experiments/formal/results/width16__10_add16_err_0.566452_size_105_depth_13__MED__D2.json,2eb50cde7c7abe54d7001cf9bde9311952326622dcb0cea5ada14561da5aa640,,,
width16__10_add16_err_0.566452_size_105_depth_13__MED__D3,16,10_add16_err_0.566452_size_105_depth_13,MED__D3,D3,A,PASS,1,2026-10-03T22:12:16,2026-10-03T22:12:19,2.181,experiments/formal/results/width16__10_add16_err_0.566452_size_105_depth_13__MED__D3.json,0cbc62743ef57b23b9ca660a6437862f4f92f48972b03a58df3a56fe7f701708,,,
width16__10_add16_err_0.566452_size_105_depth_13__MED__D4,16,10_add16_err_0.566452_size_105_depth_13,MED__D4,D4,A,PASS,1,2026-10-03T22:12:19,2026-10-03T22:12:21,2.229,experiments/formal/results/width16__10_add16_err_0.566452_size_105_depth_13__MED__D4.json,c5e174b24b4f5d0c09ab6417e190abcd0694d4fc09de8a58a2c056076a1e8e3c,,,
width16__10_add16_err_0.566452_size_105_depth_13__MED__D5,16,10_add16_err_0.566452_size_105_depth_13,MED__D5,D5,A,PASS,1,2026-10-03T22:12:21,2026-10-03T22:12:23,2.209,experiments/formal/results/width16__10_add16_err_0.566452_size_105_depth_13__MED__D5.json,55bacc9a23b6201ce7ecd60bda36c4af4ee7ffb62e611620993698e7ba095427,,,
width16__10_add16_err_0.566452_size_105_depth_13__compile_ER,16,10_add16_err_0.566452_size_105_depth_13,compile_ER,None,A,PASS,1,2026-10-03T22:11:59,2026-10-03T22:11:59,0.468,experiments/formal/results/width16__10_add16_err_0.566452_size_105_depth_13__compile_ER.json,689ebaca2927b87a1e71f8b44fb0b7a6c5bbbd5fdacb924a04bfd0547503ea7e,,,
width16__10_add16_err_0.566452_size_105_depth_13__compile_MED,16,10_add16_err_0.566452_size_105_depth_13,compile_MED,None,A,PASS,1,2026-10-03T22:12:04,2026-10-03T22:12:09,5.728,experiments/formal/results/width16__10_add16_err_0.566452_size_105_depth_13__compile_MED.json,5add5f19086740db065ca368743401ba9996ffd233892a2c15745e9e84d67050,,,
width16__10_add16_err_0.566452_size_105_depth_13__timing_K16,16,10_add16_err_0.566452_size_105_depth_13,timing_K16,None,A,PASS,1,2026-10-03T22:12:23,2026-10-03T22:12:27,3.597,experiments/formal/results/width16__10_add16_err_0.566452_size_105_depth_13__timing_K16.json,2f94b2ebce9ada90726a915bb174464be6bfa91f3bddf4b39708ae1a88e07e88,,,
width16__10_add16_err_0.566452_size_105_depth_13__timing_K64,16,10_add16_err_0.566452_size_105_depth_13,timing_K64,None,A,PASS,1,2026-10-03T22:12:27,2026-10-03T22:12:40,13.563,experiments/formal/results/width16__10_add16_err_0.566452_size_105_depth_13__timing_K64.json,493b1376e10df8641162176e3b1714168494819d5e506dacdabaa36643c3b2df,,,
width16__1_add16_err_0.00215149_size_143_depth_16__ER__D0,16,1_add16_err_0.00215149_size_143_depth_16,ER__D0,D0,A,PASS,1,2026-10-03T22:12:41,2026-10-03T22:12:41,0.177,experiments/formal/results/width16__1_add16_err_0.00215149_size_143_depth_16__ER__D0.json,0e3919397eaa835e4666447df801cdfd4cfc48d77a470a7843b74b7cfa17711e,,,
width16__1_add16_err_0.00215149_size_143_depth_16__ER__D1,16,1_add16_err_0.00215149_size_143_depth_16,ER__D1,D1,A,PASS,1,2026-10-03T22:12:41,2026-10-03T22:12:41,0.169,experiments/formal/results/width16__1_add16_err_0.00215149_size_143_depth_16__ER__D1.json,deb3104d950e51be6e4d48d1df3c30c9186a5c5925eebc4bc70a6bd12251bba0,,,
width16__1_add16_err_0.00215149_size_143_depth_16__ER__D2,16,1_add16_err_0.00215149_size_143_depth_16,ER__D2,D2,A,PASS,1,2026-10-03T22:12:41,2026-10-03T22:12:41,0.167,experiments/formal/results/width16__1_add16_err_0.00215149_size_143_depth_16__ER__D2.json,1acbe62e7f867cf9502580dc85430f561585cd25d38e34797599e2ebc7517e85,,,
width16__1_add16_err_0.00215149_size_143_depth_16__ER__D3,16,1_add16_err_0.00215149_size_143_depth_16,ER__D3,D3,A,PASS,1,2026-10-03T22:12:41,2026-10-03T22:12:41,0.158,experiments/formal/results/width16__1_add16_err_0.00215149_size_143_depth_16__ER__D3.json,90ae90e46488dfb8dae60a3a851ab4cd79a614accb43a4116e70a810f1aa92ae,,,
width16__1_add16_err_0.00215149_size_143_depth_16__ER__D4,16,1_add16_err_0.00215149_size_143_depth_16,ER__D4,D4,A,PASS,1,2026-10-03T22:12:41,2026-10-03T22:12:42,0.169,experiments/formal/results/width16__1_add16_err_0.00215149_size_143_depth_16__ER__D4.json,11857ee10b58f57e364d1a2bcd7cd3a3eba80af7c530c4250a2419b1742718f4,,,
width16__1_add16_err_0.00215149_size_143_depth_16__ER__D5,16,1_add16_err_0.00215149_size_143_depth_16,ER__D5,D5,A,PASS,1,2026-10-03T22:12:42,2026-10-03T22:12:42,0.176,experiments/formal/results/width16__1_add16_err_0.00215149_size_143_depth_16__ER__D5.json,1913507a0a61ae92c5761ce54d81fc4d9103ace340f6fd378b99be382cf3dad2,,,
width16__1_add16_err_0.00215149_size_143_depth_16__ER__R0,16,1_add16_err_0.00215149_size_143_depth_16,ER__R0,R0,A,PASS,1,2026-10-03T22:12:42,2026-10-03T22:12:42,0.164,experiments/formal/results/width16__1_add16_err_0.00215149_size_143_depth_16__ER__R0.json,6a0c59bde7d6317bbe6218e5a4c67bc91ac515592cebabbef249ef6e764ffb6d,,,
width16__1_add16_err_0.00215149_size_143_depth_16__ER__R1,16,1_add16_err_0.00215149_size_143_depth_16,ER__R1,R1,A,PASS,1,2026-10-03T22:12:42,2026-10-03T22:12:42,0.171,experiments/formal/results/width16__1_add16_err_0.00215149_size_143_depth_16__ER__R1.json,f219def6eb456caf79c61a6f04a66b37f6c6b89865a8502c9ae55d8d979ed9d7,,,
width16__1_add16_err_0.00215149_size_143_depth_16__ER__R2,16,1_add16_err_0.00215149_size_143_depth_16,ER__R2,R2,A,PASS,1,2026-10-03T22:12:42,2026-10-03T22:12:42,0.176,experiments/formal/results/width16__1_add16_err_0.00215149_size_143_depth_16__ER__R2.json,ac534fd5af8e8c59375407b4c7a9d15f36d0ff2af63e7363fb3f0bce0d9571f8,,,
width16__1_add16_err_0.00215149_size_143_depth_16__ER__R3,16,1_add16_err_0.00215149_size_143_depth_16,ER__R3,R3,A,PASS,1,2026-10-03T22:12:42,2026-10-03T22:12:43,0.194,experiments/formal/results/width16__1_add16_err_0.00215149_size_143_depth_16__ER__R3.json,94c35c179ddc9824781bfb051e75c75076077ba70374307035c5fb08753d99c0,,,
width16__1_add16_err_0.00215149_size_143_depth_16__ER__R4,16,1_add16_err_0.00215149_size_143_depth_16,ER__R4,R4,A,PASS,1,2026-10-03T22:12:43,2026-10-03T22:12:43,0.162,experiments/formal/results/width16__1_add16_err_0.00215149_size_143_depth_16__ER__R4.json,26e6afa66d614efbd1bc41889235d24b04a346038f06edaffdcc8c5baea6c260,,,
width16__1_add16_err_0.00215149_size_143_depth_16__ER__R5,16,1_add16_err_0.00215149_size_143_depth_16,ER__R5,R5,A,PASS,1,2026-10-03T22:12:43,2026-10-03T22:12:43,0.158,experiments/formal/results/width16__1_add16_err_0.00215149_size_143_depth_16__ER__R5.json,b6be2d37bbc0b1696eb436532b52f6c92df17f41c4c52ad99f9bd72d913679c6,,,
width16__1_add16_err_0.00215149_size_143_depth_16__ER__R6,16,1_add16_err_0.00215149_size_143_depth_16,ER__R6,R6,A,PASS,1,2026-10-03T22:12:43,2026-10-03T22:12:43,0.166,experiments/formal/results/width16__1_add16_err_0.00215149_size_143_depth_16__ER__R6.json,a39ac849cdd666cf58b3518045de9bd8f95a90239cbc8578aee23dde902778b1,,,
width16__1_add16_err_0.00215149_size_143_depth_16__ER__R7,16,1_add16_err_0.00215149_size_143_depth_16,ER__R7,R7,A,PASS,1,2026-10-03T22:12:43,2026-10-03T22:12:43,0.166,experiments/formal/results/width16__1_add16_err_0.00215149_size_143_depth_16__ER__R7.json,481e21d87ff9e4cef90344a8db394ba6b1c576b690cdffae240a9b22e343b098,,,
width16__1_add16_err_0.00215149_size_143_depth_16__ER__R8,16,1_add16_err_0.00215149_size_143_depth_16,ER__R8,R8,A,PASS,1,2026-10-03T22:12:43,2026-10-03T22:12:44,0.181,experiments/formal/results/width16__1_add16_err_0.00215149_size_143_depth_16__ER__R8.json,9a1850413cb6109365a4883d15941c978a20d7cd5d5896dd0584b72e500646e0,,,
width16__1_add16_err_0.00215149_size_143_depth_16__ER__R9,16,1_add16_err_0.00215149_size_143_depth_16,ER__R9,R9,A,PASS,1,2026-10-03T22:12:44,2026-10-03T22:12:44,0.169,experiments/formal/results/width16__1_add16_err_0.00215149_size_143_depth_16__ER__R9.json,44f2cdbb8c3d443557cbb86a109db45f9791a9042428ffdff79cae63ae5c2636,,,
width16__1_add16_err_0.00215149_size_143_depth_16__MED__D0,16,1_add16_err_0.00215149_size_143_depth_16,MED__D0,D0,A,PASS,1,2026-10-03T22:12:44,2026-10-03T22:12:45,0.19,experiments/formal/results/width16__1_add16_err_0.00215149_size_143_depth_16__MED__D0.json,4263fbee942424d618a6f7c46d9cd6880720cf8cf9e76569433c95abe5b16c1c,,,
width16__1_add16_err_0.00215149_size_143_depth_16__MED__D1,16,1_add16_err_0.00215149_size_143_depth_16,MED__D1,D1,A,PASS,1,2026-10-03T22:12:45,2026-10-03T22:12:45,0.177,experiments/formal/results/width16__1_add16_err_0.00215149_size_143_depth_16__MED__D1.json,e679a1634e630e32becc7ae1449b4b829bbd4f1b441a7c3e3c7ba90e5c969580,,,
width16__1_add16_err_0.00215149_size_143_depth_16__MED__D2,16,1_add16_err_0.00215149_size_143_depth_16,MED__D2,D2,A,PASS,1,2026-10-03T22:12:45,2026-10-03T22:12:45,0.173,experiments/formal/results/width16__1_add16_err_0.00215149_size_143_depth_16__MED__D2.json,516bc4056718669221a342d783ff9c93784f93510b1c1dcae250a25b6f2087b6,,,
width16__1_add16_err_0.00215149_size_143_depth_16__MED__D3,16,1_add16_err_0.00215149_size_143_depth_16,MED__D3,D3,A,PASS,1,2026-10-03T22:12:45,2026-10-03T22:12:45,0.176,experiments/formal/results/width16__1_add16_err_0.00215149_size_143_depth_16__MED__D3.json,88992da453a2469fea31c94b67942b0457deb5048cf7d983ad26cf3f4615018b,,,
width16__1_add16_err_0.00215149_size_143_depth_16__MED__D4,16,1_add16_err_0.00215149_size_143_depth_16,MED__D4,D4,A,PASS,1,2026-10-03T22:12:45,2026-10-03T22:12:45,0.169,experiments/formal/results/width16__1_add16_err_0.00215149_size_143_depth_16__MED__D4.json,48e83d97abfa950526fb486f91b967082ae7eea98429fc1b4911498379ef4abc,,,
width16__1_add16_err_0.00215149_size_143_depth_16__MED__D5,16,1_add16_err_0.00215149_size_143_depth_16,MED__D5,D5,A,PASS,1,2026-10-03T22:12:45,2026-10-03T22:12:46,0.169,experiments/formal/results/width16__1_add16_err_0.00215149_size_143_depth_16__MED__D5.json,8775a2b6ad4ead5e8aded7dac00808fcf615cbd90ebcfd09fa25c41a66b8fc3a,,,
width16__1_add16_err_0.00215149_size_143_depth_16__compile_ER,16,1_add16_err_0.00215149_size_143_depth_16,compile_ER,None,A,PASS,1,2026-10-03T22:12:40,2026-10-03T22:12:41,0.222,experiments/formal/results/width16__1_add16_err_0.00215149_size_143_depth_16__compile_ER.json,733a6f521756ac92142b6545bf8fbc59e3ceb1d58fa32a2e19c0232539945b4e,,,
width16__1_add16_err_0.00215149_size_143_depth_16__compile_MED,16,1_add16_err_0.00215149_size_143_depth_16,compile_MED,None,A,PASS,1,2026-10-03T22:12:44,2026-10-03T22:12:44,0.666,experiments/formal/results/width16__1_add16_err_0.00215149_size_143_depth_16__compile_MED.json,0a8f52568edd2722c1d37044517e0dca52fd2a07c7e99208d817fd87bc134994,,,
width16__1_add16_err_0.00215149_size_143_depth_16__timing_K16,16,1_add16_err_0.00215149_size_143_depth_16,timing_K16,None,A,PASS,1,2026-10-03T22:12:46,2026-10-03T22:12:49,3.047,experiments/formal/results/width16__1_add16_err_0.00215149_size_143_depth_16__timing_K16.json,7f0382d41253218e2bbda76eb64d931a130a32c45c048a8e51f383fa0e722d82,,,
width16__1_add16_err_0.00215149_size_143_depth_16__timing_K64,16,1_add16_err_0.00215149_size_143_depth_16,timing_K64,None,A,PASS,1,2026-10-03T22:12:49,2026-10-03T22:13:00,11.167,experiments/formal/results/width16__1_add16_err_0.00215149_size_143_depth_16__timing_K64.json,8ccc174fba42e8b570f3347b8bf92a08915ea9c018773e82ef042fe3a96871c2,,,
width16__2_add16_err_0.0311737_size_138_depth_13__ER__D0,16,2_add16_err_0.0311737_size_138_depth_13,ER__D0,D0,A,PASS,1,2026-10-03T22:13:00,2026-10-03T22:13:01,0.192,experiments/formal/results/width16__2_add16_err_0.0311737_size_138_depth_13__ER__D0.json,6b047f47a72f0891d0a80ba9eae45483d28125e51a23ea07695fa8bfbbb08c33,,,
width16__2_add16_err_0.0311737_size_138_depth_13__ER__D1,16,2_add16_err_0.0311737_size_138_depth_13,ER__D1,D1,A,PASS,1,2026-10-03T22:13:01,2026-10-03T22:13:01,0.174,experiments/formal/results/width16__2_add16_err_0.0311737_size_138_depth_13__ER__D1.json,edefb33768ca35d165c6f8bc55e5d754682b80a6dfab89f2642e5cfb1a3e0bde,,,
width16__2_add16_err_0.0311737_size_138_depth_13__ER__D2,16,2_add16_err_0.0311737_size_138_depth_13,ER__D2,D2,A,PASS,1,2026-10-03T22:13:01,2026-10-03T22:13:01,0.173,experiments/formal/results/width16__2_add16_err_0.0311737_size_138_depth_13__ER__D2.json,a8607a2c1f55671347272dc29e580afa2d72f8925c83f6c9f60f8ccabb3902eb,,,
width16__2_add16_err_0.0311737_size_138_depth_13__ER__D3,16,2_add16_err_0.0311737_size_138_depth_13,ER__D3,D3,A,PASS,1,2026-10-03T22:13:01,2026-10-03T22:13:01,0.177,experiments/formal/results/width16__2_add16_err_0.0311737_size_138_depth_13__ER__D3.json,7dba9eaf021aeaef864e99efb6cfa59045f10038bdfa25220bb06df27c9c3180,,,
width16__2_add16_err_0.0311737_size_138_depth_13__ER__D4,16,2_add16_err_0.0311737_size_138_depth_13,ER__D4,D4,A,PASS,1,2026-10-03T22:13:01,2026-10-03T22:13:01,0.195,experiments/formal/results/width16__2_add16_err_0.0311737_size_138_depth_13__ER__D4.json,03a988fbac0d6023248f0f6093a70ef473a2efd3d2339d8465b57c7790e9f804,,,
width16__2_add16_err_0.0311737_size_138_depth_13__ER__D5,16,2_add16_err_0.0311737_size_138_depth_13,ER__D5,D5,A,PASS,1,2026-10-03T22:13:01,2026-10-03T22:13:02,0.18,experiments/formal/results/width16__2_add16_err_0.0311737_size_138_depth_13__ER__D5.json,c74357c9df350125c35f4cf64a58484998f82f1def0345ded3de68411708267b,,,
width16__2_add16_err_0.0311737_size_138_depth_13__ER__R0,16,2_add16_err_0.0311737_size_138_depth_13,ER__R0,R0,A,PASS,1,2026-10-03T22:13:02,2026-10-03T22:13:02,0.166,experiments/formal/results/width16__2_add16_err_0.0311737_size_138_depth_13__ER__R0.json,2c655be754b7d36758132553369222643eface39b1c728db1f9deb500c68fdba,,,
width16__2_add16_err_0.0311737_size_138_depth_13__ER__R1,16,2_add16_err_0.0311737_size_138_depth_13,ER__R1,R1,A,PASS,1,2026-10-03T22:13:02,2026-10-03T22:13:02,0.201,experiments/formal/results/width16__2_add16_err_0.0311737_size_138_depth_13__ER__R1.json,cf6fa4cd252f5d80e1ad1c485299acb0f91c345c78559dd3e179ee93f91342e6,,,
width16__2_add16_err_0.0311737_size_138_depth_13__ER__R2,16,2_add16_err_0.0311737_size_138_depth_13,ER__R2,R2,A,PASS,1,2026-10-03T22:13:02,2026-10-03T22:13:02,0.199,experiments/formal/results/width16__2_add16_err_0.0311737_size_138_depth_13__ER__R2.json,a4985ffebd16600aa92eb82dc46c0608f846833f6be3c196646c6720a4fd5818,,,
width16__2_add16_err_0.0311737_size_138_depth_13__ER__R3,16,2_add16_err_0.0311737_size_138_depth_13,ER__R3,R3,A,PASS,1,2026-10-03T22:13:02,2026-10-03T22:13:02,0.166,experiments/formal/results/width16__2_add16_err_0.0311737_size_138_depth_13__ER__R3.json,a0c3c31f30f53965db954e430b05daebf4643580e759c3b029170a5eda9bc6a1,,,
width16__2_add16_err_0.0311737_size_138_depth_13__ER__R4,16,2_add16_err_0.0311737_size_138_depth_13,ER__R4,R4,A,PASS,1,2026-10-03T22:13:03,2026-10-03T22:13:03,0.18,experiments/formal/results/width16__2_add16_err_0.0311737_size_138_depth_13__ER__R4.json,42bdd854f3c733020d1be6e528283edac9061606f4f101ee7198099a27553ac4,,,
width16__2_add16_err_0.0311737_size_138_depth_13__ER__R5,16,2_add16_err_0.0311737_size_138_depth_13,ER__R5,R5,A,PASS,1,2026-10-03T22:13:03,2026-10-03T22:13:03,0.173,experiments/formal/results/width16__2_add16_err_0.0311737_size_138_depth_13__ER__R5.json,3a857927d8f44d6a05ca787c63a2e7f29abaad21efce0c8a466fbcbda7042945,,,
width16__2_add16_err_0.0311737_size_138_depth_13__ER__R6,16,2_add16_err_0.0311737_size_138_depth_13,ER__R6,R6,A,PASS,1,2026-10-03T22:13:03,2026-10-03T22:13:03,0.174,experiments/formal/results/width16__2_add16_err_0.0311737_size_138_depth_13__ER__R6.json,397e40ebe6e69cce887c00fafc20cfdf50e3e012f43be328af116b287a803e66,,,
width16__2_add16_err_0.0311737_size_138_depth_13__ER__R7,16,2_add16_err_0.0311737_size_138_depth_13,ER__R7,R7,A,PASS,1,2026-10-03T22:13:03,2026-10-03T22:13:03,0.173,experiments/formal/results/width16__2_add16_err_0.0311737_size_138_depth_13__ER__R7.json,76c9087b49ff24638f097eae1d37bcb6c493a9bbdc4b56c7273e334a9eb7bf96,,,
width16__2_add16_err_0.0311737_size_138_depth_13__ER__R8,16,2_add16_err_0.0311737_size_138_depth_13,ER__R8,R8,A,PASS,1,2026-10-03T22:13:03,2026-10-03T22:13:03,0.171,experiments/formal/results/width16__2_add16_err_0.0311737_size_138_depth_13__ER__R8.json,1df931ebb843c580a23a68f39107c41950cf1b53ebf2fdc44d3c26292c5b30f8,,,
width16__2_add16_err_0.0311737_size_138_depth_13__ER__R9,16,2_add16_err_0.0311737_size_138_depth_13,ER__R9,R9,A,PASS,1,2026-10-03T22:13:04,2026-10-03T22:13:04,0.165,experiments/formal/results/width16__2_add16_err_0.0311737_size_138_depth_13__ER__R9.json,8262a0326c001fa999ed377e20dbc827013d81844e4d4615a30dd18a57496e2c,,,
width16__2_add16_err_0.0311737_size_138_depth_13__MED__D0,16,2_add16_err_0.0311737_size_138_depth_13,MED__D0,D0,A,PASS,1,2026-10-03T22:13:05,2026-10-03T22:13:05,0.274,experiments/formal/results/width16__2_add16_err_0.0311737_size_138_depth_13__MED__D0.json,4046561edef144b93b09bfa5747b808bb5831112cb94935fcb38d4dd442d51ec,,,
width16__2_add16_err_0.0311737_size_138_depth_13__MED__D1,16,2_add16_err_0.0311737_size_138_depth_13,MED__D1,D1,A,PASS,1,2026-10-03T22:13:05,2026-10-03T22:13:05,0.255,experiments/formal/results/width16__2_add16_err_0.0311737_size_138_depth_13__MED__D1.json,6817729288ea698c6238ff5c5d211a71f274caf7d7bac85436cdb769e827641c,,,
width16__2_add16_err_0.0311737_size_138_depth_13__MED__D2,16,2_add16_err_0.0311737_size_138_depth_13,MED__D2,D2,A,PASS,1,2026-10-03T22:13:05,2026-10-03T22:13:05,0.249,experiments/formal/results/width16__2_add16_err_0.0311737_size_138_depth_13__MED__D2.json,4b964ffb1b39541767b6a9d2c901c86125eacf150b60193f8f33bb7b7ddd0d37,,,
width16__2_add16_err_0.0311737_size_138_depth_13__MED__D3,16,2_add16_err_0.0311737_size_138_depth_13,MED__D3,D3,A,PASS,1,2026-10-03T22:13:05,2026-10-03T22:13:06,0.25,experiments/formal/results/width16__2_add16_err_0.0311737_size_138_depth_13__MED__D3.json,c3de6b855dc9102ccd2ba5d01ba394a1a0c9351be1ae68a03875ba181fe26b63,,,
width16__2_add16_err_0.0311737_size_138_depth_13__MED__D4,16,2_add16_err_0.0311737_size_138_depth_13,MED__D4,D4,A,PASS,1,2026-10-03T22:13:06,2026-10-03T22:13:06,0.248,experiments/formal/results/width16__2_add16_err_0.0311737_size_138_depth_13__MED__D4.json,41263c3352043037be9e89f6ac1c1dd431852912506dfa12660c33029dc95983,,,
width16__2_add16_err_0.0311737_size_138_depth_13__MED__D5,16,2_add16_err_0.0311737_size_138_depth_13,MED__D5,D5,A,PASS,1,2026-10-03T22:13:06,2026-10-03T22:13:06,0.254,experiments/formal/results/width16__2_add16_err_0.0311737_size_138_depth_13__MED__D5.json,c979daaaa925b42c9f7f0982910eac81aa5d04da4a4f4a30a6c0b211f5bcd5ca,,,
width16__2_add16_err_0.0311737_size_138_depth_13__compile_ER,16,2_add16_err_0.0311737_size_138_depth_13,compile_ER,None,A,PASS,1,2026-10-03T22:13:00,2026-10-03T22:13:00,0.43,experiments/formal/results/width16__2_add16_err_0.0311737_size_138_depth_13__compile_ER.json,5b4aa3b23116697490da7b50b1bee03445bab5fa6ff0b05beb0878277b12583c,,,
width16__2_add16_err_0.0311737_size_138_depth_13__compile_MED,16,2_add16_err_0.0311737_size_138_depth_13,compile_MED,None,A,PASS,1,2026-10-03T22:13:04,2026-10-03T22:13:05,0.811,experiments/formal/results/width16__2_add16_err_0.0311737_size_138_depth_13__compile_MED.json,f1da7020d70c47ac2bb7a5f855c6046678ed7ac1d859c95e164e8ccd513c4914,,,
width16__2_add16_err_0.0311737_size_138_depth_13__timing_K16,16,2_add16_err_0.0311737_size_138_depth_13,timing_K16,None,A,PASS,1,2026-10-03T22:13:06,2026-10-03T22:13:09,3.115,experiments/formal/results/width16__2_add16_err_0.0311737_size_138_depth_13__timing_K16.json,0f65ea2db10a86d5e70bf90cee4630aaca660b0482f5f55fc222e3099ac21f11,,,
width16__2_add16_err_0.0311737_size_138_depth_13__timing_K64,16,2_add16_err_0.0311737_size_138_depth_13,timing_K64,None,A,PASS,1,2026-10-03T22:13:09,2026-10-03T22:13:21,11.434,experiments/formal/results/width16__2_add16_err_0.0311737_size_138_depth_13__timing_K64.json,f2bffc70b4eeec61f54e2050c98cd49b3ccdd3bb5b073e4dadad0307ab0216ec,,,
width16__3_add16_err_0.0585022_size_127_depth_13__ER__D0,16,3_add16_err_0.0585022_size_127_depth_13,ER__D0,D0,A,PASS,1,2026-10-03T22:13:21,2026-10-03T22:13:21,0.171,experiments/formal/results/width16__3_add16_err_0.0585022_size_127_depth_13__ER__D0.json,e8dc8332f3a1745b55cdeca81de72632361e9d7c51904c1155b1c4185d05f95e,,,
width16__3_add16_err_0.0585022_size_127_depth_13__ER__D1,16,3_add16_err_0.0585022_size_127_depth_13,ER__D1,D1,A,PASS,1,2026-10-03T22:13:21,2026-10-03T22:13:21,0.177,experiments/formal/results/width16__3_add16_err_0.0585022_size_127_depth_13__ER__D1.json,e68d8f109242b8fedb2a5baa4b443ebe89012ca529f6dab90e7785f91cebc17a,,,
width16__3_add16_err_0.0585022_size_127_depth_13__ER__D2,16,3_add16_err_0.0585022_size_127_depth_13,ER__D2,D2,A,PASS,1,2026-10-03T22:13:21,2026-10-03T22:13:22,0.183,experiments/formal/results/width16__3_add16_err_0.0585022_size_127_depth_13__ER__D2.json,eafc44bc5763918259a8ae66f2bfb67a28b215411f4cfa8ff19b136089b93051,,,
width16__3_add16_err_0.0585022_size_127_depth_13__ER__D3,16,3_add16_err_0.0585022_size_127_depth_13,ER__D3,D3,A,PASS,1,2026-10-03T22:13:22,2026-10-03T22:13:22,0.174,experiments/formal/results/width16__3_add16_err_0.0585022_size_127_depth_13__ER__D3.json,9c7adda72771039c571b60edad7532a2a59d466a54fa447fd095b9717f0fd6f7,,,
width16__3_add16_err_0.0585022_size_127_depth_13__ER__D4,16,3_add16_err_0.0585022_size_127_depth_13,ER__D4,D4,A,PASS,1,2026-10-03T22:13:22,2026-10-03T22:13:22,0.164,experiments/formal/results/width16__3_add16_err_0.0585022_size_127_depth_13__ER__D4.json,9d58d265dc0e672f2a780a2c9cedd29d6931a857e17b31c75831c7de992dadb0,,,
width16__3_add16_err_0.0585022_size_127_depth_13__ER__D5,16,3_add16_err_0.0585022_size_127_depth_13,ER__D5,D5,A,PASS,1,2026-10-03T22:13:22,2026-10-03T22:13:22,0.167,experiments/formal/results/width16__3_add16_err_0.0585022_size_127_depth_13__ER__D5.json,17d13393ee8211d5ff0bf8bb39ef35cf27382321c33b596914212c1bf05cc2a8,,,
width16__3_add16_err_0.0585022_size_127_depth_13__ER__R0,16,3_add16_err_0.0585022_size_127_depth_13,ER__R0,R0,A,PASS,1,2026-10-03T22:13:22,2026-10-03T22:13:22,0.169,experiments/formal/results/width16__3_add16_err_0.0585022_size_127_depth_13__ER__R0.json,631e70fa094f820ed32a0f4a72fb14f14555cd1dbdf3c69b5b26987b708adc94,,,
width16__3_add16_err_0.0585022_size_127_depth_13__ER__R1,16,3_add16_err_0.0585022_size_127_depth_13,ER__R1,R1,A,PASS,1,2026-10-03T22:13:23,2026-10-03T22:13:23,0.172,experiments/formal/results/width16__3_add16_err_0.0585022_size_127_depth_13__ER__R1.json,febc5e6e9fea12812e5772230161bde078dd9aaa12945a414ae38c3938d9b132,,,
width16__3_add16_err_0.0585022_size_127_depth_13__ER__R2,16,3_add16_err_0.0585022_size_127_depth_13,ER__R2,R2,A,PASS,1,2026-10-03T22:13:23,2026-10-03T22:13:23,0.191,experiments/formal/results/width16__3_add16_err_0.0585022_size_127_depth_13__ER__R2.json,a6f82fda130b03ab1e8eea05ad78a1c900a5afa0431ed38c2775ce3340a70ca7,,,
width16__3_add16_err_0.0585022_size_127_depth_13__ER__R3,16,3_add16_err_0.0585022_size_127_depth_13,ER__R3,R3,A,PASS,1,2026-10-03T22:13:23,2026-10-03T22:13:23,0.163,experiments/formal/results/width16__3_add16_err_0.0585022_size_127_depth_13__ER__R3.json,120d774eeca69323e7140a94af15bf3bfe1b7cf800b6677a84a9b314f6997c4b,,,
width16__3_add16_err_0.0585022_size_127_depth_13__ER__R4,16,3_add16_err_0.0585022_size_127_depth_13,ER__R4,R4,A,PASS,1,2026-10-03T22:13:23,2026-10-03T22:13:23,0.22,experiments/formal/results/width16__3_add16_err_0.0585022_size_127_depth_13__ER__R4.json,1412a967e095e3293417643b68a60a4a57f4a6005be1bbb4d69992727dee01e6,,,
width16__3_add16_err_0.0585022_size_127_depth_13__ER__R5,16,3_add16_err_0.0585022_size_127_depth_13,ER__R5,R5,A,PASS,1,2026-10-03T22:13:23,2026-10-03T22:13:24,0.234,experiments/formal/results/width16__3_add16_err_0.0585022_size_127_depth_13__ER__R5.json,fa1e6deeb1bd8827dfab84da54dc45fa47d751000fdbb085e8cdb9a484b61004,,,
width16__3_add16_err_0.0585022_size_127_depth_13__ER__R6,16,3_add16_err_0.0585022_size_127_depth_13,ER__R6,R6,A,PASS,1,2026-10-03T22:13:24,2026-10-03T22:13:24,0.211,experiments/formal/results/width16__3_add16_err_0.0585022_size_127_depth_13__ER__R6.json,5edcaebfa967ce02446c07209b95e38a6a10275940a0bd99c33148d3b04f6618,,,
width16__3_add16_err_0.0585022_size_127_depth_13__ER__R7,16,3_add16_err_0.0585022_size_127_depth_13,ER__R7,R7,A,PASS,1,2026-10-03T22:13:24,2026-10-03T22:13:24,0.172,experiments/formal/results/width16__3_add16_err_0.0585022_size_127_depth_13__ER__R7.json,77669792c426f99ef0d848cc30d152b8e96acc9d948e4a023e6738896be0152d,,,
width16__3_add16_err_0.0585022_size_127_depth_13__ER__R8,16,3_add16_err_0.0585022_size_127_depth_13,ER__R8,R8,A,PASS,1,2026-10-03T22:13:24,2026-10-03T22:13:24,0.165,experiments/formal/results/width16__3_add16_err_0.0585022_size_127_depth_13__ER__R8.json,db9fd0fdd26f8759ccb226ceccc1d599fd7fc8410b7d271aa27ee50b7af39ba2,,,
width16__3_add16_err_0.0585022_size_127_depth_13__ER__R9,16,3_add16_err_0.0585022_size_127_depth_13,ER__R9,R9,A,PASS,1,2026-10-03T22:13:24,2026-10-03T22:13:24,0.168,experiments/formal/results/width16__3_add16_err_0.0585022_size_127_depth_13__ER__R9.json,85f0df468374740fdab42f2db4280be9a384908e40b04c25df0db859560d704d,,,
width16__3_add16_err_0.0585022_size_127_depth_13__MED__D0,16,3_add16_err_0.0585022_size_127_depth_13,MED__D0,D0,A,PASS,1,2026-10-03T22:13:25,2026-10-03T22:13:25,0.263,experiments/formal/results/width16__3_add16_err_0.0585022_size_127_depth_13__MED__D0.json,b9342ff5b6833a690fab8e3f5d6de15ea072e0804026aeffbb7984ee85e378d2,,,
width16__3_add16_err_0.0585022_size_127_depth_13__MED__D1,16,3_add16_err_0.0585022_size_127_depth_13,MED__D1,D1,A,PASS,1,2026-10-03T22:13:25,2026-10-03T22:13:26,0.241,experiments/formal/results/width16__3_add16_err_0.0585022_size_127_depth_13__MED__D1.json,f9dcfd72f138fbea9651f6e32e1e54ecd5fb38c5ffe1115c84b9895fd32f2fdc,,,
width16__3_add16_err_0.0585022_size_127_depth_13__MED__D2,16,3_add16_err_0.0585022_size_127_depth_13,MED__D2,D2,A,PASS,1,2026-10-03T22:13:26,2026-10-03T22:13:26,0.278,experiments/formal/results/width16__3_add16_err_0.0585022_size_127_depth_13__MED__D2.json,d579970915f80c6c9ac7613a030d043a2469556e0a65aff5d2fd37207c312bd9,,,
width16__3_add16_err_0.0585022_size_127_depth_13__MED__D3,16,3_add16_err_0.0585022_size_127_depth_13,MED__D3,D3,A,PASS,1,2026-10-03T22:13:26,2026-10-03T22:13:26,0.247,experiments/formal/results/width16__3_add16_err_0.0585022_size_127_depth_13__MED__D3.json,7e79d3dcdf05cb123a10409a0d42ba0e0f9c9b530042766f31d7bd892035509a,,,
width16__3_add16_err_0.0585022_size_127_depth_13__MED__D4,16,3_add16_err_0.0585022_size_127_depth_13,MED__D4,D4,A,PASS,1,2026-10-03T22:13:26,2026-10-03T22:13:27,0.251,experiments/formal/results/width16__3_add16_err_0.0585022_size_127_depth_13__MED__D4.json,3aab6cdd1dabb5bbad1d255cb033b245bd39bbf4f26114ec623f3b5bedca8407,,,
width16__3_add16_err_0.0585022_size_127_depth_13__MED__D5,16,3_add16_err_0.0585022_size_127_depth_13,MED__D5,D5,A,PASS,1,2026-10-03T22:13:27,2026-10-03T22:13:27,0.247,experiments/formal/results/width16__3_add16_err_0.0585022_size_127_depth_13__MED__D5.json,a88cc91ac2440c9a0b33326d2a7a35878f3ce3caf8fe2cae1f1ed9a3b7693254,,,
width16__3_add16_err_0.0585022_size_127_depth_13__compile_ER,16,3_add16_err_0.0585022_size_127_depth_13,compile_ER,None,A,PASS,1,2026-10-03T22:13:21,2026-10-03T22:13:21,0.242,experiments/formal/results/width16__3_add16_err_0.0585022_size_127_depth_13__compile_ER.json,9d915148f125212b95a7cd83a479b4f0fc7aab5b9982b38cb45ee8f699544b57,,,
width16__3_add16_err_0.0585022_size_127_depth_13__compile_MED,16,3_add16_err_0.0585022_size_127_depth_13,compile_MED,None,A,PASS,1,2026-10-03T22:13:24,2026-10-03T22:13:25,0.67,experiments/formal/results/width16__3_add16_err_0.0585022_size_127_depth_13__compile_MED.json,66e65310a1513d7db0a2e14f5eff9210235c289a96388622a58b5242b14a6f88,,,
width16__3_add16_err_0.0585022_size_127_depth_13__timing_K16,16,3_add16_err_0.0585022_size_127_depth_13,timing_K16,None,A,PASS,1,2026-10-03T22:13:27,2026-10-03T22:13:30,2.894,experiments/formal/results/width16__3_add16_err_0.0585022_size_127_depth_13__timing_K16.json,51ad16374bcc3c6aa674e966b6cef2ddded77e61f66fcb672b9f40ab62b48c3a,,,
width16__3_add16_err_0.0585022_size_127_depth_13__timing_K64,16,3_add16_err_0.0585022_size_127_depth_13,timing_K64,None,A,PASS,1,2026-10-03T22:13:30,2026-10-03T22:13:41,11.359,experiments/formal/results/width16__3_add16_err_0.0585022_size_127_depth_13__timing_K64.json,a28e0a4bb4d8bd3aceca629cf5cee11385b2ce536efc95b2551262994c329615,,,
width16__4_add16_err_0.125626_size_123_depth_13__ER__D0,16,4_add16_err_0.125626_size_123_depth_13,ER__D0,D0,A,PASS,1,2026-10-03T22:13:42,2026-10-03T22:13:42,0.258,experiments/formal/results/width16__4_add16_err_0.125626_size_123_depth_13__ER__D0.json,8d7af6ef82280f7545ec6129aa88ac1c20a165fc2d28ed3fd728b922da61a088,,,
width16__4_add16_err_0.125626_size_123_depth_13__ER__D1,16,4_add16_err_0.125626_size_123_depth_13,ER__D1,D1,A,PASS,1,2026-10-03T22:13:42,2026-10-03T22:13:42,0.211,experiments/formal/results/width16__4_add16_err_0.125626_size_123_depth_13__ER__D1.json,b1973155d8f181db562b704144ec3757dfb07d42d0aad8a82ae6cc921a1c1c63,,,
width16__4_add16_err_0.125626_size_123_depth_13__ER__D2,16,4_add16_err_0.125626_size_123_depth_13,ER__D2,D2,A,PASS,1,2026-10-03T22:13:42,2026-10-03T22:13:43,0.215,experiments/formal/results/width16__4_add16_err_0.125626_size_123_depth_13__ER__D2.json,e2203d9ed77e18654a0cc61dae99026fce3e9f8f4d53336eca01f8945e38fcf3,,,
width16__4_add16_err_0.125626_size_123_depth_13__ER__D3,16,4_add16_err_0.125626_size_123_depth_13,ER__D3,D3,A,PASS,1,2026-10-03T22:13:43,2026-10-03T22:13:43,0.22,experiments/formal/results/width16__4_add16_err_0.125626_size_123_depth_13__ER__D3.json,fa48e926662102bac3c97b6bdc1beeefe18d0709cb0ef1b2203a1e82a5eba8a3,,,
width16__4_add16_err_0.125626_size_123_depth_13__ER__D4,16,4_add16_err_0.125626_size_123_depth_13,ER__D4,D4,A,PASS,1,2026-10-03T22:13:43,2026-10-03T22:13:43,0.216,experiments/formal/results/width16__4_add16_err_0.125626_size_123_depth_13__ER__D4.json,9bed4eeb6df94c17de33983bf915680244c727cb8774cd8cb10684fc94896a23,,,
width16__4_add16_err_0.125626_size_123_depth_13__ER__D5,16,4_add16_err_0.125626_size_123_depth_13,ER__D5,D5,A,PASS,1,2026-10-03T22:13:43,2026-10-03T22:13:43,0.22,experiments/formal/results/width16__4_add16_err_0.125626_size_123_depth_13__ER__D5.json,3d8efc2e0d9976a44b9f4653c2e2b3cf96e560caa7e853e687520bc84651b35c,,,
width16__4_add16_err_0.125626_size_123_depth_13__ER__R0,16,4_add16_err_0.125626_size_123_depth_13,ER__R0,R0,A,PASS,1,2026-10-03T22:13:43,2026-10-03T22:13:44,0.224,experiments/formal/results/width16__4_add16_err_0.125626_size_123_depth_13__ER__R0.json,2e0ad3a654efce8d9884c7178d624ff0cf22fcb1b1609e0b553a41e65b33e1d0,,,
width16__4_add16_err_0.125626_size_123_depth_13__ER__R1,16,4_add16_err_0.125626_size_123_depth_13,ER__R1,R1,A,PASS,1,2026-10-03T22:13:44,2026-10-03T22:13:44,0.22,experiments/formal/results/width16__4_add16_err_0.125626_size_123_depth_13__ER__R1.json,0df128ec1f926fffc147dc0c9f50793b5df1f00426bc4e51884e29da819885c8,,,
width16__4_add16_err_0.125626_size_123_depth_13__ER__R2,16,4_add16_err_0.125626_size_123_depth_13,ER__R2,R2,A,PASS,1,2026-10-03T22:13:44,2026-10-03T22:13:44,0.221,experiments/formal/results/width16__4_add16_err_0.125626_size_123_depth_13__ER__R2.json,143ddbacdc80a0770914d2a4f0e271256c3e0d9a94aef4a377df91407c536ebc,,,
width16__4_add16_err_0.125626_size_123_depth_13__ER__R3,16,4_add16_err_0.125626_size_123_depth_13,ER__R3,R3,A,PASS,1,2026-10-03T22:13:44,2026-10-03T22:13:44,0.239,experiments/formal/results/width16__4_add16_err_0.125626_size_123_depth_13__ER__R3.json,990c34092e92e3d0bebb3bb1b12c77ee6f7f471ef188f987e0c16a00179e92d8,,,
width16__4_add16_err_0.125626_size_123_depth_13__ER__R4,16,4_add16_err_0.125626_size_123_depth_13,ER__R4,R4,A,PASS,1,2026-10-03T22:13:44,2026-10-03T22:13:45,0.21,experiments/formal/results/width16__4_add16_err_0.125626_size_123_depth_13__ER__R4.json,59a06176601ea9f43c335fd5f2849bbe6199f88b108020443e8a4a1bacd4b7dd,,,
width16__4_add16_err_0.125626_size_123_depth_13__ER__R5,16,4_add16_err_0.125626_size_123_depth_13,ER__R5,R5,A,PASS,1,2026-10-03T22:13:45,2026-10-03T22:13:45,0.218,experiments/formal/results/width16__4_add16_err_0.125626_size_123_depth_13__ER__R5.json,04b0057b829cfdce76371fb01de09776b57875f86d489be7f46d0d356ff742ed,,,
width16__4_add16_err_0.125626_size_123_depth_13__ER__R6,16,4_add16_err_0.125626_size_123_depth_13,ER__R6,R6,A,PASS,1,2026-10-03T22:13:45,2026-10-03T22:13:45,0.218,experiments/formal/results/width16__4_add16_err_0.125626_size_123_depth_13__ER__R6.json,7ee9587ff24cff806f5321d0b8927a4541741b2eba9e1dbfe16f4c2e386fcbf7,,,
width16__4_add16_err_0.125626_size_123_depth_13__ER__R7,16,4_add16_err_0.125626_size_123_depth_13,ER__R7,R7,A,PASS,1,2026-10-03T22:13:45,2026-10-03T22:13:45,0.22,experiments/formal/results/width16__4_add16_err_0.125626_size_123_depth_13__ER__R7.json,68e37cf4bc4999930d46903d48ff7d9ba3e7dd0393a29344e934ef06f648819d,,,
width16__4_add16_err_0.125626_size_123_depth_13__ER__R8,16,4_add16_err_0.125626_size_123_depth_13,ER__R8,R8,A,PASS,1,2026-10-03T22:13:45,2026-10-03T22:13:46,0.234,experiments/formal/results/width16__4_add16_err_0.125626_size_123_depth_13__ER__R8.json,5be1ee60787b33fa84626aa84405e32b2961a39ae4da7cec71e24a0cf84ae2ef,,,
width16__4_add16_err_0.125626_size_123_depth_13__ER__R9,16,4_add16_err_0.125626_size_123_depth_13,ER__R9,R9,A,PASS,1,2026-10-03T22:13:46,2026-10-03T22:13:46,0.237,experiments/formal/results/width16__4_add16_err_0.125626_size_123_depth_13__ER__R9.json,4f1f90fda6fc6900230e54b67ca013484d9ada66f27f08c9d5b8d4c839cbe181,,,
width16__4_add16_err_0.125626_size_123_depth_13__MED__D0,16,4_add16_err_0.125626_size_123_depth_13,MED__D0,D0,A,PASS,1,2026-10-03T22:13:48,2026-10-03T22:13:49,0.863,experiments/formal/results/width16__4_add16_err_0.125626_size_123_depth_13__MED__D0.json,c48684b719506993a6a2c93f084dba17f394e1ebb52830ab08bf9a1e2e6be155,,,
width16__4_add16_err_0.125626_size_123_depth_13__MED__D1,16,4_add16_err_0.125626_size_123_depth_13,MED__D1,D1,A,PASS,1,2026-10-03T22:13:49,2026-10-03T22:13:50,0.838,experiments/formal/results/width16__4_add16_err_0.125626_size_123_depth_13__MED__D1.json,de96d0f7985aba551e99de928dc11204a8d5bd63a7553109d2bd5aeb99bb6eab,,,
width16__4_add16_err_0.125626_size_123_depth_13__MED__D2,16,4_add16_err_0.125626_size_123_depth_13,MED__D2,D2,A,PASS,1,2026-10-03T22:13:50,2026-10-03T22:13:50,0.83,experiments/formal/results/width16__4_add16_err_0.125626_size_123_depth_13__MED__D2.json,9515fa622781583c1dab07d4693a58c10acd152fe90427f996e8d20ff532bccf,,,
width16__4_add16_err_0.125626_size_123_depth_13__MED__D3,16,4_add16_err_0.125626_size_123_depth_13,MED__D3,D3,A,PASS,1,2026-10-03T22:13:50,2026-10-03T22:13:51,0.787,experiments/formal/results/width16__4_add16_err_0.125626_size_123_depth_13__MED__D3.json,993dbd270c8d58be01402b2faeb3e1a7c79f7a6c2793dda15095d34acdbea997,,,
width16__4_add16_err_0.125626_size_123_depth_13__MED__D4,16,4_add16_err_0.125626_size_123_depth_13,MED__D4,D4,A,PASS,1,2026-10-03T22:13:51,2026-10-03T22:13:52,0.784,experiments/formal/results/width16__4_add16_err_0.125626_size_123_depth_13__MED__D4.json,3f16060336368a23b67bc6a17aa696f8c986b7f45c8252caf295f81fdc3d5dc5,,,
width16__4_add16_err_0.125626_size_123_depth_13__MED__D5,16,4_add16_err_0.125626_size_123_depth_13,MED__D5,D5,A,PASS,1,2026-10-03T22:13:52,2026-10-03T22:13:53,0.805,experiments/formal/results/width16__4_add16_err_0.125626_size_123_depth_13__MED__D5.json,ee3bcf31bef6f2b25456192c2b082d9cdbdeebc22f04f7f3e9fb33a01bdda492,,,
width16__4_add16_err_0.125626_size_123_depth_13__compile_ER,16,4_add16_err_0.125626_size_123_depth_13,compile_ER,None,A,PASS,1,2026-10-03T22:13:41,2026-10-03T22:13:42,0.711,experiments/formal/results/width16__4_add16_err_0.125626_size_123_depth_13__compile_ER.json,666bf9b127b7abeddf3d666f1d877f345366121886df6571ad4a4e84e5b32ef9,,,
width16__4_add16_err_0.125626_size_123_depth_13__compile_MED,16,4_add16_err_0.125626_size_123_depth_13,compile_MED,None,A,PASS,1,2026-10-03T22:13:46,2026-10-03T22:13:48,1.91,experiments/formal/results/width16__4_add16_err_0.125626_size_123_depth_13__compile_MED.json,605fe6abe0bc81c70b37d62120ed27ae946f30328c2859d28dbebdc65efe2f02,,,
width16__4_add16_err_0.125626_size_123_depth_13__timing_K16,16,4_add16_err_0.125626_size_123_depth_13,timing_K16,None,A,PASS,1,2026-10-03T22:13:53,2026-10-03T22:13:57,3.816,experiments/formal/results/width16__4_add16_err_0.125626_size_123_depth_13__timing_K16.json,30be56da6ee0fc5f627cb3323edb609ccd8f8a3dfda3831176276c0e366cb9e0,,,
width16__4_add16_err_0.125626_size_123_depth_13__timing_K64,16,4_add16_err_0.125626_size_123_depth_13,timing_K64,None,A,PASS,1,2026-10-03T22:13:57,2026-10-03T22:14:11,14.57,experiments/formal/results/width16__4_add16_err_0.125626_size_123_depth_13__timing_K64.json,3e37e78c83fcfa1506bd559b9883c2f10b24e2ee5fd9a81640c2f3593e6654af,,,
width16__5_add16_err_0.204422_size_119_depth_13__ER__D0,16,5_add16_err_0.204422_size_119_depth_13,ER__D0,D0,A,PASS,1,2026-10-03T22:14:12,2026-10-03T22:14:12,0.233,experiments/formal/results/width16__5_add16_err_0.204422_size_119_depth_13__ER__D0.json,56238031a7e506d035ca73342e06a765255d9b806e23ec6aa800881593d757ae,,,
width16__5_add16_err_0.204422_size_119_depth_13__ER__D1,16,5_add16_err_0.204422_size_119_depth_13,ER__D1,D1,A,PASS,1,2026-10-03T22:14:12,2026-10-03T22:14:13,0.233,experiments/formal/results/width16__5_add16_err_0.204422_size_119_depth_13__ER__D1.json,1ae37892b754c1ad1122cff3df63776f10e76820894b2c6215353a3fa5c7af0b,,,
width16__5_add16_err_0.204422_size_119_depth_13__ER__D2,16,5_add16_err_0.204422_size_119_depth_13,ER__D2,D2,A,PASS,1,2026-10-03T22:14:13,2026-10-03T22:14:13,0.198,experiments/formal/results/width16__5_add16_err_0.204422_size_119_depth_13__ER__D2.json,6cfc69e8706d9edf361d73d9c0675d1514d1179deb9a79aad321a8810293fcec,,,
width16__5_add16_err_0.204422_size_119_depth_13__ER__D3,16,5_add16_err_0.204422_size_119_depth_13,ER__D3,D3,A,PASS,1,2026-10-03T22:14:13,2026-10-03T22:14:13,0.209,experiments/formal/results/width16__5_add16_err_0.204422_size_119_depth_13__ER__D3.json,8d2ba4ebf3968755d5baf9008b82f5c1eac97c9ed79edbcf352d386160b3e8e2,,,
width16__5_add16_err_0.204422_size_119_depth_13__ER__D4,16,5_add16_err_0.204422_size_119_depth_13,ER__D4,D4,A,PASS,1,2026-10-03T22:14:13,2026-10-03T22:14:13,0.198,experiments/formal/results/width16__5_add16_err_0.204422_size_119_depth_13__ER__D4.json,860e73da09a07a9cabdec47f7cf8a84526dc10a79ec912a6e5fa2ba1d5b09800,,,
width16__5_add16_err_0.204422_size_119_depth_13__ER__D5,16,5_add16_err_0.204422_size_119_depth_13,ER__D5,D5,A,PASS,1,2026-10-03T22:14:13,2026-10-03T22:14:13,0.197,experiments/formal/results/width16__5_add16_err_0.204422_size_119_depth_13__ER__D5.json,1be927d20b618c9bf342d306972931d0e0558bf622f85ac2630e83eb034f822d,,,
width16__5_add16_err_0.204422_size_119_depth_13__ER__R0,16,5_add16_err_0.204422_size_119_depth_13,ER__R0,R0,A,PASS,1,2026-10-03T22:14:13,2026-10-03T22:14:14,0.195,experiments/formal/results/width16__5_add16_err_0.204422_size_119_depth_13__ER__R0.json,1d6328ffa674a70889050e9d4ccd3a49cf3193e5bb8815353a9e601544cbf3f8,,,
width16__5_add16_err_0.204422_size_119_depth_13__ER__R1,16,5_add16_err_0.204422_size_119_depth_13,ER__R1,R1,A,PASS,1,2026-10-03T22:14:14,2026-10-03T22:14:14,0.201,experiments/formal/results/width16__5_add16_err_0.204422_size_119_depth_13__ER__R1.json,d07ab80087a598f77f1b2c838d712d10f25bfbe671a66764310b316b877afe27,,,
width16__5_add16_err_0.204422_size_119_depth_13__ER__R2,16,5_add16_err_0.204422_size_119_depth_13,ER__R2,R2,A,PASS,1,2026-10-03T22:14:14,2026-10-03T22:14:14,0.193,experiments/formal/results/width16__5_add16_err_0.204422_size_119_depth_13__ER__R2.json,16874107252076b493adb1f1eb4d8ed0c55a21a2eb84c6f7b238cae2ab7856dc,,,
width16__5_add16_err_0.204422_size_119_depth_13__ER__R3,16,5_add16_err_0.204422_size_119_depth_13,ER__R3,R3,A,PASS,1,2026-10-03T22:14:14,2026-10-03T22:14:14,0.195,experiments/formal/results/width16__5_add16_err_0.204422_size_119_depth_13__ER__R3.json,69a4fc940dc6ed8ba3348553fd991c293ae093ad207b7f6b0d0ee7348ac4ae0e,,,
width16__5_add16_err_0.204422_size_119_depth_13__ER__R4,16,5_add16_err_0.204422_size_119_depth_13,ER__R4,R4,A,PASS,1,2026-10-03T22:14:14,2026-10-03T22:14:15,0.194,experiments/formal/results/width16__5_add16_err_0.204422_size_119_depth_13__ER__R4.json,fdef3f37da976198ddb03092e7782037daa07551c8e9d146d1c2c4c9d0de5c1c,,,
width16__5_add16_err_0.204422_size_119_depth_13__ER__R5,16,5_add16_err_0.204422_size_119_depth_13,ER__R5,R5,A,PASS,1,2026-10-03T22:14:15,2026-10-03T22:14:15,0.199,experiments/formal/results/width16__5_add16_err_0.204422_size_119_depth_13__ER__R5.json,1229ee0561015f93e655cea8286faefb9c8e4def613328f5fb3707cd415e089a,,,
width16__5_add16_err_0.204422_size_119_depth_13__ER__R6,16,5_add16_err_0.204422_size_119_depth_13,ER__R6,R6,A,PASS,1,2026-10-03T22:14:15,2026-10-03T22:14:15,0.202,experiments/formal/results/width16__5_add16_err_0.204422_size_119_depth_13__ER__R6.json,9c1c35a45a76d54957b7ae35004f2d490929e376ba11aa06c84c5abacf94b58f,,,
width16__5_add16_err_0.204422_size_119_depth_13__ER__R7,16,5_add16_err_0.204422_size_119_depth_13,ER__R7,R7,A,PASS,1,2026-10-03T22:14:15,2026-10-03T22:14:15,0.197,experiments/formal/results/width16__5_add16_err_0.204422_size_119_depth_13__ER__R7.json,138a0f02eee933f8e810ddc26f209e5f96852a3f79d2359b51a4d1ccedc540d6,,,
width16__5_add16_err_0.204422_size_119_depth_13__ER__R8,16,5_add16_err_0.204422_size_119_depth_13,ER__R8,R8,A,PASS,1,2026-10-03T22:14:15,2026-10-03T22:14:15,0.194,experiments/formal/results/width16__5_add16_err_0.204422_size_119_depth_13__ER__R8.json,f26cec3c7250cef95313a421b31340e48b780b433361048c938fc127777edfba,,,
width16__5_add16_err_0.204422_size_119_depth_13__ER__R9,16,5_add16_err_0.204422_size_119_depth_13,ER__R9,R9,A,PASS,1,2026-10-03T22:14:15,2026-10-03T22:14:16,0.197,experiments/formal/results/width16__5_add16_err_0.204422_size_119_depth_13__ER__R9.json,ca7010b58ce306dd16dbc29b00b133d3fe1ed20ef57a334527d7bfab5b7cf190,,,
width16__5_add16_err_0.204422_size_119_depth_13__MED__D0,16,5_add16_err_0.204422_size_119_depth_13,MED__D0,D0,A,PASS,1,2026-10-03T22:14:18,2026-10-03T22:14:19,1.188,experiments/formal/results/width16__5_add16_err_0.204422_size_119_depth_13__MED__D0.json,e0e7d689808931b93c7013d6557c0fdd223073336dd29f3bce6b2110960da85c,,,
width16__5_add16_err_0.204422_size_119_depth_13__MED__D1,16,5_add16_err_0.204422_size_119_depth_13,MED__D1,D1,A,PASS,1,2026-10-03T22:14:19,2026-10-03T22:14:20,1.088,experiments/formal/results/width16__5_add16_err_0.204422_size_119_depth_13__MED__D1.json,51d656a183b1bbbc27c2b0728712a23ef5d29d72bf5a1fc188cc29872d54305c,,,
width16__5_add16_err_0.204422_size_119_depth_13__MED__D2,16,5_add16_err_0.204422_size_119_depth_13,MED__D2,D2,A,PASS,1,2026-10-03T22:14:20,2026-10-03T22:14:21,1.084,experiments/formal/results/width16__5_add16_err_0.204422_size_119_depth_13__MED__D2.json,8ca7f328ed4d78ac4908a31822b64ed74b4683e67649d72c47fd9a86b39ae4f1,,,
width16__5_add16_err_0.204422_size_119_depth_13__MED__D3,16,5_add16_err_0.204422_size_119_depth_13,MED__D3,D3,A,PASS,1,2026-10-03T22:14:21,2026-10-03T22:14:22,1.111,experiments/formal/results/width16__5_add16_err_0.204422_size_119_depth_13__MED__D3.json,75ee432e9643360fa8eb374a8a7f4757b6ef01be37a461ea07f1ab8dd6494972,,,
width16__5_add16_err_0.204422_size_119_depth_13__MED__D4,16,5_add16_err_0.204422_size_119_depth_13,MED__D4,D4,A,PASS,1,2026-10-03T22:14:22,2026-10-03T22:14:24,1.091,experiments/formal/results/width16__5_add16_err_0.204422_size_119_depth_13__MED__D4.json,0789a5db8477e33cfa2a399a6e56728fc5ba111ff567405ad4f8be4ac3b46db8,,,
width16__5_add16_err_0.204422_size_119_depth_13__MED__D5,16,5_add16_err_0.204422_size_119_depth_13,MED__D5,D5,A,PASS,1,2026-10-03T22:14:24,2026-10-03T22:14:25,1.594,experiments/formal/results/width16__5_add16_err_0.204422_size_119_depth_13__MED__D5.json,ffab0029212cb1eeb6bffe9ea09c71e3f971354a7414b511b98ee0e1608158fc,,,
width16__5_add16_err_0.204422_size_119_depth_13__compile_ER,16,5_add16_err_0.204422_size_119_depth_13,compile_ER,None,A,PASS,1,2026-10-03T22:14:11,2026-10-03T22:14:12,0.693,experiments/formal/results/width16__5_add16_err_0.204422_size_119_depth_13__compile_ER.json,d64af37d7a0670929fa755007da7ceb223f503c86a8fd8ca10d2c0bc2264e900,,,
width16__5_add16_err_0.204422_size_119_depth_13__compile_MED,16,5_add16_err_0.204422_size_119_depth_13,compile_MED,None,A,PASS,1,2026-10-03T22:14:16,2026-10-03T22:14:18,2.173,experiments/formal/results/width16__5_add16_err_0.204422_size_119_depth_13__compile_MED.json,f530f52c32f80135dc0c74d7745d5c9e90eabfa46db3b3cdb30e8e7280cf6512,,,
width16__5_add16_err_0.204422_size_119_depth_13__timing_K16,16,5_add16_err_0.204422_size_119_depth_13,timing_K16,None,A,PASS,1,2026-10-03T22:14:25,2026-10-03T22:14:29,3.776,experiments/formal/results/width16__5_add16_err_0.204422_size_119_depth_13__timing_K16.json,0d2c77231f1150714919af4868a5d3d31d097449ce439b8d1c6dc58cbbc4e1ba,,,
width16__5_add16_err_0.204422_size_119_depth_13__timing_K64,16,5_add16_err_0.204422_size_119_depth_13,timing_K64,None,A,PASS,1,2026-10-03T22:14:29,2026-10-03T22:14:44,14.685,experiments/formal/results/width16__5_add16_err_0.204422_size_119_depth_13__timing_K64.json,3e425d12f2bea7270936f1bb4f22349506126bf7b68191c26e68002788753481,,,
width16__6_add16_err_0.298309_size_116_depth_13__ER__D0,16,6_add16_err_0.298309_size_116_depth_13,ER__D0,D0,A,PASS,1,2026-10-03T22:14:44,2026-10-03T22:14:45,0.246,experiments/formal/results/width16__6_add16_err_0.298309_size_116_depth_13__ER__D0.json,38f6f9ae97819d60bead53780ecf8b94af7ce4dfb0358499e98bcd00e3c039cf,,,
width16__6_add16_err_0.298309_size_116_depth_13__ER__D1,16,6_add16_err_0.298309_size_116_depth_13,ER__D1,D1,A,PASS,1,2026-10-03T22:14:45,2026-10-03T22:14:45,0.214,experiments/formal/results/width16__6_add16_err_0.298309_size_116_depth_13__ER__D1.json,cbcec7aa3648e1a2591c2b0663c7a292495d1efdc2df56367b2f7b797cb4e81d,,,
width16__6_add16_err_0.298309_size_116_depth_13__ER__D2,16,6_add16_err_0.298309_size_116_depth_13,ER__D2,D2,A,PASS,1,2026-10-03T22:14:45,2026-10-03T22:14:45,0.23,experiments/formal/results/width16__6_add16_err_0.298309_size_116_depth_13__ER__D2.json,0b363b9fe418e9dfa7d7af3443cb21bc084dfc6714ff3acc51281b1de8226bd7,,,
width16__6_add16_err_0.298309_size_116_depth_13__ER__D3,16,6_add16_err_0.298309_size_116_depth_13,ER__D3,D3,A,PASS,1,2026-10-03T22:14:45,2026-10-03T22:14:45,0.227,experiments/formal/results/width16__6_add16_err_0.298309_size_116_depth_13__ER__D3.json,e1b7dcf1404d586847056a3afff54149227c261300a7162dd959fd0135356d4d,,,
width16__6_add16_err_0.298309_size_116_depth_13__ER__D4,16,6_add16_err_0.298309_size_116_depth_13,ER__D4,D4,A,PASS,1,2026-10-03T22:14:45,2026-10-03T22:14:46,0.244,experiments/formal/results/width16__6_add16_err_0.298309_size_116_depth_13__ER__D4.json,a0d91d21f7e0f1051df88b3bcc5f92136141599f29cb0fdf27e3bc6c80fb0e06,,,
width16__6_add16_err_0.298309_size_116_depth_13__ER__D5,16,6_add16_err_0.298309_size_116_depth_13,ER__D5,D5,A,PASS,1,2026-10-03T22:14:46,2026-10-03T22:14:46,0.246,experiments/formal/results/width16__6_add16_err_0.298309_size_116_depth_13__ER__D5.json,3b01b6137878820d642ece7dc3ab1988bb834db87693bfbce166c49a154923f5,,,
width16__6_add16_err_0.298309_size_116_depth_13__ER__R0,16,6_add16_err_0.298309_size_116_depth_13,ER__R0,R0,A,PASS,1,2026-10-03T22:14:46,2026-10-03T22:14:46,0.248,experiments/formal/results/width16__6_add16_err_0.298309_size_116_depth_13__ER__R0.json,6f0ab64fc7f234ee836c9d9f0d50b390372de381f6d5cb74eef0831fd1600e04,,,
width16__6_add16_err_0.298309_size_116_depth_13__ER__R1,16,6_add16_err_0.298309_size_116_depth_13,ER__R1,R1,A,PASS,1,2026-10-03T22:14:46,2026-10-03T22:14:46,0.243,experiments/formal/results/width16__6_add16_err_0.298309_size_116_depth_13__ER__R1.json,4036129b1625cfd87a580bdba0d6aab2fa7450806cac6d4a46fc3fee95acae37,,,
width16__6_add16_err_0.298309_size_116_depth_13__ER__R2,16,6_add16_err_0.298309_size_116_depth_13,ER__R2,R2,A,PASS,1,2026-10-03T22:14:47,2026-10-03T22:14:47,0.28,experiments/formal/results/width16__6_add16_err_0.298309_size_116_depth_13__ER__R2.json,b918eb9464cf3def2235e015ec432a4731c9370825687dc1b8aa6c674ec095e1,,,
width16__6_add16_err_0.298309_size_116_depth_13__ER__R3,16,6_add16_err_0.298309_size_116_depth_13,ER__R3,R3,A,PASS,1,2026-10-03T22:14:47,2026-10-03T22:14:47,0.233,experiments/formal/results/width16__6_add16_err_0.298309_size_116_depth_13__ER__R3.json,f8a6988f2da809c3050a56ec77785ca4ec6a314f1e8b62eee8770738a95c953e,,,
width16__6_add16_err_0.298309_size_116_depth_13__ER__R4,16,6_add16_err_0.298309_size_116_depth_13,ER__R4,R4,A,PASS,1,2026-10-03T22:14:47,2026-10-03T22:14:47,0.238,experiments/formal/results/width16__6_add16_err_0.298309_size_116_depth_13__ER__R4.json,349e325145bb6a2c1d3636e64577a98b7716d06e2da0d482c6f502cdfa18a408,,,
width16__6_add16_err_0.298309_size_116_depth_13__ER__R5,16,6_add16_err_0.298309_size_116_depth_13,ER__R5,R5,A,PASS,1,2026-10-03T22:14:47,2026-10-03T22:14:48,0.238,experiments/formal/results/width16__6_add16_err_0.298309_size_116_depth_13__ER__R5.json,5fd00e2193cd2006950effa035db98818ad9e4a78a343b1d47ac6fc0168db665,,,
width16__6_add16_err_0.298309_size_116_depth_13__ER__R6,16,6_add16_err_0.298309_size_116_depth_13,ER__R6,R6,A,PASS,1,2026-10-03T22:14:48,2026-10-03T22:14:48,0.248,experiments/formal/results/width16__6_add16_err_0.298309_size_116_depth_13__ER__R6.json,44d017d51d6f8927688b3450714e468f2edda6bf044106fdc2d1de194d18c013,,,
width16__6_add16_err_0.298309_size_116_depth_13__ER__R7,16,6_add16_err_0.298309_size_116_depth_13,ER__R7,R7,A,PASS,1,2026-10-03T22:14:48,2026-10-03T22:14:48,0.236,experiments/formal/results/width16__6_add16_err_0.298309_size_116_depth_13__ER__R7.json,5cfc6a1e32dbc2fa0c2f2f83f861f7929dcc622a9e5d58385fe8bb41c1d173e3,,,
width16__6_add16_err_0.298309_size_116_depth_13__ER__R8,16,6_add16_err_0.298309_size_116_depth_13,ER__R8,R8,A,PASS,1,2026-10-03T22:14:48,2026-10-03T22:14:48,0.241,experiments/formal/results/width16__6_add16_err_0.298309_size_116_depth_13__ER__R8.json,0893aabcae3cd4a8fab81e006963038f6db873f05075fbdbd7c5a161bee83d8f,,,
width16__6_add16_err_0.298309_size_116_depth_13__ER__R9,16,6_add16_err_0.298309_size_116_depth_13,ER__R9,R9,A,PASS,1,2026-10-03T22:14:49,2026-10-03T22:14:49,0.241,experiments/formal/results/width16__6_add16_err_0.298309_size_116_depth_13__ER__R9.json,85ce33e61078f1a972757e2a0e6236fc8b661da6f2d99f7eb730e5bc7c2ce5eb,,,
width16__6_add16_err_0.298309_size_116_depth_13__MED__D0,16,6_add16_err_0.298309_size_116_depth_13,MED__D0,D0,A,PASS,1,2026-10-03T22:14:56,2026-10-03T22:14:58,2.452,experiments/formal/results/width16__6_add16_err_0.298309_size_116_depth_13__MED__D0.json,6271ceb200b4e22db290a87587d01c3c4399286ec8855ba7eab41b1e290ab343,,,
width16__6_add16_err_0.298309_size_116_depth_13__MED__D1,16,6_add16_err_0.298309_size_116_depth_13,MED__D1,D1,A,PASS,1,2026-10-03T22:14:58,2026-10-03T22:15:01,2.249,experiments/formal/results/width16__6_add16_err_0.298309_size_116_depth_13__MED__D1.json,a3359fa1f90f4f3060ed94cda0b5663b69409a3651dfcc1394bbc0e092656859,,,
width16__6_add16_err_0.298309_size_116_depth_13__MED__D2,16,6_add16_err_0.298309_size_116_depth_13,MED__D2,D2,A,PASS,1,2026-10-03T22:15:01,2026-10-03T22:15:02,1.918,experiments/formal/results/width16__6_add16_err_0.298309_size_116_depth_13__MED__D2.json,d662f3b77c694294758dc487cc60d0f8a1d7f159369e12f7e94997b32326f1f7,,,
width16__6_add16_err_0.298309_size_116_depth_13__MED__D3,16,6_add16_err_0.298309_size_116_depth_13,MED__D3,D3,A,PASS,1,2026-10-03T22:15:02,2026-10-03T22:15:04,1.966,experiments/formal/results/width16__6_add16_err_0.298309_size_116_depth_13__MED__D3.json,a70008c26425bc0859957f3c57f680ed3f6e14a77d5557c7826cc281d81ed6e6,,,
width16__6_add16_err_0.298309_size_116_depth_13__MED__D4,16,6_add16_err_0.298309_size_116_depth_13,MED__D4,D4,A,PASS,1,2026-10-03T22:15:04,2026-10-03T22:15:06,1.959,experiments/formal/results/width16__6_add16_err_0.298309_size_116_depth_13__MED__D4.json,117724976c9d78fb7e2fee2a61aac99356fad56da565724266834fbe6d361f49,,,
width16__6_add16_err_0.298309_size_116_depth_13__MED__D5,16,6_add16_err_0.298309_size_116_depth_13,MED__D5,D5,A,PASS,1,2026-10-03T22:15:06,2026-10-03T22:15:08,1.935,experiments/formal/results/width16__6_add16_err_0.298309_size_116_depth_13__MED__D5.json,e87923d9004824cd6b41385ff839f6b3b938ab11f73c8bfc745fe8b5c9e832a2,,,
width16__6_add16_err_0.298309_size_116_depth_13__compile_ER,16,6_add16_err_0.298309_size_116_depth_13,compile_ER,None,A,PASS,1,2026-10-03T22:14:44,2026-10-03T22:14:44,0.587,experiments/formal/results/width16__6_add16_err_0.298309_size_116_depth_13__compile_ER.json,7906ae386cf52ab94e7aa04db5cd04bd09dee0eaee1051077a695d330b4bf00d,,,
width16__6_add16_err_0.298309_size_116_depth_13__compile_MED,16,6_add16_err_0.298309_size_116_depth_13,compile_MED,None,A,PASS,1,2026-10-03T22:14:49,2026-10-03T22:14:56,6.958,experiments/formal/results/width16__6_add16_err_0.298309_size_116_depth_13__compile_MED.json,18c9b21679e31ee1e202dd519750ba7184c0c3d59f9dc464374bf3725cf4e487,,,
width16__6_add16_err_0.298309_size_116_depth_13__timing_K16,16,6_add16_err_0.298309_size_116_depth_13,timing_K16,None,A,PASS,1,2026-10-03T22:15:08,2026-10-03T22:15:12,3.69,experiments/formal/results/width16__6_add16_err_0.298309_size_116_depth_13__timing_K16.json,dd6d8ee3fe72285f3cfa68aa73998fcbb2083fd4b0d3ae1bcd5945858b7d489b,,,
width16__6_add16_err_0.298309_size_116_depth_13__timing_K64,16,6_add16_err_0.298309_size_116_depth_13,timing_K64,None,A,PASS,1,2026-10-03T22:15:12,2026-10-03T22:15:26,13.682,experiments/formal/results/width16__6_add16_err_0.298309_size_116_depth_13__timing_K64.json,54a84a56f1b1b06c149c40d0c900430b673cdd98ae59124cb09bdf075917d5ec,,,
width16__7_add16_err_0.386383_size_113_depth_13__ER__D0,16,7_add16_err_0.386383_size_113_depth_13,ER__D0,D0,A,PASS,1,2026-10-03T22:15:26,2026-10-03T22:15:26,0.208,experiments/formal/results/width16__7_add16_err_0.386383_size_113_depth_13__ER__D0.json,07f0ac8b6e26e6c6145921710a865bc7e38d6f28c2bbafd03ba946860e143bbc,,,
width16__7_add16_err_0.386383_size_113_depth_13__ER__D1,16,7_add16_err_0.386383_size_113_depth_13,ER__D1,D1,A,PASS,1,2026-10-03T22:15:26,2026-10-03T22:15:27,0.2,experiments/formal/results/width16__7_add16_err_0.386383_size_113_depth_13__ER__D1.json,1e8cc79b82d971deebc5f604e310c12fae22b9c4048dd77f0cc816bee62bf4d8,,,
width16__7_add16_err_0.386383_size_113_depth_13__ER__D2,16,7_add16_err_0.386383_size_113_depth_13,ER__D2,D2,A,PASS,1,2026-10-03T22:15:27,2026-10-03T22:15:27,0.207,experiments/formal/results/width16__7_add16_err_0.386383_size_113_depth_13__ER__D2.json,e9627f68015eaeee5c7a742795f46d023673e399b34e22361ab93cd98bd26f43,,,
width16__7_add16_err_0.386383_size_113_depth_13__ER__D3,16,7_add16_err_0.386383_size_113_depth_13,ER__D3,D3,A,PASS,1,2026-10-03T22:15:27,2026-10-03T22:15:27,0.202,experiments/formal/results/width16__7_add16_err_0.386383_size_113_depth_13__ER__D3.json,e3ae5de53761ddc9fc43f835342b154341a0916eedf7dd85af55e05e967cca98,,,
width16__7_add16_err_0.386383_size_113_depth_13__ER__D4,16,7_add16_err_0.386383_size_113_depth_13,ER__D4,D4,A,PASS,1,2026-10-03T22:15:27,2026-10-03T22:15:27,0.216,experiments/formal/results/width16__7_add16_err_0.386383_size_113_depth_13__ER__D4.json,3ea5006fe7f82ee05f5f5d309d7bdf0c7cc9d6a8b1d3f205894fb47ef83d0cdb,,,
width16__7_add16_err_0.386383_size_113_depth_13__ER__D5,16,7_add16_err_0.386383_size_113_depth_13,ER__D5,D5,A,PASS,1,2026-10-03T22:15:27,2026-10-03T22:15:28,0.205,experiments/formal/results/width16__7_add16_err_0.386383_size_113_depth_13__ER__D5.json,d03096d42bfcde6ba4276742758521234a7a9a0f3340c4da6f83024c899af5e4,,,
width16__7_add16_err_0.386383_size_113_depth_13__ER__R0,16,7_add16_err_0.386383_size_113_depth_13,ER__R0,R0,A,PASS,1,2026-10-03T22:15:28,2026-10-03T22:15:28,0.207,experiments/formal/results/width16__7_add16_err_0.386383_size_113_depth_13__ER__R0.json,b98e09c8fc92a6526633c64fbddbfab268743b487ec8519e41e566561e2c36e5,,,
width16__7_add16_err_0.386383_size_113_depth_13__ER__R1,16,7_add16_err_0.386383_size_113_depth_13,ER__R1,R1,A,PASS,1,2026-10-03T22:15:28,2026-10-03T22:15:28,0.2,experiments/formal/results/width16__7_add16_err_0.386383_size_113_depth_13__ER__R1.json,3b0eabce5feadd9baf19830b0063093df8683ed1162e1f8396567193d27f5254,,,
width16__7_add16_err_0.386383_size_113_depth_13__ER__R2,16,7_add16_err_0.386383_size_113_depth_13,ER__R2,R2,A,PASS,1,2026-10-03T22:15:28,2026-10-03T22:15:28,0.197,experiments/formal/results/width16__7_add16_err_0.386383_size_113_depth_13__ER__R2.json,076e097202ba0f728d0b4e72fbd8fef7e619dd7a26b6d1c91d8e488e7d1180a0,,,
width16__7_add16_err_0.386383_size_113_depth_13__ER__R3,16,7_add16_err_0.386383_size_113_depth_13,ER__R3,R3,A,PASS,1,2026-10-03T22:15:28,2026-10-03T22:15:29,0.198,experiments/formal/results/width16__7_add16_err_0.386383_size_113_depth_13__ER__R3.json,d4bf3ed5bf187e0e56bf7989edb678cee42d28d05800ead7e844d399ab78a64d,,,
width16__7_add16_err_0.386383_size_113_depth_13__ER__R4,16,7_add16_err_0.386383_size_113_depth_13,ER__R4,R4,A,PASS,1,2026-10-03T22:15:29,2026-10-03T22:15:29,0.197,experiments/formal/results/width16__7_add16_err_0.386383_size_113_depth_13__ER__R4.json,c98fe2979d343ae3787de2d83029c5a6ba79c468e5b147fea7505c9366c1beb1,,,
width16__7_add16_err_0.386383_size_113_depth_13__ER__R5,16,7_add16_err_0.386383_size_113_depth_13,ER__R5,R5,A,PASS,1,2026-10-03T22:15:29,2026-10-03T22:15:29,0.196,experiments/formal/results/width16__7_add16_err_0.386383_size_113_depth_13__ER__R5.json,195630b7456eff47fe49289043b6c5985ff419ec1d46f6272c21adf12f6579e6,,,
width16__7_add16_err_0.386383_size_113_depth_13__ER__R6,16,7_add16_err_0.386383_size_113_depth_13,ER__R6,R6,A,PASS,1,2026-10-03T22:15:29,2026-10-03T22:15:29,0.203,experiments/formal/results/width16__7_add16_err_0.386383_size_113_depth_13__ER__R6.json,3b7fbb79aa8916a9efd19b93889a463d346d83b4cb1688324223c8254a095d9d,,,
width16__7_add16_err_0.386383_size_113_depth_13__ER__R7,16,7_add16_err_0.386383_size_113_depth_13,ER__R7,R7,A,PASS,1,2026-10-03T22:15:29,2026-10-03T22:15:30,0.195,experiments/formal/results/width16__7_add16_err_0.386383_size_113_depth_13__ER__R7.json,15beb21ddfbc837f60319595448d74bc7899bebb2b09c04b062cf78d77c915f4,,,
width16__7_add16_err_0.386383_size_113_depth_13__ER__R8,16,7_add16_err_0.386383_size_113_depth_13,ER__R8,R8,A,PASS,1,2026-10-03T22:15:30,2026-10-03T22:15:30,0.215,experiments/formal/results/width16__7_add16_err_0.386383_size_113_depth_13__ER__R8.json,651208692883edf92c097aa1a03e7b2ea572cc762d6470144bf82eef6a2a24d5,,,
width16__7_add16_err_0.386383_size_113_depth_13__ER__R9,16,7_add16_err_0.386383_size_113_depth_13,ER__R9,R9,A,PASS,1,2026-10-03T22:15:30,2026-10-03T22:15:30,0.197,experiments/formal/results/width16__7_add16_err_0.386383_size_113_depth_13__ER__R9.json,29d9a83bcfb1eae849452e1f16f6fb548fb43814a2745f730279157dfdffb69d,,,
width16__7_add16_err_0.386383_size_113_depth_13__MED__D0,16,7_add16_err_0.386383_size_113_depth_13,MED__D0,D0,A,PASS,1,2026-10-03T22:15:34,2026-10-03T22:15:36,1.968,experiments/formal/results/width16__7_add16_err_0.386383_size_113_depth_13__MED__D0.json,9b530d63186368179c12c6859c29140ade76ca126067175653f16255fa47c786,,,
width16__7_add16_err_0.386383_size_113_depth_13__MED__D1,16,7_add16_err_0.386383_size_113_depth_13,MED__D1,D1,A,PASS,1,2026-10-03T22:15:36,2026-10-03T22:15:38,1.844,experiments/formal/results/width16__7_add16_err_0.386383_size_113_depth_13__MED__D1.json,ced82f1965becf76efaf295f1084c3797265e3a39299b5dd1b430a66a2218f3b,,,
width16__7_add16_err_0.386383_size_113_depth_13__MED__D2,16,7_add16_err_0.386383_size_113_depth_13,MED__D2,D2,A,PASS,1,2026-10-03T22:15:38,2026-10-03T22:15:40,1.875,experiments/formal/results/width16__7_add16_err_0.386383_size_113_depth_13__MED__D2.json,7b412d519b4be441c3e84a4b1ff1ba3bcefeeeae54d6c91c5ae65644f52a019c,,,
width16__7_add16_err_0.386383_size_113_depth_13__MED__D3,16,7_add16_err_0.386383_size_113_depth_13,MED__D3,D3,A,PASS,1,2026-10-03T22:15:40,2026-10-03T22:15:42,1.862,experiments/formal/results/width16__7_add16_err_0.386383_size_113_depth_13__MED__D3.json,9fad8f7e0ea6ec564b0d46d4a65c1837a203ff0ecd740bc96c47aac7cf9dd580,,,
width16__7_add16_err_0.386383_size_113_depth_13__MED__D4,16,7_add16_err_0.386383_size_113_depth_13,MED__D4,D4,A,PASS,1,2026-10-03T22:15:42,2026-10-03T22:15:44,1.852,experiments/formal/results/width16__7_add16_err_0.386383_size_113_depth_13__MED__D4.json,05fda990f8d2273e08f0f413cc56fcda6e393637f09807df92b85def596c66c6,,,
width16__7_add16_err_0.386383_size_113_depth_13__MED__D5,16,7_add16_err_0.386383_size_113_depth_13,MED__D5,D5,A,PASS,1,2026-10-03T22:15:44,2026-10-03T22:15:46,2.147,experiments/formal/results/width16__7_add16_err_0.386383_size_113_depth_13__MED__D5.json,4c5590ded2ced34ccf88f4a95391e2db3069fa839b0f3c48b60db5dcbe2dfa8f,,,
width16__7_add16_err_0.386383_size_113_depth_13__compile_ER,16,7_add16_err_0.386383_size_113_depth_13,compile_ER,None,A,PASS,1,2026-10-03T22:15:26,2026-10-03T22:15:26,0.391,experiments/formal/results/width16__7_add16_err_0.386383_size_113_depth_13__compile_ER.json,8bddba663946517e6494007c9c6d4f3fde14270602bf1d9ea1d824522d74f596,,,
width16__7_add16_err_0.386383_size_113_depth_13__compile_MED,16,7_add16_err_0.386383_size_113_depth_13,compile_MED,None,A,PASS,1,2026-10-03T22:15:30,2026-10-03T22:15:34,4.161,experiments/formal/results/width16__7_add16_err_0.386383_size_113_depth_13__compile_MED.json,7623eefecd3c970925edf841b259626e151539df7f314797529d3b03955f3c6a,,,
width16__7_add16_err_0.386383_size_113_depth_13__timing_K16,16,7_add16_err_0.386383_size_113_depth_13,timing_K16,None,A,PASS,1,2026-10-03T22:15:46,2026-10-03T22:15:49,3.49,experiments/formal/results/width16__7_add16_err_0.386383_size_113_depth_13__timing_K16.json,3ad5e7d0e29b00f3b35aa52b14ac6714e0a21fe5f8d04ab3ec0d7f5c5458dff5,,,
width16__7_add16_err_0.386383_size_113_depth_13__timing_K64,16,7_add16_err_0.386383_size_113_depth_13,timing_K64,None,A,PASS,1,2026-10-03T22:15:50,2026-10-03T22:16:03,13.348,experiments/formal/results/width16__7_add16_err_0.386383_size_113_depth_13__timing_K64.json,20e0e54f89e1169d35c7b718fe4ebcd5a03573ef2c3c473853966d624643cb5b,,,
width16__8_add16_err_0.458023_size_110_depth_13__ER__D0,16,8_add16_err_0.458023_size_110_depth_13,ER__D0,D0,A,PASS,1,2026-10-03T22:16:03,2026-10-03T22:16:04,0.205,experiments/formal/results/width16__8_add16_err_0.458023_size_110_depth_13__ER__D0.json,b4f280c99c552df1ee24ec62b9d60e6c0d1ea939b6e49b0c97765d8b679eb1ca,,,
width16__8_add16_err_0.458023_size_110_depth_13__ER__D1,16,8_add16_err_0.458023_size_110_depth_13,ER__D1,D1,A,PASS,1,2026-10-03T22:16:04,2026-10-03T22:16:04,0.206,experiments/formal/results/width16__8_add16_err_0.458023_size_110_depth_13__ER__D1.json,206271d6c99458a19339f51c56b1d86ca7d55486b1592a03ef380edc30ea9030,,,
width16__8_add16_err_0.458023_size_110_depth_13__ER__D2,16,8_add16_err_0.458023_size_110_depth_13,ER__D2,D2,A,PASS,1,2026-10-03T22:16:04,2026-10-03T22:16:04,0.214,experiments/formal/results/width16__8_add16_err_0.458023_size_110_depth_13__ER__D2.json,4359f2cef3da4785b388b9cb5ed03107273a8d38d49efe469689a95f30cc0f50,,,
width16__8_add16_err_0.458023_size_110_depth_13__ER__D3,16,8_add16_err_0.458023_size_110_depth_13,ER__D3,D3,A,PASS,1,2026-10-03T22:16:04,2026-10-03T22:16:04,0.208,experiments/formal/results/width16__8_add16_err_0.458023_size_110_depth_13__ER__D3.json,c5777207ece5db670f54c813e09eb65ab3e5375068bd6bcd93eef3e11592d201,,,
width16__8_add16_err_0.458023_size_110_depth_13__ER__D4,16,8_add16_err_0.458023_size_110_depth_13,ER__D4,D4,A,PASS,1,2026-10-03T22:16:04,2026-10-03T22:16:05,0.209,experiments/formal/results/width16__8_add16_err_0.458023_size_110_depth_13__ER__D4.json,278b57bb62b0f325b067ff1f0161b5e73020a8fea2e2d287edc22fea331ec1bf,,,
width16__8_add16_err_0.458023_size_110_depth_13__ER__D5,16,8_add16_err_0.458023_size_110_depth_13,ER__D5,D5,A,PASS,1,2026-10-03T22:16:05,2026-10-03T22:16:05,0.208,experiments/formal/results/width16__8_add16_err_0.458023_size_110_depth_13__ER__D5.json,b81632530d4554274ca2ea4730dba1365d502ae815bc00963962f02875894eb8,,,
width16__8_add16_err_0.458023_size_110_depth_13__ER__R0,16,8_add16_err_0.458023_size_110_depth_13,ER__R0,R0,A,PASS,1,2026-10-03T22:16:05,2026-10-03T22:16:05,0.208,experiments/formal/results/width16__8_add16_err_0.458023_size_110_depth_13__ER__R0.json,c356ae75515f7be910afffa94794687358675241bf2adff9fb64fd04dd053d0e,,,
width16__8_add16_err_0.458023_size_110_depth_13__ER__R1,16,8_add16_err_0.458023_size_110_depth_13,ER__R1,R1,A,PASS,1,2026-10-03T22:16:05,2026-10-03T22:16:05,0.217,experiments/formal/results/width16__8_add16_err_0.458023_size_110_depth_13__ER__R1.json,2674c9e4e7a2a5cd62f34784ddb2ed915a2596c4e5c73172d830784601ed9eb4,,,
width16__8_add16_err_0.458023_size_110_depth_13__ER__R2,16,8_add16_err_0.458023_size_110_depth_13,ER__R2,R2,A,PASS,1,2026-10-03T22:16:05,2026-10-03T22:16:06,0.211,experiments/formal/results/width16__8_add16_err_0.458023_size_110_depth_13__ER__R2.json,72dd10714a4a5034342e3b7c28afd35c9470ae77a3a53227c90ab55cd56ee2dd,,,
width16__8_add16_err_0.458023_size_110_depth_13__ER__R3,16,8_add16_err_0.458023_size_110_depth_13,ER__R3,R3,A,PASS,1,2026-10-03T22:16:06,2026-10-03T22:16:06,0.207,experiments/formal/results/width16__8_add16_err_0.458023_size_110_depth_13__ER__R3.json,1afd79c231a688b9ab7f626eb89e4b13977e177e77ed0f9d52153be27325a4c4,,,
width16__8_add16_err_0.458023_size_110_depth_13__ER__R4,16,8_add16_err_0.458023_size_110_depth_13,ER__R4,R4,A,PASS,1,2026-10-03T22:16:06,2026-10-03T22:16:06,0.211,experiments/formal/results/width16__8_add16_err_0.458023_size_110_depth_13__ER__R4.json,dd40f6cc1990c154838677c23e532da6e5d760198a07b52401301f7ca5927b76,,,
width16__8_add16_err_0.458023_size_110_depth_13__ER__R5,16,8_add16_err_0.458023_size_110_depth_13,ER__R5,R5,A,PASS,1,2026-10-03T22:16:06,2026-10-03T22:16:06,0.223,experiments/formal/results/width16__8_add16_err_0.458023_size_110_depth_13__ER__R5.json,764ff32f37230da1195946d06117e890fd9fac1b5f7c82ee8982418dd627a4b2,,,
width16__8_add16_err_0.458023_size_110_depth_13__ER__R6,16,8_add16_err_0.458023_size_110_depth_13,ER__R6,R6,A,PASS,1,2026-10-03T22:16:06,2026-10-03T22:16:07,0.215,experiments/formal/results/width16__8_add16_err_0.458023_size_110_depth_13__ER__R6.json,73c180e9875df804fce015b613b980d0077e5ac04150615c0faf3f052d6966fe,,,
width16__8_add16_err_0.458023_size_110_depth_13__ER__R7,16,8_add16_err_0.458023_size_110_depth_13,ER__R7,R7,A,PASS,1,2026-10-03T22:16:07,2026-10-03T22:16:07,0.209,experiments/formal/results/width16__8_add16_err_0.458023_size_110_depth_13__ER__R7.json,e9f98c5691fad9053514e4a1eb40d436630480c32f5d4951767f0d154ff1f0c2,,,
width16__8_add16_err_0.458023_size_110_depth_13__ER__R8,16,8_add16_err_0.458023_size_110_depth_13,ER__R8,R8,A,PASS,1,2026-10-03T22:16:07,2026-10-03T22:16:07,0.211,experiments/formal/results/width16__8_add16_err_0.458023_size_110_depth_13__ER__R8.json,f5332c3d4f39b6f1f61941e8f2fa117cbdbc5322da1d9df0cb5a05e351027bf3,,,
width16__8_add16_err_0.458023_size_110_depth_13__ER__R9,16,8_add16_err_0.458023_size_110_depth_13,ER__R9,R9,A,PASS,1,2026-10-03T22:16:07,2026-10-03T22:16:07,0.242,experiments/formal/results/width16__8_add16_err_0.458023_size_110_depth_13__ER__R9.json,d870e6e76fe4ce23002e3dc92146b8f84a197bde1f8421a0e2ddf7aadec5c165,,,
width16__8_add16_err_0.458023_size_110_depth_13__MED__D0,16,8_add16_err_0.458023_size_110_depth_13,MED__D0,D0,A,PASS,1,2026-10-03T22:16:12,2026-10-03T22:16:14,2.026,experiments/formal/results/width16__8_add16_err_0.458023_size_110_depth_13__MED__D0.json,5dfda96f5b309390a66a3edd9fe1759413c227f56aaca01f839021c5c1fc45f4,,,
width16__8_add16_err_0.458023_size_110_depth_13__MED__D1,16,8_add16_err_0.458023_size_110_depth_13,MED__D1,D1,A,PASS,1,2026-10-03T22:16:14,2026-10-03T22:16:16,2.035,experiments/formal/results/width16__8_add16_err_0.458023_size_110_depth_13__MED__D1.json,8050be1ba3ed7b5edd7b9ad51535d312123ae96844f5c8f193f34066830719ad,,,
width16__8_add16_err_0.458023_size_110_depth_13__MED__D2,16,8_add16_err_0.458023_size_110_depth_13,MED__D2,D2,A,PASS,1,2026-10-03T22:16:16,2026-10-03T22:16:18,2.05,experiments/formal/results/width16__8_add16_err_0.458023_size_110_depth_13__MED__D2.json,20bcb8bb4d192a448b27b50a5df6ca9b3877197005813b8558cadf644d94ba33,,,
width16__8_add16_err_0.458023_size_110_depth_13__MED__D3,16,8_add16_err_0.458023_size_110_depth_13,MED__D3,D3,A,PASS,1,2026-10-03T22:16:18,2026-10-03T22:16:20,1.971,experiments/formal/results/width16__8_add16_err_0.458023_size_110_depth_13__MED__D3.json,00934e859856ace181514a98fa968c834b03156d6f3dcfaf72bfa9268da7e84c,,,
width16__8_add16_err_0.458023_size_110_depth_13__MED__D4,16,8_add16_err_0.458023_size_110_depth_13,MED__D4,D4,A,PASS,1,2026-10-03T22:16:20,2026-10-03T22:16:22,1.992,experiments/formal/results/width16__8_add16_err_0.458023_size_110_depth_13__MED__D4.json,711989c6abcc1e150ca26c12551685c70e9323e036cc6262a8831b22e78d5b6c,,,
width16__8_add16_err_0.458023_size_110_depth_13__MED__D5,16,8_add16_err_0.458023_size_110_depth_13,MED__D5,D5,A,PASS,1,2026-10-03T22:16:22,2026-10-03T22:16:24,1.957,experiments/formal/results/width16__8_add16_err_0.458023_size_110_depth_13__MED__D5.json,261cd5e95fe3a575bf063ab4d671cbdd7096e6646fd8956749e776aaf28ea13e,,,
width16__8_add16_err_0.458023_size_110_depth_13__compile_ER,16,8_add16_err_0.458023_size_110_depth_13,compile_ER,None,A,PASS,1,2026-10-03T22:16:03,2026-10-03T22:16:03,0.534,experiments/formal/results/width16__8_add16_err_0.458023_size_110_depth_13__compile_ER.json,09ad66732d0d970a0d3667caec04577866d74bb108be23504573ef346cf3f9c1,,,
width16__8_add16_err_0.458023_size_110_depth_13__compile_MED,16,8_add16_err_0.458023_size_110_depth_13,compile_MED,None,A,PASS,1,2026-10-03T22:16:07,2026-10-03T22:16:12,4.403,experiments/formal/results/width16__8_add16_err_0.458023_size_110_depth_13__compile_MED.json,14868186e6340ea111fa58c348f669768539f087648a9316ca6ff87091df5b02,,,
width16__8_add16_err_0.458023_size_110_depth_13__timing_K16,16,8_add16_err_0.458023_size_110_depth_13,timing_K16,None,A,PASS,1,2026-10-03T22:16:24,2026-10-03T22:16:28,3.857,experiments/formal/results/width16__8_add16_err_0.458023_size_110_depth_13__timing_K16.json,e4220e069ba53b9935fbdfe0931c200308e8d4cee9914a9e7692e6dee00fd014,,,
width16__8_add16_err_0.458023_size_110_depth_13__timing_K64,16,8_add16_err_0.458023_size_110_depth_13,timing_K64,None,A,PASS,1,2026-10-03T22:16:28,2026-10-03T22:16:42,13.911,experiments/formal/results/width16__8_add16_err_0.458023_size_110_depth_13__timing_K64.json,a5745c24841d2d17ba5639dbea5a717c9af3532a2187e6f6612c5db230f8734d,,,
width16__9_add16_err_0.507919_size_108_depth_13__ER__D0,16,9_add16_err_0.507919_size_108_depth_13,ER__D0,D0,A,PASS,1,2026-10-03T22:16:42,2026-10-03T22:16:42,0.211,experiments/formal/results/width16__9_add16_err_0.507919_size_108_depth_13__ER__D0.json,58436c3b1b913941518c9289f23a2d71b9fac2ed33d6f21e2bb00b94863dc1c6,,,
width16__9_add16_err_0.507919_size_108_depth_13__ER__D1,16,9_add16_err_0.507919_size_108_depth_13,ER__D1,D1,A,PASS,1,2026-10-03T22:16:43,2026-10-03T22:16:43,0.214,experiments/formal/results/width16__9_add16_err_0.507919_size_108_depth_13__ER__D1.json,f65f5a11fce46453f07b84249309a7b3146c5fe259e1b6006eac7e3729b1e698,,,
width16__9_add16_err_0.507919_size_108_depth_13__ER__D2,16,9_add16_err_0.507919_size_108_depth_13,ER__D2,D2,A,PASS,1,2026-10-03T22:16:43,2026-10-03T22:16:43,0.215,experiments/formal/results/width16__9_add16_err_0.507919_size_108_depth_13__ER__D2.json,b3d0b78fe061936c4c8e03dd3393298b8a138c3f94d743b4d7c1d63bfd3c3630,,,
width16__9_add16_err_0.507919_size_108_depth_13__ER__D3,16,9_add16_err_0.507919_size_108_depth_13,ER__D3,D3,A,PASS,1,2026-10-03T22:16:43,2026-10-03T22:16:43,0.207,experiments/formal/results/width16__9_add16_err_0.507919_size_108_depth_13__ER__D3.json,4dadd74a0b28ad662450a7913faf8d7d6c9c37a55ff1ad758a845a1b6296cb32,,,
width16__9_add16_err_0.507919_size_108_depth_13__ER__D4,16,9_add16_err_0.507919_size_108_depth_13,ER__D4,D4,A,PASS,1,2026-10-03T22:16:43,2026-10-03T22:16:43,0.208,experiments/formal/results/width16__9_add16_err_0.507919_size_108_depth_13__ER__D4.json,a7e78aebfb33a911aad7143c2f624c85ad6cee52e32f6894f8f6c42a7f28bc2c,,,
width16__9_add16_err_0.507919_size_108_depth_13__ER__D5,16,9_add16_err_0.507919_size_108_depth_13,ER__D5,D5,A,PASS,1,2026-10-03T22:16:43,2026-10-03T22:16:44,0.221,experiments/formal/results/width16__9_add16_err_0.507919_size_108_depth_13__ER__D5.json,6fe128c51556ded01a62fa343c759baec5dae9fb9e119a437208ef2810c911e8,,,
width16__9_add16_err_0.507919_size_108_depth_13__ER__R0,16,9_add16_err_0.507919_size_108_depth_13,ER__R0,R0,A,PASS,1,2026-10-03T22:16:44,2026-10-03T22:16:44,0.226,experiments/formal/results/width16__9_add16_err_0.507919_size_108_depth_13__ER__R0.json,5e6f17c3d49c55d734438bac7801fec33f35f8e42e02035c08380a9003cd6a58,,,
width16__9_add16_err_0.507919_size_108_depth_13__ER__R1,16,9_add16_err_0.507919_size_108_depth_13,ER__R1,R1,A,PASS,1,2026-10-03T22:16:44,2026-10-03T22:16:44,0.217,experiments/formal/results/width16__9_add16_err_0.507919_size_108_depth_13__ER__R1.json,100ef4df8c55602faca6db279b2f338fbdb9532e317f44bca1fe459ca4c058e6,,,
width16__9_add16_err_0.507919_size_108_depth_13__ER__R2,16,9_add16_err_0.507919_size_108_depth_13,ER__R2,R2,A,PASS,1,2026-10-03T22:16:44,2026-10-03T22:16:44,0.208,experiments/formal/results/width16__9_add16_err_0.507919_size_108_depth_13__ER__R2.json,16fb202fa05d780fb633e86c6d98aeadba0cc59b336eb576b11a4168df072456,,,
width16__9_add16_err_0.507919_size_108_depth_13__ER__R3,16,9_add16_err_0.507919_size_108_depth_13,ER__R3,R3,A,PASS,1,2026-10-03T22:16:44,2026-10-03T22:16:45,0.211,experiments/formal/results/width16__9_add16_err_0.507919_size_108_depth_13__ER__R3.json,2adacb6defce6b274d9619d9a819255aa2eb810eb8e94d850671deb86d6296f2,,,
width16__9_add16_err_0.507919_size_108_depth_13__ER__R4,16,9_add16_err_0.507919_size_108_depth_13,ER__R4,R4,A,PASS,1,2026-10-03T22:16:45,2026-10-03T22:16:45,0.209,experiments/formal/results/width16__9_add16_err_0.507919_size_108_depth_13__ER__R4.json,3da9179400a55d2999105b52e0f2d7e0c3a38d450642bd0b10afc2447fc74f41,,,
width16__9_add16_err_0.507919_size_108_depth_13__ER__R5,16,9_add16_err_0.507919_size_108_depth_13,ER__R5,R5,A,PASS,1,2026-10-03T22:16:45,2026-10-03T22:16:45,0.214,experiments/formal/results/width16__9_add16_err_0.507919_size_108_depth_13__ER__R5.json,60c8d83ac50f73a8cd85e7db4acb9d5ca90b3c9eaf75bd2ab8479f71f340798c,,,
width16__9_add16_err_0.507919_size_108_depth_13__ER__R6,16,9_add16_err_0.507919_size_108_depth_13,ER__R6,R6,A,PASS,1,2026-10-03T22:16:45,2026-10-03T22:16:45,0.215,experiments/formal/results/width16__9_add16_err_0.507919_size_108_depth_13__ER__R6.json,0055c46590ef47ad17234f821a9a8fb18e5df50339c8f4a8ac17f8961c960d78,,,
width16__9_add16_err_0.507919_size_108_depth_13__ER__R7,16,9_add16_err_0.507919_size_108_depth_13,ER__R7,R7,A,PASS,1,2026-10-03T22:16:45,2026-10-03T22:16:46,0.221,experiments/formal/results/width16__9_add16_err_0.507919_size_108_depth_13__ER__R7.json,2cc0ae9c794fafe99924ae95767b4e7e35577cfad4690b009a3f7e4fdc778730,,,
width16__9_add16_err_0.507919_size_108_depth_13__ER__R8,16,9_add16_err_0.507919_size_108_depth_13,ER__R8,R8,A,PASS,1,2026-10-03T22:16:46,2026-10-03T22:16:46,0.215,experiments/formal/results/width16__9_add16_err_0.507919_size_108_depth_13__ER__R8.json,5f933d693700fc6b41dd8fe14e1b20546fb2abe31371b8f16f7f83597e7a5614,,,
width16__9_add16_err_0.507919_size_108_depth_13__ER__R9,16,9_add16_err_0.507919_size_108_depth_13,ER__R9,R9,A,PASS,1,2026-10-03T22:16:46,2026-10-03T22:16:46,0.211,experiments/formal/results/width16__9_add16_err_0.507919_size_108_depth_13__ER__R9.json,b480110c1088c41c2999007bb6ea436c3aa5bee39aaecff8b9684b6e7bfeff5a,,,
width16__9_add16_err_0.507919_size_108_depth_13__MED__D0,16,9_add16_err_0.507919_size_108_depth_13,MED__D0,D0,A,PASS,1,2026-10-03T22:16:52,2026-10-03T22:16:54,2.039,experiments/formal/results/width16__9_add16_err_0.507919_size_108_depth_13__MED__D0.json,d0ff57a818bd1834ffeb3e124ebd287ca6bc44843c735fc182c9ff843f0d570b,,,
width16__9_add16_err_0.507919_size_108_depth_13__MED__D1,16,9_add16_err_0.507919_size_108_depth_13,MED__D1,D1,A,PASS,1,2026-10-03T22:16:54,2026-10-03T22:16:56,1.954,experiments/formal/results/width16__9_add16_err_0.507919_size_108_depth_13__MED__D1.json,45c10f16aeff5386f8d4f233d8e00570b4a22e603a3e81ba6e9cd3f132e82e3a,,,
width16__9_add16_err_0.507919_size_108_depth_13__MED__D2,16,9_add16_err_0.507919_size_108_depth_13,MED__D2,D2,A,PASS,1,2026-10-03T22:16:56,2026-10-03T22:16:58,2.062,experiments/formal/results/width16__9_add16_err_0.507919_size_108_depth_13__MED__D2.json,9a43b4090f5643c06738d1d0e8470143dce6d62769c28c4680e4d5c5f180e4c5,,,
width16__9_add16_err_0.507919_size_108_depth_13__MED__D3,16,9_add16_err_0.507919_size_108_depth_13,MED__D3,D3,A,PASS,1,2026-10-03T22:16:58,2026-10-03T22:17:00,2.254,experiments/formal/results/width16__9_add16_err_0.507919_size_108_depth_13__MED__D3.json,64715a9ac902b3955bfb11d06bc248c7a6a616147a3d57039a9ad8a92bbd4651,,,
width16__9_add16_err_0.507919_size_108_depth_13__MED__D4,16,9_add16_err_0.507919_size_108_depth_13,MED__D4,D4,A,PASS,1,2026-10-03T22:17:00,2026-10-03T22:17:02,2.011,experiments/formal/results/width16__9_add16_err_0.507919_size_108_depth_13__MED__D4.json,540df1aa530cd59359ca828c871443dab32a982172bd8d22ed5536700a36a3e4,,,
width16__9_add16_err_0.507919_size_108_depth_13__MED__D5,16,9_add16_err_0.507919_size_108_depth_13,MED__D5,D5,A,PASS,1,2026-10-03T22:17:02,2026-10-03T22:17:04,2.017,experiments/formal/results/width16__9_add16_err_0.507919_size_108_depth_13__MED__D5.json,f7a6728c5da021a7f04ddf95743ac8111864c48c748238a67afe0cadcbef7445,,,
width16__9_add16_err_0.507919_size_108_depth_13__compile_ER,16,9_add16_err_0.507919_size_108_depth_13,compile_ER,None,A,PASS,1,2026-10-03T22:16:42,2026-10-03T22:16:42,0.463,experiments/formal/results/width16__9_add16_err_0.507919_size_108_depth_13__compile_ER.json,58c812e8e5ed03ef7f05a0a41da4119183bfb3f7ecfb2a8910b6c107ce054efa,,,
width16__9_add16_err_0.507919_size_108_depth_13__compile_MED,16,9_add16_err_0.507919_size_108_depth_13,compile_MED,None,A,PASS,1,2026-10-03T22:16:46,2026-10-03T22:16:52,5.688,experiments/formal/results/width16__9_add16_err_0.507919_size_108_depth_13__compile_MED.json,2e625a8d6661de2f269230ac79bb4b13f61b0536fb83af2233e531a4eafff1aa,,,
width16__9_add16_err_0.507919_size_108_depth_13__timing_K16,16,9_add16_err_0.507919_size_108_depth_13,timing_K16,None,A,PASS,1,2026-10-03T22:17:04,2026-10-03T22:17:08,3.772,experiments/formal/results/width16__9_add16_err_0.507919_size_108_depth_13__timing_K16.json,ec01756e515acb4f14e4374ede54fa36949d27acd2487e64932828074c6ae3f0,,,
width16__9_add16_err_0.507919_size_108_depth_13__timing_K64,16,9_add16_err_0.507919_size_108_depth_13,timing_K64,None,A,PASS,1,2026-10-03T22:17:08,2026-10-03T22:17:22,14.044,experiments/formal/results/width16__9_add16_err_0.507919_size_108_depth_13__timing_K64.json,37d14c3972360d2d86f04a3168a58ed57602e05e9dbf0086a17cb17b471d16cc,,,
width192__10_add192_err_0.000213623_size_1884_depth_28__ER__D0,192,10_add192_err_0.000213623_size_1884_depth_28,ER__D0,D0,D,PASS,1,2026-10-04T00:22:09,2026-10-04T00:22:17,7.783,experiments/formal/results/width192__10_add192_err_0.000213623_size_1884_depth_28__ER__D0.json,6e175b4f87d379e3bbe137f7bc40219331ba4a3e6536606848690872bfcf3846,,,
width192__10_add192_err_0.000213623_size_1884_depth_28__ER__D1,192,10_add192_err_0.000213623_size_1884_depth_28,ER__D1,D1,D,PASS,1,2026-10-04T00:22:17,2026-10-04T00:22:25,7.66,experiments/formal/results/width192__10_add192_err_0.000213623_size_1884_depth_28__ER__D1.json,8a996ee79fd703603c3b08e32402e8fd1fe4463a9d21b2a9b7a9d0b91d6e5e89,,,
width192__10_add192_err_0.000213623_size_1884_depth_28__ER__D2,192,10_add192_err_0.000213623_size_1884_depth_28,ER__D2,D2,D,PASS,1,2026-10-04T00:22:25,2026-10-04T00:22:33,8.152,experiments/formal/results/width192__10_add192_err_0.000213623_size_1884_depth_28__ER__D2.json,9bda7ececb9bcb4b5875c73ea387777ff1e2f1ad9bbb87a915cd50f00990e419,,,
width192__10_add192_err_0.000213623_size_1884_depth_28__ER__D3,192,10_add192_err_0.000213623_size_1884_depth_28,ER__D3,D3,D,PASS,1,2026-10-04T00:22:33,2026-10-04T00:22:41,7.946,experiments/formal/results/width192__10_add192_err_0.000213623_size_1884_depth_28__ER__D3.json,2bcb5f3f4c6999ada19c758fd990fc9a7e6fbb7bc0389c5250a5ba8429076b41,,,
width192__10_add192_err_0.000213623_size_1884_depth_28__ER__D4,192,10_add192_err_0.000213623_size_1884_depth_28,ER__D4,D4,D,PASS,1,2026-10-04T00:22:41,2026-10-04T00:22:49,8.276,experiments/formal/results/width192__10_add192_err_0.000213623_size_1884_depth_28__ER__D4.json,27252485e388c26a8d7112c642d0d46ae52f6860342fc449526a507e348b59ab,,,
width192__10_add192_err_0.000213623_size_1884_depth_28__ER__D5,192,10_add192_err_0.000213623_size_1884_depth_28,ER__D5,D5,D,PASS,1,2026-10-04T00:22:49,2026-10-04T00:22:58,8.487,experiments/formal/results/width192__10_add192_err_0.000213623_size_1884_depth_28__ER__D5.json,5c0ce9793f8bbbc521e8aec6a442af969917965bf463b08d7d8ab3ad64b87866,,,
width192__10_add192_err_0.000213623_size_1884_depth_28__ER__R0,192,10_add192_err_0.000213623_size_1884_depth_28,ER__R0,R0,D,PASS,1,2026-10-04T00:22:58,2026-10-04T00:23:06,7.99,experiments/formal/results/width192__10_add192_err_0.000213623_size_1884_depth_28__ER__R0.json,cc19d9ce7490ae18258165fc0a69da204ed7f14b8177aa9f69a569deb6a62f87,,,
width192__10_add192_err_0.000213623_size_1884_depth_28__ER__R1,192,10_add192_err_0.000213623_size_1884_depth_28,ER__R1,R1,D,PASS,1,2026-10-04T00:23:06,2026-10-04T00:23:15,8.508,experiments/formal/results/width192__10_add192_err_0.000213623_size_1884_depth_28__ER__R1.json,9c4ed452faddee04a01f84327c328e6879a2e7512b43b457d5a686dc72186f80,,,
width192__10_add192_err_0.000213623_size_1884_depth_28__ER__R2,192,10_add192_err_0.000213623_size_1884_depth_28,ER__R2,R2,D,PASS,1,2026-10-04T00:23:15,2026-10-04T00:23:22,7.857,experiments/formal/results/width192__10_add192_err_0.000213623_size_1884_depth_28__ER__R2.json,af533392bad1f401cbcf73eff545e4ac2e3a8cb20b49c7738ffb5628bd82d467,,,
width192__10_add192_err_0.000213623_size_1884_depth_28__ER__R3,192,10_add192_err_0.000213623_size_1884_depth_28,ER__R3,R3,D,PASS,1,2026-10-04T00:23:23,2026-10-04T00:23:31,8.222,experiments/formal/results/width192__10_add192_err_0.000213623_size_1884_depth_28__ER__R3.json,6166c1db2356101842f5cbfd3a2947ed7337f74e4417dd68fec8daaf116d3ed7,,,
width192__10_add192_err_0.000213623_size_1884_depth_28__ER__R4,192,10_add192_err_0.000213623_size_1884_depth_28,ER__R4,R4,D,PASS,1,2026-10-04T00:23:31,2026-10-04T00:23:39,7.848,experiments/formal/results/width192__10_add192_err_0.000213623_size_1884_depth_28__ER__R4.json,6d1f0d6ff7fe69453e8f61aa98fd5b05307abad39d1d72f05d81dea0dccd0a6f,,,
width192__10_add192_err_0.000213623_size_1884_depth_28__ER__R5,192,10_add192_err_0.000213623_size_1884_depth_28,ER__R5,R5,D,PASS,1,2026-10-04T00:23:39,2026-10-04T00:23:47,8.301,experiments/formal/results/width192__10_add192_err_0.000213623_size_1884_depth_28__ER__R5.json,12d9cf79eadca4cc8e73f1445b6159e04123e45982326ff0b6507aa097a041a2,,,
width192__10_add192_err_0.000213623_size_1884_depth_28__ER__R6,192,10_add192_err_0.000213623_size_1884_depth_28,ER__R6,R6,D,PASS,1,2026-10-04T00:23:47,2026-10-04T00:23:55,7.849,experiments/formal/results/width192__10_add192_err_0.000213623_size_1884_depth_28__ER__R6.json,a4d1b9194097417948a4dcf9d34aea437e8178b393dc9d4cd8c52dbf6adf5229,,,
width192__10_add192_err_0.000213623_size_1884_depth_28__ER__R7,192,10_add192_err_0.000213623_size_1884_depth_28,ER__R7,R7,D,PASS,1,2026-10-04T00:23:55,2026-10-04T00:24:03,8.243,experiments/formal/results/width192__10_add192_err_0.000213623_size_1884_depth_28__ER__R7.json,d09fffe2f568705d53d030da55ccb8f34f5a0eec1db046167bff7beb60dbf069,,,
width192__10_add192_err_0.000213623_size_1884_depth_28__ER__R8,192,10_add192_err_0.000213623_size_1884_depth_28,ER__R8,R8,D,PASS,1,2026-10-04T00:24:03,2026-10-04T00:24:11,8.114,experiments/formal/results/width192__10_add192_err_0.000213623_size_1884_depth_28__ER__R8.json,c8f1bab6b7b104e5ab0dfa9723c8d21b72a4de7e514896933f2045dd934acda5,,,
width192__10_add192_err_0.000213623_size_1884_depth_28__ER__R9,192,10_add192_err_0.000213623_size_1884_depth_28,ER__R9,R9,D,PASS,1,2026-10-04T00:24:11,2026-10-04T00:24:20,8.223,experiments/formal/results/width192__10_add192_err_0.000213623_size_1884_depth_28__ER__R9.json,518a14fdbb4c08ff36fb03d0a9045c974f02e37d95c20f498b1e39328d943ed5,,,
width192__10_add192_err_0.000213623_size_1884_depth_28__MED__D0,192,10_add192_err_0.000213623_size_1884_depth_28,MED__D0,D0,D,SKIPPED_DEPENDENCY,0,2026-10-04T00:34:56,2026-10-04T00:35:02,6.173,experiments/formal/results/width192__10_add192_err_0.000213623_size_1884_depth_28__MED__D0.json,,,,
width192__10_add192_err_0.000213623_size_1884_depth_28__MED__D1,192,10_add192_err_0.000213623_size_1884_depth_28,MED__D1,D1,D,SKIPPED_DEPENDENCY,0,2026-10-04T00:35:02,2026-10-04T00:35:08,6.709,experiments/formal/results/width192__10_add192_err_0.000213623_size_1884_depth_28__MED__D1.json,,,,
width192__10_add192_err_0.000213623_size_1884_depth_28__MED__D2,192,10_add192_err_0.000213623_size_1884_depth_28,MED__D2,D2,D,SKIPPED_DEPENDENCY,0,2026-10-04T00:35:08,2026-10-04T00:35:15,6.216,experiments/formal/results/width192__10_add192_err_0.000213623_size_1884_depth_28__MED__D2.json,,,,
width192__10_add192_err_0.000213623_size_1884_depth_28__MED__D3,192,10_add192_err_0.000213623_size_1884_depth_28,MED__D3,D3,D,SKIPPED_DEPENDENCY,0,2026-10-04T00:35:15,2026-10-04T00:35:21,5.871,experiments/formal/results/width192__10_add192_err_0.000213623_size_1884_depth_28__MED__D3.json,,,,
width192__10_add192_err_0.000213623_size_1884_depth_28__MED__D4,192,10_add192_err_0.000213623_size_1884_depth_28,MED__D4,D4,D,SKIPPED_DEPENDENCY,0,2026-10-04T00:35:21,2026-10-04T00:35:27,6.121,experiments/formal/results/width192__10_add192_err_0.000213623_size_1884_depth_28__MED__D4.json,,,,
width192__10_add192_err_0.000213623_size_1884_depth_28__MED__D5,192,10_add192_err_0.000213623_size_1884_depth_28,MED__D5,D5,D,SKIPPED_DEPENDENCY,0,2026-10-04T00:35:27,2026-10-04T00:35:33,5.894,experiments/formal/results/width192__10_add192_err_0.000213623_size_1884_depth_28__MED__D5.json,,,,
width192__10_add192_err_0.000213623_size_1884_depth_28__compile_ER,192,10_add192_err_0.000213623_size_1884_depth_28,compile_ER,None,D,TIMEOUT,1,2026-10-04T00:19:08,2026-10-04T00:22:09,181.212,experiments/formal/results/width192__10_add192_err_0.000213623_size_1884_depth_28__compile_ER.json,31dff892cb153e70ef959e011fb4da07135c076082e6a18a579855e4930bab91,,,
width192__10_add192_err_0.000213623_size_1884_depth_28__compile_MED,192,10_add192_err_0.000213623_size_1884_depth_28,compile_MED,None,D,TIMEOUT,1,2026-10-04T00:24:20,2026-10-04T00:34:55,635.781,experiments/formal/results/width192__10_add192_err_0.000213623_size_1884_depth_28__compile_MED.json,14cee3f19f282f186689c0719ad9dfc1848cc40017317cf8122a2d2fb9d0ece3,,,
width192__10_add192_err_0.000213623_size_1884_depth_28__timing_K16,192,10_add192_err_0.000213623_size_1884_depth_28,timing_K16,None,D,TIMEOUT,1,2026-10-04T00:35:33,2026-10-04T00:38:34,181.307,experiments/formal/results/width192__10_add192_err_0.000213623_size_1884_depth_28__timing_K16.json,8da686900bcac8ec19847bfb7a08fe9eb9ac5d35de65f3f7612f27f00d8ccfe4,,,
width192__10_add192_err_0.000213623_size_1884_depth_28__timing_K64,192,10_add192_err_0.000213623_size_1884_depth_28,timing_K64,None,D,TIMEOUT,1,2026-10-04T00:38:34,2026-10-04T00:41:36,181.179,experiments/formal/results/width192__10_add192_err_0.000213623_size_1884_depth_28__timing_K64.json,d4a9e753b9d5ed6ac82218cb23808d7c7b53f2aa99c75421c2f6d69673c81857,,,
width192__13_add192_err_0.00364685_size_1864_depth_28__ER__D0,192,13_add192_err_0.00364685_size_1864_depth_28,ER__D0,D0,D,PASS,1,2026-10-04T00:44:10,2026-10-04T00:44:18,8.137,experiments/formal/results/width192__13_add192_err_0.00364685_size_1864_depth_28__ER__D0.json,874307957dfd14a6542531019976bdd84d4db8af608eb714fa0bfc47f0313bca,,,
width192__13_add192_err_0.00364685_size_1864_depth_28__ER__D1,192,13_add192_err_0.00364685_size_1864_depth_28,ER__D1,D1,D,PASS,1,2026-10-04T00:44:18,2026-10-04T00:44:26,7.68,experiments/formal/results/width192__13_add192_err_0.00364685_size_1864_depth_28__ER__D1.json,b145331349cd77d19096a9156f73e4c7ecaf7f616f5078f7190a6bd49c4f36b5,,,
width192__13_add192_err_0.00364685_size_1864_depth_28__ER__D2,192,13_add192_err_0.00364685_size_1864_depth_28,ER__D2,D2,D,PASS,1,2026-10-04T00:44:26,2026-10-04T00:44:34,8.085,experiments/formal/results/width192__13_add192_err_0.00364685_size_1864_depth_28__ER__D2.json,2a22b71ca28e5473066380069f94c12946250c82b43a6eb16e72aea100ffa7c6,,,
width192__13_add192_err_0.00364685_size_1864_depth_28__ER__D3,192,13_add192_err_0.00364685_size_1864_depth_28,ER__D3,D3,D,PASS,1,2026-10-04T00:44:34,2026-10-04T00:44:42,7.356,experiments/formal/results/width192__13_add192_err_0.00364685_size_1864_depth_28__ER__D3.json,eaa0f2a04d8929d89375b14439a34a2370f3c1210f782b6b1eb9f84b4622f51c,,,
width192__13_add192_err_0.00364685_size_1864_depth_28__ER__D4,192,13_add192_err_0.00364685_size_1864_depth_28,ER__D4,D4,D,PASS,1,2026-10-04T00:44:42,2026-10-04T00:44:50,7.978,experiments/formal/results/width192__13_add192_err_0.00364685_size_1864_depth_28__ER__D4.json,878f74a1509f9def72bde2d006033825c316bf66785c92d07619e084840a077b,,,
width192__13_add192_err_0.00364685_size_1864_depth_28__ER__D5,192,13_add192_err_0.00364685_size_1864_depth_28,ER__D5,D5,D,PASS,1,2026-10-04T00:44:50,2026-10-04T00:44:57,7.545,experiments/formal/results/width192__13_add192_err_0.00364685_size_1864_depth_28__ER__D5.json,2d2fa131baa242861b3e2b2ae6b2d3c98cb6b4bd3b4e657a41dc407eba93ccda,,,
width192__13_add192_err_0.00364685_size_1864_depth_28__ER__R0,192,13_add192_err_0.00364685_size_1864_depth_28,ER__R0,R0,D,PASS,1,2026-10-04T00:44:57,2026-10-04T00:45:05,8.034,experiments/formal/results/width192__13_add192_err_0.00364685_size_1864_depth_28__ER__R0.json,30cbb22b65a62bac6afbb6bc74efd78af93313e9dffe484f0839f2ffd0c63690,,,
width192__13_add192_err_0.00364685_size_1864_depth_28__ER__R1,192,13_add192_err_0.00364685_size_1864_depth_28,ER__R1,R1,D,PASS,1,2026-10-04T00:45:05,2026-10-04T00:45:13,7.923,experiments/formal/results/width192__13_add192_err_0.00364685_size_1864_depth_28__ER__R1.json,6a18bb62155eff743ad10a19f76cb1c08fe6ed4e75120babb864aa084e56302d,,,
width192__13_add192_err_0.00364685_size_1864_depth_28__ER__R2,192,13_add192_err_0.00364685_size_1864_depth_28,ER__R2,R2,D,PASS,1,2026-10-04T00:45:13,2026-10-04T00:45:22,8.326,experiments/formal/results/width192__13_add192_err_0.00364685_size_1864_depth_28__ER__R2.json,b0db52013946bbbe2567d3655118ced9d1c147b98d0ad69865695d8ba7954d18,,,
width192__13_add192_err_0.00364685_size_1864_depth_28__ER__R3,192,13_add192_err_0.00364685_size_1864_depth_28,ER__R3,R3,D,PASS,1,2026-10-04T00:45:22,2026-10-04T00:45:29,7.359,experiments/formal/results/width192__13_add192_err_0.00364685_size_1864_depth_28__ER__R3.json,da9350c8251506df666fb6151d3a76c84e11dd7ee975bacffe1372ee849bd51a,,,
width192__13_add192_err_0.00364685_size_1864_depth_28__ER__R4,192,13_add192_err_0.00364685_size_1864_depth_28,ER__R4,R4,D,PASS,1,2026-10-04T00:45:29,2026-10-04T00:45:37,7.955,experiments/formal/results/width192__13_add192_err_0.00364685_size_1864_depth_28__ER__R4.json,60708cca0dfe1260681faca5127e2e454c873ba78ed45e47bc51a7a5a0d1a995,,,
width192__13_add192_err_0.00364685_size_1864_depth_28__ER__R5,192,13_add192_err_0.00364685_size_1864_depth_28,ER__R5,R5,D,PASS,1,2026-10-04T00:45:37,2026-10-04T00:45:44,7.293,experiments/formal/results/width192__13_add192_err_0.00364685_size_1864_depth_28__ER__R5.json,3abe616183b51bd9360d52a5865a36444e273ca07c38bf80096eed6051c3c28b,,,
width192__13_add192_err_0.00364685_size_1864_depth_28__ER__R6,192,13_add192_err_0.00364685_size_1864_depth_28,ER__R6,R6,D,PASS,1,2026-10-04T00:45:45,2026-10-04T00:45:53,8.325,experiments/formal/results/width192__13_add192_err_0.00364685_size_1864_depth_28__ER__R6.json,049c1e3bb07e9f9b7e50fd36a2974844de1bb531577502606eb74cf866b2e988,,,
width192__13_add192_err_0.00364685_size_1864_depth_28__ER__R7,192,13_add192_err_0.00364685_size_1864_depth_28,ER__R7,R7,D,PASS,1,2026-10-04T00:45:53,2026-10-04T00:46:00,7.506,experiments/formal/results/width192__13_add192_err_0.00364685_size_1864_depth_28__ER__R7.json,3627c052be552eb4f8a0bd316b1c2fbc2b290b2c3b75ad7e3fff676826c017a4,,,
width192__13_add192_err_0.00364685_size_1864_depth_28__ER__R8,192,13_add192_err_0.00364685_size_1864_depth_28,ER__R8,R8,D,PASS,1,2026-10-04T00:46:00,2026-10-04T00:46:09,8.09,experiments/formal/results/width192__13_add192_err_0.00364685_size_1864_depth_28__ER__R8.json,f30fc38557cdeae1aa02b161cb97a85ac0d771441b90e6d378e530a635bd1e3a,,,
width192__13_add192_err_0.00364685_size_1864_depth_28__ER__R9,192,13_add192_err_0.00364685_size_1864_depth_28,ER__R9,R9,D,PASS,1,2026-10-04T00:46:09,2026-10-04T00:46:16,7.723,experiments/formal/results/width192__13_add192_err_0.00364685_size_1864_depth_28__ER__R9.json,23618a90f75702e3596a408b315f0a6ec904e7999a0ef12ab9cc4c1e8b252cf8,,,
width192__13_add192_err_0.00364685_size_1864_depth_28__MED__D0,192,13_add192_err_0.00364685_size_1864_depth_28,MED__D0,D0,D,PASS,1,2026-10-04T00:53:10,2026-10-04T00:53:16,6.001,experiments/formal/results/width192__13_add192_err_0.00364685_size_1864_depth_28__MED__D0.json,39830e2411c92568b60e7e3b28457037433d486ffced25109b74adf352823b3b,,,
width192__13_add192_err_0.00364685_size_1864_depth_28__MED__D1,192,13_add192_err_0.00364685_size_1864_depth_28,MED__D1,D1,D,PASS,1,2026-10-04T00:53:16,2026-10-04T00:53:22,6.176,experiments/formal/results/width192__13_add192_err_0.00364685_size_1864_depth_28__MED__D1.json,55857814e7d96f24057a0716c40c0ec188648c2cdc07fafe85a861496562b6af,,,
width192__13_add192_err_0.00364685_size_1864_depth_28__MED__D2,192,13_add192_err_0.00364685_size_1864_depth_28,MED__D2,D2,D,PASS,1,2026-10-04T00:53:22,2026-10-04T00:53:29,6.236,experiments/formal/results/width192__13_add192_err_0.00364685_size_1864_depth_28__MED__D2.json,6efc00a2c8f09ad137db43919cc521b0689ad644e69505fabcee19606d9ef9a4,,,
width192__13_add192_err_0.00364685_size_1864_depth_28__MED__D3,192,13_add192_err_0.00364685_size_1864_depth_28,MED__D3,D3,D,PASS,1,2026-10-04T00:53:29,2026-10-04T00:53:35,6.147,experiments/formal/results/width192__13_add192_err_0.00364685_size_1864_depth_28__MED__D3.json,2ae9eb67be8ab92a46f9045331436ca7e5be7059bfb4e55227e71b0b3f0db8af,,,
width192__13_add192_err_0.00364685_size_1864_depth_28__MED__D4,192,13_add192_err_0.00364685_size_1864_depth_28,MED__D4,D4,D,PASS,1,2026-10-04T00:53:35,2026-10-04T00:53:41,6.26,experiments/formal/results/width192__13_add192_err_0.00364685_size_1864_depth_28__MED__D4.json,7e0adac7d44ede6e2cbafa04dcd6dd9c32871b3d307b5f52d2025693883fb440,,,
width192__13_add192_err_0.00364685_size_1864_depth_28__MED__D5,192,13_add192_err_0.00364685_size_1864_depth_28,MED__D5,D5,D,PASS,1,2026-10-04T00:53:41,2026-10-04T00:53:47,5.861,experiments/formal/results/width192__13_add192_err_0.00364685_size_1864_depth_28__MED__D5.json,58da06ea6f9e588c5bdbf179415e1eae7ff7f80ca9b8db292735de4a26323738,,,
width192__13_add192_err_0.00364685_size_1864_depth_28__compile_ER,192,13_add192_err_0.00364685_size_1864_depth_28,compile_ER,None,D,PASS,1,2026-10-04T00:41:36,2026-10-04T00:44:10,154.517,experiments/formal/results/width192__13_add192_err_0.00364685_size_1864_depth_28__compile_ER.json,a7e348c0c6a970cdb157e4b35b14cc76f7b870ebe334220a738fa768c05f9bc6,,,
width192__13_add192_err_0.00364685_size_1864_depth_28__compile_MED,192,13_add192_err_0.00364685_size_1864_depth_28,compile_MED,None,D,PASS,1,2026-10-04T00:46:16,2026-10-04T00:53:10,413.347,experiments/formal/results/width192__13_add192_err_0.00364685_size_1864_depth_28__compile_MED.json,8ff4e2d583002819a67d9b03a3a22ea834ee93bd3f6ea6b227c9aabdbe7d693d,,,
width192__13_add192_err_0.00364685_size_1864_depth_28__timing_K16,192,13_add192_err_0.00364685_size_1864_depth_28,timing_K16,None,D,PASS,1,2026-10-04T00:53:47,2026-10-04T00:58:21,273.714,experiments/formal/results/width192__13_add192_err_0.00364685_size_1864_depth_28__timing_K16.json,05c5169708019a554827e9c2ae5c81a3556d2e604a54ee73fe732a7419065548,,,
width192__13_add192_err_0.00364685_size_1864_depth_28__timing_K64,192,13_add192_err_0.00364685_size_1864_depth_28,timing_K64,None,D,TIMEOUT,1,2026-10-04T00:58:21,2026-10-04T01:01:22,181.378,experiments/formal/results/width192__13_add192_err_0.00364685_size_1864_depth_28__timing_K64.json,236c38b04eab61bffae1e0e051c76f68d20b4dd07e64e50729789e1edf318aee,,,
width192__16_add192_err_0.00900269_size_1841_depth_28__ER__D0,192,16_add192_err_0.00900269_size_1841_depth_28,ER__D0,D0,D,PASS,1,2026-10-04T01:04:24,2026-10-04T01:04:30,6.128,experiments/formal/results/width192__16_add192_err_0.00900269_size_1841_depth_28__ER__D0.json,539a725a30cad1105949cad2d66785247301089d1ad67f1e9a5f98dae8c0633f,,,
width192__16_add192_err_0.00900269_size_1841_depth_28__ER__D1,192,16_add192_err_0.00900269_size_1841_depth_28,ER__D1,D1,D,PASS,1,2026-10-04T01:04:30,2026-10-04T01:04:36,6.462,experiments/formal/results/width192__16_add192_err_0.00900269_size_1841_depth_28__ER__D1.json,42e04dce6ccc63a822115408650a3c58978b0b987ea0f8dbe89d19b7e8b629ca,,,
width192__16_add192_err_0.00900269_size_1841_depth_28__ER__D2,192,16_add192_err_0.00900269_size_1841_depth_28,ER__D2,D2,D,PASS,1,2026-10-04T01:04:36,2026-10-04T01:04:43,6.402,experiments/formal/results/width192__16_add192_err_0.00900269_size_1841_depth_28__ER__D2.json,24d4143ce479c2ba05513d75c36e833bc3c55e7bd84d48ca71ae346ac7dc1ee8,,,
width192__16_add192_err_0.00900269_size_1841_depth_28__ER__D3,192,16_add192_err_0.00900269_size_1841_depth_28,ER__D3,D3,D,PASS,1,2026-10-04T01:04:43,2026-10-04T01:04:49,6.229,experiments/formal/results/width192__16_add192_err_0.00900269_size_1841_depth_28__ER__D3.json,e5175ff71d147869e40768d0f92215f1652c151df1e8d3e8bb783133c503782f,,,
width192__16_add192_err_0.00900269_size_1841_depth_28__ER__D4,192,16_add192_err_0.00900269_size_1841_depth_28,ER__D4,D4,D,PASS,1,2026-10-04T01:04:49,2026-10-04T01:04:55,6.182,experiments/formal/results/width192__16_add192_err_0.00900269_size_1841_depth_28__ER__D4.json,cd7282583fa7cbcbe2c240a55e415b63b2c60f41dea9f2dfbbf4c77b05f964e7,,,
width192__16_add192_err_0.00900269_size_1841_depth_28__ER__D5,192,16_add192_err_0.00900269_size_1841_depth_28,ER__D5,D5,D,PASS,1,2026-10-04T01:04:56,2026-10-04T01:05:02,6.288,experiments/formal/results/width192__16_add192_err_0.00900269_size_1841_depth_28__ER__D5.json,91a2e5de0efd7c1e91f8a3761e70bcfa43d05ad543798523a2e04bd7ace1e2ae,,,
width192__16_add192_err_0.00900269_size_1841_depth_28__ER__R0,192,16_add192_err_0.00900269_size_1841_depth_28,ER__R0,R0,D,PASS,1,2026-10-04T01:05:02,2026-10-04T01:05:08,6.312,experiments/formal/results/width192__16_add192_err_0.00900269_size_1841_depth_28__ER__R0.json,e762383cf7525df654ea0b7dd4efaa1858d0c0ce04ebcff5440ec6e6aa14ce31,,,
width192__16_add192_err_0.00900269_size_1841_depth_28__ER__R1,192,16_add192_err_0.00900269_size_1841_depth_28,ER__R1,R1,D,PASS,1,2026-10-04T01:05:08,2026-10-04T01:05:15,6.419,experiments/formal/results/width192__16_add192_err_0.00900269_size_1841_depth_28__ER__R1.json,516a3d7a458c9d10bb1f794252c565c42e00c847aaaf0df0e7ab9c307c59cd22,,,
width192__16_add192_err_0.00900269_size_1841_depth_28__ER__R2,192,16_add192_err_0.00900269_size_1841_depth_28,ER__R2,R2,D,PASS,1,2026-10-04T01:05:15,2026-10-04T01:05:21,6.072,experiments/formal/results/width192__16_add192_err_0.00900269_size_1841_depth_28__ER__R2.json,3e207133daded4ef8f13a3dcfa708bfcfe487de4735e8686980aa7f284077fcf,,,
width192__16_add192_err_0.00900269_size_1841_depth_28__ER__R3,192,16_add192_err_0.00900269_size_1841_depth_28,ER__R3,R3,D,PASS,1,2026-10-04T01:05:21,2026-10-04T01:05:27,6.418,experiments/formal/results/width192__16_add192_err_0.00900269_size_1841_depth_28__ER__R3.json,1e52ecb9a2208414cb39f449cce8b54d7be82ee19e2a36926654485202e6c128,,,
width192__16_add192_err_0.00900269_size_1841_depth_28__ER__R4,192,16_add192_err_0.00900269_size_1841_depth_28,ER__R4,R4,D,PASS,1,2026-10-04T01:05:28,2026-10-04T01:05:34,6.564,experiments/formal/results/width192__16_add192_err_0.00900269_size_1841_depth_28__ER__R4.json,32961831e2cc751499c9733f4cb55826b08f1483e496141ad2b94c4be11319bf,,,
width192__16_add192_err_0.00900269_size_1841_depth_28__ER__R5,192,16_add192_err_0.00900269_size_1841_depth_28,ER__R5,R5,D,PASS,1,2026-10-04T01:05:34,2026-10-04T01:05:41,6.286,experiments/formal/results/width192__16_add192_err_0.00900269_size_1841_depth_28__ER__R5.json,ae8afc24cf440e0ee8cb4a940f945fb8fd73e0167a18eaf48f2952c251e48146,,,
width192__16_add192_err_0.00900269_size_1841_depth_28__ER__R6,192,16_add192_err_0.00900269_size_1841_depth_28,ER__R6,R6,D,PASS,1,2026-10-04T01:05:41,2026-10-04T01:05:48,7.477,experiments/formal/results/width192__16_add192_err_0.00900269_size_1841_depth_28__ER__R6.json,e6e7ae9ef5e3b2804b7fd60ca7c0d2e28842f93813f9ddce4c4f12a84d98434e,,,
width192__16_add192_err_0.00900269_size_1841_depth_28__ER__R7,192,16_add192_err_0.00900269_size_1841_depth_28,ER__R7,R7,D,PASS,1,2026-10-04T01:05:48,2026-10-04T01:05:54,5.846,experiments/formal/results/width192__16_add192_err_0.00900269_size_1841_depth_28__ER__R7.json,772970991bcb4206f1438b87a17ac041d76ef4588804b1b05d76cacd73581c1e,,,
width192__16_add192_err_0.00900269_size_1841_depth_28__ER__R8,192,16_add192_err_0.00900269_size_1841_depth_28,ER__R8,R8,D,PASS,1,2026-10-04T01:05:54,2026-10-04T01:06:00,6.187,experiments/formal/results/width192__16_add192_err_0.00900269_size_1841_depth_28__ER__R8.json,0a1c0201d9e81799fcef5fea25eded5b92f7c18650ad182408c3f0f9c6ee9e4a,,,
width192__16_add192_err_0.00900269_size_1841_depth_28__ER__R9,192,16_add192_err_0.00900269_size_1841_depth_28,ER__R9,R9,D,PASS,1,2026-10-04T01:06:00,2026-10-04T01:06:07,6.4,experiments/formal/results/width192__16_add192_err_0.00900269_size_1841_depth_28__ER__R9.json,1f7ed4ed1dcac1e61232ca6908a2dda3a36a483e4e0f9095b98f94f2657e3c7f,,,
width192__16_add192_err_0.00900269_size_1841_depth_28__MED__D0,192,16_add192_err_0.00900269_size_1841_depth_28,MED__D0,D0,D,PASS,1,2026-10-04T01:17:56,2026-10-04T01:18:06,10.109,experiments/formal/results/width192__16_add192_err_0.00900269_size_1841_depth_28__MED__D0.json,d417c1347ed0189f1eac5cbd002eba67d4294e7a77d9ce6f83485c0fb0a12b90,,,
width192__16_add192_err_0.00900269_size_1841_depth_28__MED__D1,192,16_add192_err_0.00900269_size_1841_depth_28,MED__D1,D1,D,PASS,1,2026-10-04T01:18:07,2026-10-04T01:18:15,7.674,experiments/formal/results/width192__16_add192_err_0.00900269_size_1841_depth_28__MED__D1.json,e474713d085d884fe70faff12d87abfac97176f4b5ec7f0ebe607ec0b95448d1,,,
width192__16_add192_err_0.00900269_size_1841_depth_28__MED__D2,192,16_add192_err_0.00900269_size_1841_depth_28,MED__D2,D2,D,PASS,1,2026-10-04T01:18:15,2026-10-04T01:18:23,7.542,experiments/formal/results/width192__16_add192_err_0.00900269_size_1841_depth_28__MED__D2.json,4adccc14f6dbce6fd1b54261969ec70ca5680c41a1c81c998230635640e84e47,,,
width192__16_add192_err_0.00900269_size_1841_depth_28__MED__D3,192,16_add192_err_0.00900269_size_1841_depth_28,MED__D3,D3,D,PASS,1,2026-10-04T01:18:23,2026-10-04T01:18:30,7.199,experiments/formal/results/width192__16_add192_err_0.00900269_size_1841_depth_28__MED__D3.json,d584bcbf407a8ad2b16c3a8d1bc97b3eb6aeaa92c42672222ad88a21ad257cfb,,,
width192__16_add192_err_0.00900269_size_1841_depth_28__MED__D4,192,16_add192_err_0.00900269_size_1841_depth_28,MED__D4,D4,D,PASS,1,2026-10-04T01:18:30,2026-10-04T01:18:37,7.465,experiments/formal/results/width192__16_add192_err_0.00900269_size_1841_depth_28__MED__D4.json,75047bff488d0fcbc63aa3d2d4aa87a419713feeb8a578c6d4d8b66e110ab14e,,,
width192__16_add192_err_0.00900269_size_1841_depth_28__MED__D5,192,16_add192_err_0.00900269_size_1841_depth_28,MED__D5,D5,D,PASS,1,2026-10-04T01:18:37,2026-10-04T01:18:45,7.205,experiments/formal/results/width192__16_add192_err_0.00900269_size_1841_depth_28__MED__D5.json,de9d0dac421dd716d84aeba1c477a5e3dafd907782e79802bb918ea3691b6f17,,,
width192__16_add192_err_0.00900269_size_1841_depth_28__compile_ER,192,16_add192_err_0.00900269_size_1841_depth_28,compile_ER,None,D,TIMEOUT,1,2026-10-04T01:01:22,2026-10-04T01:04:24,181.339,experiments/formal/results/width192__16_add192_err_0.00900269_size_1841_depth_28__compile_ER.json,5decbe8fae7af0b2d135fb70ca8ddd989f887070aefce6a810b404bf5eb9a6c6,,,
width192__16_add192_err_0.00900269_size_1841_depth_28__compile_MED,192,16_add192_err_0.00900269_size_1841_depth_28,compile_MED,None,D,PASS,2,2026-10-04T01:08:10,2026-10-04T01:17:56,586.26,experiments/formal/results/width192__16_add192_err_0.00900269_size_1841_depth_28__compile_MED.json,a8e71e6865ce618c120fc57563723a78cddfd066ce1a0d7eabb1e2779e20e1a7,,,
width192__16_add192_err_0.00900269_size_1841_depth_28__timing_K16,192,16_add192_err_0.00900269_size_1841_depth_28,timing_K16,None,D,TIMEOUT,1,2026-10-04T01:18:45,2026-10-04T01:21:46,181.383,experiments/formal/results/width192__16_add192_err_0.00900269_size_1841_depth_28__timing_K16.json,00fc7d6718f5397794de2ec0155b3fd5a49d9dbf9e2343df421469f177ecb715,,,
width192__16_add192_err_0.00900269_size_1841_depth_28__timing_K64,192,16_add192_err_0.00900269_size_1841_depth_28,timing_K64,None,D,TIMEOUT,1,2026-10-04T01:21:46,2026-10-04T01:24:48,181.409,experiments/formal/results/width192__16_add192_err_0.00900269_size_1841_depth_28__timing_K64.json,9273fc09292bbb3c696287a6ebee15b40798dc541271c8a96f81b800f5a755c2,,,
width192__19_add192_err_0.0145569_size_1814_depth_28__ER__D0,192,19_add192_err_0.0145569_size_1814_depth_28,ER__D0,D0,D,PASS,1,2026-10-04T01:27:49,2026-10-04T01:27:56,7.128,experiments/formal/results/width192__19_add192_err_0.0145569_size_1814_depth_28__ER__D0.json,52ab53ce592c9a8f495ea4643f358feca0de615c4ae50fe4ff01dca853f4e773,,,
width192__19_add192_err_0.0145569_size_1814_depth_28__ER__D1,192,19_add192_err_0.0145569_size_1814_depth_28,ER__D1,D1,D,PASS,1,2026-10-04T01:27:56,2026-10-04T01:28:04,7.6,experiments/formal/results/width192__19_add192_err_0.0145569_size_1814_depth_28__ER__D1.json,2c509ab1c6a1ba1c44c1c9123bb97fba65f18e827aad442227d480f72f97b54d,,,
width192__19_add192_err_0.0145569_size_1814_depth_28__ER__D2,192,19_add192_err_0.0145569_size_1814_depth_28,ER__D2,D2,D,PASS,1,2026-10-04T01:28:04,2026-10-04T01:28:12,7.626,experiments/formal/results/width192__19_add192_err_0.0145569_size_1814_depth_28__ER__D2.json,6cdebe0e615ea103f7b23cf60daf2df789072ad4ba13090ccead0db1e1b98f1f,,,
width192__19_add192_err_0.0145569_size_1814_depth_28__ER__D3,192,19_add192_err_0.0145569_size_1814_depth_28,ER__D3,D3,D,PASS,1,2026-10-04T01:28:12,2026-10-04T01:28:19,7.311,experiments/formal/results/width192__19_add192_err_0.0145569_size_1814_depth_28__ER__D3.json,19858594a969e60b80dea33892154e47edf5a00f072ca0b0d1c7a114a7b2d607,,,
width192__19_add192_err_0.0145569_size_1814_depth_28__ER__D4,192,19_add192_err_0.0145569_size_1814_depth_28,ER__D4,D4,D,PASS,1,2026-10-04T01:28:19,2026-10-04T01:28:26,7.195,experiments/formal/results/width192__19_add192_err_0.0145569_size_1814_depth_28__ER__D4.json,36038fdbf776e9205ced24e494e759010b28c44ea00113d6840ce6d484718a04,,,
width192__19_add192_err_0.0145569_size_1814_depth_28__ER__D5,192,19_add192_err_0.0145569_size_1814_depth_28,ER__D5,D5,D,PASS,1,2026-10-04T01:28:27,2026-10-04T01:28:34,7.637,experiments/formal/results/width192__19_add192_err_0.0145569_size_1814_depth_28__ER__D5.json,eae5c1b38852ca8cdbc21ab7d0e2b89fc7263c2212839d297dc5f31cd57f8f1b,,,
width192__19_add192_err_0.0145569_size_1814_depth_28__ER__R0,192,19_add192_err_0.0145569_size_1814_depth_28,ER__R0,R0,D,PASS,1,2026-10-04T01:28:34,2026-10-04T01:28:41,7.158,experiments/formal/results/width192__19_add192_err_0.0145569_size_1814_depth_28__ER__R0.json,fc2637dde6cbe5cfe913fc01d5d462aa9c00a0095fa38be1728864df8600f827,,,
width192__19_add192_err_0.0145569_size_1814_depth_28__ER__R1,192,19_add192_err_0.0145569_size_1814_depth_28,ER__R1,R1,D,PASS,1,2026-10-04T01:28:42,2026-10-04T01:28:49,7.65,experiments/formal/results/width192__19_add192_err_0.0145569_size_1814_depth_28__ER__R1.json,a20dbc8599490382072c773932fa3126685508478d993506173a1ed76e7bd8f5,,,
width192__19_add192_err_0.0145569_size_1814_depth_28__ER__R2,192,19_add192_err_0.0145569_size_1814_depth_28,ER__R2,R2,D,PASS,1,2026-10-04T01:28:49,2026-10-04T01:28:57,7.456,experiments/formal/results/width192__19_add192_err_0.0145569_size_1814_depth_28__ER__R2.json,f5f64225b2d4b73fac09603f393b11427043a82521a2b4bd3f7c6d3468317a4f,,,
width192__19_add192_err_0.0145569_size_1814_depth_28__ER__R3,192,19_add192_err_0.0145569_size_1814_depth_28,ER__R3,R3,D,PASS,1,2026-10-04T01:28:57,2026-10-04T01:29:04,7.483,experiments/formal/results/width192__19_add192_err_0.0145569_size_1814_depth_28__ER__R3.json,8e942833fc55feee55d829c0c3e6dad74a4028ffd703243df992d3b15dd33f9b,,,
width192__19_add192_err_0.0145569_size_1814_depth_28__ER__R4,192,19_add192_err_0.0145569_size_1814_depth_28,ER__R4,R4,D,PASS,1,2026-10-04T01:29:04,2026-10-04T01:29:12,7.637,experiments/formal/results/width192__19_add192_err_0.0145569_size_1814_depth_28__ER__R4.json,ee6c7cfc6b646f2231577f44ab8714cd62acc6a3205b9af5c01b58650263ea1c,,,
width192__19_add192_err_0.0145569_size_1814_depth_28__ER__R5,192,19_add192_err_0.0145569_size_1814_depth_28,ER__R5,R5,D,PASS,1,2026-10-04T01:29:12,2026-10-04T01:29:20,7.583,experiments/formal/results/width192__19_add192_err_0.0145569_size_1814_depth_28__ER__R5.json,ad228f8721747e7ceaa0cc77702b70b008ba3a0d14891cecfd580f7a0974aa3c,,,
width192__19_add192_err_0.0145569_size_1814_depth_28__ER__R6,192,19_add192_err_0.0145569_size_1814_depth_28,ER__R6,R6,D,PASS,1,2026-10-04T01:29:20,2026-10-04T01:29:27,7.306,experiments/formal/results/width192__19_add192_err_0.0145569_size_1814_depth_28__ER__R6.json,806f665804211861fa5daa94ca5ad44336955868fdf130456e367d6fa899b55f,,,
width192__19_add192_err_0.0145569_size_1814_depth_28__ER__R7,192,19_add192_err_0.0145569_size_1814_depth_28,ER__R7,R7,D,PASS,1,2026-10-04T01:29:27,2026-10-04T01:29:35,7.734,experiments/formal/results/width192__19_add192_err_0.0145569_size_1814_depth_28__ER__R7.json,cb11c962d80e05662f371e0d00a0e522029286c309101677b77379e6d7bbfdd4,,,
width192__19_add192_err_0.0145569_size_1814_depth_28__ER__R8,192,19_add192_err_0.0145569_size_1814_depth_28,ER__R8,R8,D,PASS,1,2026-10-04T01:29:35,2026-10-04T01:29:42,7.391,experiments/formal/results/width192__19_add192_err_0.0145569_size_1814_depth_28__ER__R8.json,7dcc79ed8752d81daa4f4649cae0781f58dc23d05a0747e71e353a588f84f4f6,,,
width192__19_add192_err_0.0145569_size_1814_depth_28__ER__R9,192,19_add192_err_0.0145569_size_1814_depth_28,ER__R9,R9,D,PASS,1,2026-10-04T01:29:42,2026-10-04T01:29:50,7.503,experiments/formal/results/width192__19_add192_err_0.0145569_size_1814_depth_28__ER__R9.json,04030c173af225c62cb20bef4949c863f6ec4fed7e1870309d5569fcfc39bfa1,,,
width192__19_add192_err_0.0145569_size_1814_depth_28__MED__D0,192,19_add192_err_0.0145569_size_1814_depth_28,MED__D0,D0,D,PASS,1,2026-10-04T01:45:49,2026-10-04T01:45:59,10.67,experiments/formal/results/width192__19_add192_err_0.0145569_size_1814_depth_28__MED__D0.json,cbd7b5f323a097fc8aec0ed7f8bf3c8b6d296d4b738104a4f091fb6685b5d519,,,
width192__19_add192_err_0.0145569_size_1814_depth_28__MED__D1,192,19_add192_err_0.0145569_size_1814_depth_28,MED__D1,D1,D,PASS,1,2026-10-04T01:46:00,2026-10-04T01:46:09,9.509,experiments/formal/results/width192__19_add192_err_0.0145569_size_1814_depth_28__MED__D1.json,f7e24f4e8c21b27e79232499087e903053850ed61b60650b1979e86b8f365fe5,,,
width192__19_add192_err_0.0145569_size_1814_depth_28__MED__D2,192,19_add192_err_0.0145569_size_1814_depth_28,MED__D2,D2,D,PASS,1,2026-10-04T01:46:09,2026-10-04T01:46:18,9.136,experiments/formal/results/width192__19_add192_err_0.0145569_size_1814_depth_28__MED__D2.json,02a62c663ecb8a40e4ca8e73536417900c374bf9d8f2eda2d9e8f49499a1d1cd,,,
width192__19_add192_err_0.0145569_size_1814_depth_28__MED__D3,192,19_add192_err_0.0145569_size_1814_depth_28,MED__D3,D3,D,PASS,1,2026-10-04T01:46:18,2026-10-04T01:46:28,9.814,experiments/formal/results/width192__19_add192_err_0.0145569_size_1814_depth_28__MED__D3.json,10af21a31c2f310087c1a6d966074d34b6220c46fda867f884a93e90db5d0820,,,
width192__19_add192_err_0.0145569_size_1814_depth_28__MED__D4,192,19_add192_err_0.0145569_size_1814_depth_28,MED__D4,D4,D,PASS,1,2026-10-04T01:46:28,2026-10-04T01:46:37,9.257,experiments/formal/results/width192__19_add192_err_0.0145569_size_1814_depth_28__MED__D4.json,fe8c5e9c0664245bc2e6a18f8b591d75503d52ccf8f125b92385fe19aed32865,,,
width192__19_add192_err_0.0145569_size_1814_depth_28__MED__D5,192,19_add192_err_0.0145569_size_1814_depth_28,MED__D5,D5,D,PASS,1,2026-10-04T01:46:38,2026-10-04T01:46:47,9.489,experiments/formal/results/width192__19_add192_err_0.0145569_size_1814_depth_28__MED__D5.json,1a93a5a0b4fa88401e99ad4ccb0f6818940a16b7472759527cfd4fa0d930fb4d,,,
width192__19_add192_err_0.0145569_size_1814_depth_28__compile_ER,192,19_add192_err_0.0145569_size_1814_depth_28,compile_ER,None,D,TIMEOUT,1,2026-10-04T01:24:48,2026-10-04T01:27:49,181.39,experiments/formal/results/width192__19_add192_err_0.0145569_size_1814_depth_28__compile_ER.json,31284052faf7707fb1a571967bed3be02b862a60fb3d5d2158f8c7391439ab0b,,,
width192__19_add192_err_0.0145569_size_1814_depth_28__compile_MED,192,19_add192_err_0.0145569_size_1814_depth_28,compile_MED,None,D,PASS,1,2026-10-04T01:29:50,2026-10-04T01:45:47,957.024,experiments/formal/results/width192__19_add192_err_0.0145569_size_1814_depth_28__compile_MED.json,e2f2f47bb236e91691f7dc62db7770a594bff93e420ed32304e4e12f27abd736,,,
width192__19_add192_err_0.0145569_size_1814_depth_28__timing_K16,192,19_add192_err_0.0145569_size_1814_depth_28,timing_K16,None,D,TIMEOUT,1,2026-10-04T01:46:47,2026-10-04T01:49:49,181.388,experiments/formal/results/width192__19_add192_err_0.0145569_size_1814_depth_28__timing_K16.json,27af3e880ae91659d8c9e098b2534b1ef6c195925222cb977cc3671e708b2e5d,,,
width192__19_add192_err_0.0145569_size_1814_depth_28__timing_K64,192,19_add192_err_0.0145569_size_1814_depth_28,timing_K64,None,D,TIMEOUT,1,2026-10-04T01:49:49,2026-10-04T01:52:50,181.415,experiments/formal/results/width192__19_add192_err_0.0145569_size_1814_depth_28__timing_K64.json,2b3771e3c04b2c0d706f8b1107f852da2b3f25b1e27734512dee35bae19dde3e,,,
width192__21_add192_err_0.0184631_size_1799_depth_28__ER__D0,192,21_add192_err_0.0184631_size_1799_depth_28,ER__D0,D0,D,PASS,1,2026-10-04T01:55:52,2026-10-04T01:55:58,5.963,experiments/formal/results/width192__21_add192_err_0.0184631_size_1799_depth_28__ER__D0.json,840983ed82d85462b566e6bb76f8bdba95d41cc02301dc3a6b9ba76af662a333,,,
width192__21_add192_err_0.0184631_size_1799_depth_28__ER__D1,192,21_add192_err_0.0184631_size_1799_depth_28,ER__D1,D1,D,PASS,1,2026-10-04T01:55:58,2026-10-04T01:56:03,5.608,experiments/formal/results/width192__21_add192_err_0.0184631_size_1799_depth_28__ER__D1.json,d3fe52948cbe05576c1e9a95c3ee6fec1524d82133241943f9e09cad54073abf,,,
width192__21_add192_err_0.0184631_size_1799_depth_28__ER__D2,192,21_add192_err_0.0184631_size_1799_depth_28,ER__D2,D2,D,PASS,1,2026-10-04T01:56:03,2026-10-04T01:56:08,5.129,experiments/formal/results/width192__21_add192_err_0.0184631_size_1799_depth_28__ER__D2.json,6982fb6d9ab5b88751d69f327ec1dfa9b9e9f127b56bf643b379d561b306cab2,,,
width192__21_add192_err_0.0184631_size_1799_depth_28__ER__D3,192,21_add192_err_0.0184631_size_1799_depth_28,ER__D3,D3,D,PASS,1,2026-10-04T01:56:08,2026-10-04T01:56:14,5.108,experiments/formal/results/width192__21_add192_err_0.0184631_size_1799_depth_28__ER__D3.json,a33b52e0881106384faf9e8eadef796bded1f61e936387d1df305d46c860fad6,,,
width192__21_add192_err_0.0184631_size_1799_depth_28__ER__D4,192,21_add192_err_0.0184631_size_1799_depth_28,ER__D4,D4,D,PASS,1,2026-10-04T01:56:14,2026-10-04T01:56:19,5.21,experiments/formal/results/width192__21_add192_err_0.0184631_size_1799_depth_28__ER__D4.json,f8a451dcd2a4ee779428c419152a3aff5bd1c578e4afb807b17edd27a78e5763,,,
width192__21_add192_err_0.0184631_size_1799_depth_28__ER__D5,192,21_add192_err_0.0184631_size_1799_depth_28,ER__D5,D5,D,PASS,1,2026-10-04T01:56:19,2026-10-04T01:56:24,5.024,experiments/formal/results/width192__21_add192_err_0.0184631_size_1799_depth_28__ER__D5.json,083ba1418943ed7ed7baa8cdc0ee7de28298e807e682a46d9ae7fd515bec1c05,,,
width192__21_add192_err_0.0184631_size_1799_depth_28__ER__R0,192,21_add192_err_0.0184631_size_1799_depth_28,ER__R0,R0,D,PASS,1,2026-10-04T01:56:24,2026-10-04T01:56:29,5.231,experiments/formal/results/width192__21_add192_err_0.0184631_size_1799_depth_28__ER__R0.json,2a0e726f3ffb801840d1ef239594131b7ddf2087519a2f7e5e5aa5aa21817d3e,,,
width192__21_add192_err_0.0184631_size_1799_depth_28__ER__R1,192,21_add192_err_0.0184631_size_1799_depth_28,ER__R1,R1,D,PASS,1,2026-10-04T01:56:29,2026-10-04T01:56:36,6.546,experiments/formal/results/width192__21_add192_err_0.0184631_size_1799_depth_28__ER__R1.json,8b696947b68cdfff1fde2274a02ac7bea161b14be4825869939f94eff5fdff0b,,,
width192__21_add192_err_0.0184631_size_1799_depth_28__ER__R2,192,21_add192_err_0.0184631_size_1799_depth_28,ER__R2,R2,D,PASS,1,2026-10-04T01:56:36,2026-10-04T01:56:42,6.454,experiments/formal/results/width192__21_add192_err_0.0184631_size_1799_depth_28__ER__R2.json,20746c0a9db55b871603e7d4223befba645bbfa9c999710a8c1e1a27981930b5,,,
width192__21_add192_err_0.0184631_size_1799_depth_28__ER__R3,192,21_add192_err_0.0184631_size_1799_depth_28,ER__R3,R3,D,PASS,1,2026-10-04T01:56:43,2026-10-04T01:56:49,6.559,experiments/formal/results/width192__21_add192_err_0.0184631_size_1799_depth_28__ER__R3.json,eb6848480a6455f575844291d9026a0851cb767256beaceb7a37ee61f48958c9,,,
width192__21_add192_err_0.0184631_size_1799_depth_28__ER__R4,192,21_add192_err_0.0184631_size_1799_depth_28,ER__R4,R4,D,PASS,1,2026-10-04T01:56:49,2026-10-04T01:56:56,6.37,experiments/formal/results/width192__21_add192_err_0.0184631_size_1799_depth_28__ER__R4.json,8e45221a20dacbf5cd84be80bb147229f43aa318dbc4a281e244ffdec0f9984a,,,
width192__21_add192_err_0.0184631_size_1799_depth_28__ER__R5,192,21_add192_err_0.0184631_size_1799_depth_28,ER__R5,R5,D,PASS,1,2026-10-04T01:56:56,2026-10-04T01:57:02,6.404,experiments/formal/results/width192__21_add192_err_0.0184631_size_1799_depth_28__ER__R5.json,6e953e75c3a4815793e5704df8ccfe0f13f4538edca3ee2bb537e2abe8a653c1,,,
width192__21_add192_err_0.0184631_size_1799_depth_28__ER__R6,192,21_add192_err_0.0184631_size_1799_depth_28,ER__R6,R6,D,PASS,1,2026-10-04T01:57:02,2026-10-04T01:57:09,6.455,experiments/formal/results/width192__21_add192_err_0.0184631_size_1799_depth_28__ER__R6.json,6ed67811ee7dab4e00fdc018426537e6827b71b10bdb52b5e8527f5fbf440ff4,,,
width192__21_add192_err_0.0184631_size_1799_depth_28__ER__R7,192,21_add192_err_0.0184631_size_1799_depth_28,ER__R7,R7,D,PASS,1,2026-10-04T01:57:09,2026-10-04T01:57:15,6.378,experiments/formal/results/width192__21_add192_err_0.0184631_size_1799_depth_28__ER__R7.json,1439b83005256030bce6ac3161487b271ad87a19c9d6b098e674309a79097d8b,,,
width192__21_add192_err_0.0184631_size_1799_depth_28__ER__R8,192,21_add192_err_0.0184631_size_1799_depth_28,ER__R8,R8,D,PASS,1,2026-10-04T01:57:15,2026-10-04T01:57:22,6.478,experiments/formal/results/width192__21_add192_err_0.0184631_size_1799_depth_28__ER__R8.json,a5946f6d33012b6585d91fd5f0c4201cf5b1b225384760ebf71e3cd22124a012,,,
width192__21_add192_err_0.0184631_size_1799_depth_28__ER__R9,192,21_add192_err_0.0184631_size_1799_depth_28,ER__R9,R9,D,PASS,1,2026-10-04T01:57:22,2026-10-04T01:57:28,6.485,experiments/formal/results/width192__21_add192_err_0.0184631_size_1799_depth_28__ER__R9.json,905e259526f9492d056cf336c48de5fca9556ce0581bdad30646a4a229b553d2,,,
width192__21_add192_err_0.0184631_size_1799_depth_28__MED__D0,192,21_add192_err_0.0184631_size_1799_depth_28,MED__D0,D0,D,SKIPPED_DEPENDENCY,0,2026-10-04T02:10:44,2026-10-04T02:10:53,8.767,experiments/formal/results/width192__21_add192_err_0.0184631_size_1799_depth_28__MED__D0.json,,,,
width192__21_add192_err_0.0184631_size_1799_depth_28__MED__D1,192,21_add192_err_0.0184631_size_1799_depth_28,MED__D1,D1,D,SKIPPED_DEPENDENCY,0,2026-10-04T02:10:53,2026-10-04T02:11:01,8.025,experiments/formal/results/width192__21_add192_err_0.0184631_size_1799_depth_28__MED__D1.json,,,,
width192__21_add192_err_0.0184631_size_1799_depth_28__MED__D2,192,21_add192_err_0.0184631_size_1799_depth_28,MED__D2,D2,D,SKIPPED_DEPENDENCY,0,2026-10-04T02:11:01,2026-10-04T02:11:09,8.683,experiments/formal/results/width192__21_add192_err_0.0184631_size_1799_depth_28__MED__D2.json,,,,
width192__21_add192_err_0.0184631_size_1799_depth_28__MED__D3,192,21_add192_err_0.0184631_size_1799_depth_28,MED__D3,D3,D,SKIPPED_DEPENDENCY,0,2026-10-04T02:11:10,2026-10-04T02:11:19,9.009,experiments/formal/results/width192__21_add192_err_0.0184631_size_1799_depth_28__MED__D3.json,,,,
width192__21_add192_err_0.0184631_size_1799_depth_28__MED__D4,192,21_add192_err_0.0184631_size_1799_depth_28,MED__D4,D4,D,SKIPPED_DEPENDENCY,0,2026-10-04T02:11:19,2026-10-04T02:11:31,12.806,experiments/formal/results/width192__21_add192_err_0.0184631_size_1799_depth_28__MED__D4.json,,,,
width192__21_add192_err_0.0184631_size_1799_depth_28__MED__D5,192,21_add192_err_0.0184631_size_1799_depth_28,MED__D5,D5,D,SKIPPED_DEPENDENCY,0,2026-10-04T02:11:32,2026-10-04T02:11:40,8.64,experiments/formal/results/width192__21_add192_err_0.0184631_size_1799_depth_28__MED__D5.json,,,,
width192__21_add192_err_0.0184631_size_1799_depth_28__compile_ER,192,21_add192_err_0.0184631_size_1799_depth_28,compile_ER,None,D,TIMEOUT,1,2026-10-04T01:52:50,2026-10-04T01:55:51,181.387,experiments/formal/results/width192__21_add192_err_0.0184631_size_1799_depth_28__compile_ER.json,248110c9056dc7b61da7fea970a004d2a8e71a3bd998a07eaf32340d41aaa22e,,,
width192__21_add192_err_0.0184631_size_1799_depth_28__compile_MED,192,21_add192_err_0.0184631_size_1799_depth_28,compile_MED,None,D,TIMEOUT,1,2026-10-04T01:57:30,2026-10-04T02:10:44,794.001,experiments/formal/results/width192__21_add192_err_0.0184631_size_1799_depth_28__compile_MED.json,c99824d4285fbf9e43982e0dd24aac38a2c9c49f04e6b92d8d65e63abfcdc7fa,,,
width192__21_add192_err_0.0184631_size_1799_depth_28__timing_K16,192,21_add192_err_0.0184631_size_1799_depth_28,timing_K16,None,D,TIMEOUT,1,2026-10-04T02:11:40,2026-10-04T02:14:42,181.403,experiments/formal/results/width192__21_add192_err_0.0184631_size_1799_depth_28__timing_K16.json,30a7b22e55fb565e2c2585be9d9f0dd3308075017fabc63289b61d4cf1c48d0e,,,
width192__21_add192_err_0.0184631_size_1799_depth_28__timing_K64,192,21_add192_err_0.0184631_size_1799_depth_28,timing_K64,None,D,TIMEOUT,1,2026-10-04T02:14:42,2026-10-04T02:17:43,181.4,experiments/formal/results/width192__21_add192_err_0.0184631_size_1799_depth_28__timing_K64.json,0d340463d9ce25250fd8f924502386e8ab3c4389f9323a2c2e29b4c6925ccabf,,,
width192__25_add192_err_0.0267792_size_1775_depth_28__ER__D0,192,25_add192_err_0.0267792_size_1775_depth_28,ER__D0,D0,D,PASS,1,2026-10-04T02:20:45,2026-10-04T02:20:52,6.72,experiments/formal/results/width192__25_add192_err_0.0267792_size_1775_depth_28__ER__D0.json,c23494e8f1154adbb9b9b9476f628ba5b0753cfce23be56c05d64620fb6e4dec,,,
width192__25_add192_err_0.0267792_size_1775_depth_28__ER__D1,192,25_add192_err_0.0267792_size_1775_depth_28,ER__D1,D1,D,PASS,1,2026-10-04T02:20:52,2026-10-04T02:20:59,6.915,experiments/formal/results/width192__25_add192_err_0.0267792_size_1775_depth_28__ER__D1.json,b0829860ec1363f873c0488e25f75eef77a6bad30523e81df20d5946cbfabccf,,,
width192__25_add192_err_0.0267792_size_1775_depth_28__ER__D2,192,25_add192_err_0.0267792_size_1775_depth_28,ER__D2,D2,D,PASS,1,2026-10-04T02:20:59,2026-10-04T02:21:05,6.703,experiments/formal/results/width192__25_add192_err_0.0267792_size_1775_depth_28__ER__D2.json,b56fbf00fc814ecf5627f556e7b68b2ad30a57520ca84a977c77c3e1bf9d4291,,,
width192__25_add192_err_0.0267792_size_1775_depth_28__ER__D3,192,25_add192_err_0.0267792_size_1775_depth_28,ER__D3,D3,D,PASS,1,2026-10-04T02:21:05,2026-10-04T02:21:13,7.175,experiments/formal/results/width192__25_add192_err_0.0267792_size_1775_depth_28__ER__D3.json,89b7a20659fc8e033251e0b8563f36b9919e3b1f34e63a0336066908da628745,,,
width192__25_add192_err_0.0267792_size_1775_depth_28__ER__D4,192,25_add192_err_0.0267792_size_1775_depth_28,ER__D4,D4,D,PASS,1,2026-10-04T02:21:13,2026-10-04T02:21:20,6.888,experiments/formal/results/width192__25_add192_err_0.0267792_size_1775_depth_28__ER__D4.json,0993d52573a0c9203a66b9922dfed02411215d627faa23cc930c2e57f46a7e0f,,,
width192__25_add192_err_0.0267792_size_1775_depth_28__ER__D5,192,25_add192_err_0.0267792_size_1775_depth_28,ER__D5,D5,D,PASS,1,2026-10-04T02:21:20,2026-10-04T02:21:27,7.035,experiments/formal/results/width192__25_add192_err_0.0267792_size_1775_depth_28__ER__D5.json,60cc64735c121a8c69291edd5ee47012ff4e748e1c30b7f93e54c1acca43e54c,,,
width192__25_add192_err_0.0267792_size_1775_depth_28__ER__R0,192,25_add192_err_0.0267792_size_1775_depth_28,ER__R0,R0,D,PASS,1,2026-10-04T02:21:27,2026-10-04T02:21:34,6.761,experiments/formal/results/width192__25_add192_err_0.0267792_size_1775_depth_28__ER__R0.json,3fe9c3f7d7bd052e49dd9721755545838a6ce04969b10290af3a06f998bfe3fa,,,
width192__25_add192_err_0.0267792_size_1775_depth_28__ER__R1,192,25_add192_err_0.0267792_size_1775_depth_28,ER__R1,R1,D,PASS,1,2026-10-04T02:21:34,2026-10-04T02:21:40,6.832,experiments/formal/results/width192__25_add192_err_0.0267792_size_1775_depth_28__ER__R1.json,08f1398f838f2840273e7c6b2250dd0ff64a11ea405571b794fdb09f898b556e,,,
width192__25_add192_err_0.0267792_size_1775_depth_28__ER__R2,192,25_add192_err_0.0267792_size_1775_depth_28,ER__R2,R2,D,PASS,1,2026-10-04T02:21:41,2026-10-04T02:21:47,6.802,experiments/formal/results/width192__25_add192_err_0.0267792_size_1775_depth_28__ER__R2.json,8ac77d66b8fdf2a9c6556c7d08d8d9533dd32d5f62eb635881846929e5d1316a,,,
width192__25_add192_err_0.0267792_size_1775_depth_28__ER__R3,192,25_add192_err_0.0267792_size_1775_depth_28,ER__R3,R3,D,PASS,1,2026-10-04T02:21:47,2026-10-04T02:21:54,6.779,experiments/formal/results/width192__25_add192_err_0.0267792_size_1775_depth_28__ER__R3.json,ee05ea86e919e235a252ab0b15c778ed08554a18f7232ff2ab84a373d06dd4c5,,,
width192__25_add192_err_0.0267792_size_1775_depth_28__ER__R4,192,25_add192_err_0.0267792_size_1775_depth_28,ER__R4,R4,D,PASS,1,2026-10-04T02:21:54,2026-10-04T02:22:01,7.029,experiments/formal/results/width192__25_add192_err_0.0267792_size_1775_depth_28__ER__R4.json,9ff1240d145da1099285618ac5a13743f237c896c23207f4719f27426492eb2d,,,
width192__25_add192_err_0.0267792_size_1775_depth_28__ER__R5,192,25_add192_err_0.0267792_size_1775_depth_28,ER__R5,R5,D,PASS,1,2026-10-04T02:22:01,2026-10-04T02:22:08,6.909,experiments/formal/results/width192__25_add192_err_0.0267792_size_1775_depth_28__ER__R5.json,5ec031e70c63d8125d49475c9f8450ed3f7a4abf0568cdceb6e12d60bef87908,,,
width192__25_add192_err_0.0267792_size_1775_depth_28__ER__R6,192,25_add192_err_0.0267792_size_1775_depth_28,ER__R6,R6,D,PASS,1,2026-10-04T02:22:08,2026-10-04T02:22:15,7.04,experiments/formal/results/width192__25_add192_err_0.0267792_size_1775_depth_28__ER__R6.json,580773f7a6dd5cdef6f1c55feb5e26df10bb6d2955c9aaf1becc74f6d6b2454a,,,
width192__25_add192_err_0.0267792_size_1775_depth_28__ER__R7,192,25_add192_err_0.0267792_size_1775_depth_28,ER__R7,R7,D,PASS,1,2026-10-04T02:22:16,2026-10-04T02:22:23,6.974,experiments/formal/results/width192__25_add192_err_0.0267792_size_1775_depth_28__ER__R7.json,7ec433ae4ae62332ca97e27320b8fe0640f32c4e73356cc0cd06493958df43ec,,,
width192__25_add192_err_0.0267792_size_1775_depth_28__ER__R8,192,25_add192_err_0.0267792_size_1775_depth_28,ER__R8,R8,D,PASS,1,2026-10-04T02:22:23,2026-10-04T02:22:30,7.191,experiments/formal/results/width192__25_add192_err_0.0267792_size_1775_depth_28__ER__R8.json,5b6c86ae8b45fb56a2f97df9cd306a6a04fa50bb6421c35a93820b449fc9e843,,,
width192__25_add192_err_0.0267792_size_1775_depth_28__ER__R9,192,25_add192_err_0.0267792_size_1775_depth_28,ER__R9,R9,D,PASS,1,2026-10-04T02:22:32,2026-10-04T02:22:38,6.827,experiments/formal/results/width192__25_add192_err_0.0267792_size_1775_depth_28__ER__R9.json,17bead02ffee7a76b9fe28b28cb0c41cc4a598fb4958647ccf5eaff4b01fd6d5,,,
width192__25_add192_err_0.0267792_size_1775_depth_28__MED__D0,192,25_add192_err_0.0267792_size_1775_depth_28,MED__D0,D0,D,SKIPPED_DEPENDENCY,0,2026-10-04T06:49:13,2026-10-04T06:49:13,0.55,experiments/formal/results/width192__25_add192_err_0.0267792_size_1775_depth_28__MED__D0.json,,,,
width192__25_add192_err_0.0267792_size_1775_depth_28__MED__D1,192,25_add192_err_0.0267792_size_1775_depth_28,MED__D1,D1,D,SKIPPED_DEPENDENCY,0,2026-10-04T06:49:13,2026-10-04T06:49:14,0.071,experiments/formal/results/width192__25_add192_err_0.0267792_size_1775_depth_28__MED__D1.json,,,,
width192__25_add192_err_0.0267792_size_1775_depth_28__MED__D2,192,25_add192_err_0.0267792_size_1775_depth_28,MED__D2,D2,D,SKIPPED_DEPENDENCY,0,2026-10-04T06:49:14,2026-10-04T06:49:14,0.212,experiments/formal/results/width192__25_add192_err_0.0267792_size_1775_depth_28__MED__D2.json,,,,
width192__25_add192_err_0.0267792_size_1775_depth_28__MED__D3,192,25_add192_err_0.0267792_size_1775_depth_28,MED__D3,D3,D,SKIPPED_DEPENDENCY,0,2026-10-04T06:49:14,2026-10-04T06:49:14,0.077,experiments/formal/results/width192__25_add192_err_0.0267792_size_1775_depth_28__MED__D3.json,,,,
width192__25_add192_err_0.0267792_size_1775_depth_28__MED__D4,192,25_add192_err_0.0267792_size_1775_depth_28,MED__D4,D4,D,SKIPPED_DEPENDENCY,0,2026-10-04T06:49:14,2026-10-04T06:49:14,0.071,experiments/formal/results/width192__25_add192_err_0.0267792_size_1775_depth_28__MED__D4.json,,,,
width192__25_add192_err_0.0267792_size_1775_depth_28__MED__D5,192,25_add192_err_0.0267792_size_1775_depth_28,MED__D5,D5,D,SKIPPED_DEPENDENCY,0,2026-10-04T06:49:14,2026-10-04T06:49:14,0.071,experiments/formal/results/width192__25_add192_err_0.0267792_size_1775_depth_28__MED__D5.json,,,,
width192__25_add192_err_0.0267792_size_1775_depth_28__compile_ER,192,25_add192_err_0.0267792_size_1775_depth_28,compile_ER,None,D,TIMEOUT,1,2026-10-04T02:17:43,2026-10-04T02:20:45,181.42,experiments/formal/results/width192__25_add192_err_0.0267792_size_1775_depth_28__compile_ER.json,af2455a305f8bb1ef079b2407cf22cf081264eaf0e2cf95ecb1c63c05a912414,,,
width192__25_add192_err_0.0267792_size_1775_depth_28__compile_MED,192,25_add192_err_0.0267792_size_1775_depth_28,compile_MED,None,D,TIMEOUT,1,2026-10-04T02:22:39,2026-10-04T02:23:25,46.053,experiments/formal/results/width192__25_add192_err_0.0267792_size_1775_depth_28__compile_MED.json,7892ec9c22a48e420ee3d913c6ce87652e41e3d5ad0a14a2523a6e493d1de570,,,
width192__25_add192_err_0.0267792_size_1775_depth_28__timing_K16,192,25_add192_err_0.0267792_size_1775_depth_28,timing_K16,None,D,PASS,2,2026-10-04T06:53:17,2026-10-04T06:57:59,281.696,experiments/formal/results/width192__25_add192_err_0.0267792_size_1775_depth_28__timing_K16.json,a9579e2f49e64983c98d714166dc8113add47b9801d36c6174dda0abd3993c27,,,
width192__25_add192_err_0.0267792_size_1775_depth_28__timing_K64,192,25_add192_err_0.0267792_size_1775_depth_28,timing_K64,None,D,PASS,1,2026-10-04T06:57:59,2026-10-04T07:09:28,688.433,experiments/formal/results/width192__25_add192_err_0.0267792_size_1775_depth_28__timing_K64.json,8effbd0052f9559879a05c8450aa2441e343537275a0a1b3124ae95c9583b3b0,,,
width192__28_add192_err_0.0333099_size_1758_depth_28__ER__D0,192,28_add192_err_0.0333099_size_1758_depth_28,ER__D0,D0,D,PASS,1,2026-10-04T07:12:29,2026-10-04T07:12:32,2.613,experiments/formal/results/width192__28_add192_err_0.0333099_size_1758_depth_28__ER__D0.json,eb50fa49bc127f15f5e7ef7f31f76a7ea43465f55079d2e2cb110668bd94723c,,,
width192__28_add192_err_0.0333099_size_1758_depth_28__ER__D1,192,28_add192_err_0.0333099_size_1758_depth_28,ER__D1,D1,D,PASS,1,2026-10-04T07:12:32,2026-10-04T07:12:34,2.445,experiments/formal/results/width192__28_add192_err_0.0333099_size_1758_depth_28__ER__D1.json,3205a447338134d912081b42180bcc37715037e63c61d13aee1ac6d9643f2602,,,
width192__28_add192_err_0.0333099_size_1758_depth_28__ER__D2,192,28_add192_err_0.0333099_size_1758_depth_28,ER__D2,D2,D,PASS,1,2026-10-04T07:12:34,2026-10-04T07:12:38,3.443,experiments/formal/results/width192__28_add192_err_0.0333099_size_1758_depth_28__ER__D2.json,2f0a2a5ba387e4fd2a64671893207fd3a6e594c7ccf2836139702544d7eeacc4,,,
width192__28_add192_err_0.0333099_size_1758_depth_28__ER__D3,192,28_add192_err_0.0333099_size_1758_depth_28,ER__D3,D3,D,PASS,1,2026-10-04T07:12:38,2026-10-04T07:12:41,2.963,experiments/formal/results/width192__28_add192_err_0.0333099_size_1758_depth_28__ER__D3.json,c54040340c9626da01d0017b9229a8f35489306a4af8388dadb5c3d8d6efc6fb,,,
width192__28_add192_err_0.0333099_size_1758_depth_28__ER__D4,192,28_add192_err_0.0333099_size_1758_depth_28,ER__D4,D4,D,PASS,1,2026-10-04T07:12:41,2026-10-04T07:12:43,2.753,experiments/formal/results/width192__28_add192_err_0.0333099_size_1758_depth_28__ER__D4.json,55a4ccafd4f93ae6172c9df8135046e083f5daf3981d25d0f9c3203f06e42dfc,,,
width192__28_add192_err_0.0333099_size_1758_depth_28__ER__D5,192,28_add192_err_0.0333099_size_1758_depth_28,ER__D5,D5,D,PASS,1,2026-10-04T07:12:43,2026-10-04T07:12:46,2.625,experiments/formal/results/width192__28_add192_err_0.0333099_size_1758_depth_28__ER__D5.json,5e1f9565ef41505e5690b716927e737cd77d58ad900f04024c8eac69b25a1035,,,
width192__28_add192_err_0.0333099_size_1758_depth_28__ER__R0,192,28_add192_err_0.0333099_size_1758_depth_28,ER__R0,R0,D,PASS,1,2026-10-04T07:12:46,2026-10-04T07:12:48,2.071,experiments/formal/results/width192__28_add192_err_0.0333099_size_1758_depth_28__ER__R0.json,0ded2ccc03aeb3e593748cfd29523e8267ca13a241f2a2a67627c26e66cab65d,,,
width192__28_add192_err_0.0333099_size_1758_depth_28__ER__R1,192,28_add192_err_0.0333099_size_1758_depth_28,ER__R1,R1,D,PASS,1,2026-10-04T07:12:48,2026-10-04T07:12:52,3.434,experiments/formal/results/width192__28_add192_err_0.0333099_size_1758_depth_28__ER__R1.json,60371978f54f0c93dac035db568ca219aab05b58b9c6989aa729460132700216,,,
width192__28_add192_err_0.0333099_size_1758_depth_28__ER__R2,192,28_add192_err_0.0333099_size_1758_depth_28,ER__R2,R2,D,PASS,1,2026-10-04T07:12:52,2026-10-04T07:12:54,2.781,experiments/formal/results/width192__28_add192_err_0.0333099_size_1758_depth_28__ER__R2.json,50b068dfd9c3a6c26a184d0199357abe4cb03ff3e8815a0c438d754dd4641752,,,
width192__28_add192_err_0.0333099_size_1758_depth_28__ER__R3,192,28_add192_err_0.0333099_size_1758_depth_28,ER__R3,R3,D,PASS,1,2026-10-04T07:12:54,2026-10-04T07:12:57,2.792,experiments/formal/results/width192__28_add192_err_0.0333099_size_1758_depth_28__ER__R3.json,8b5c711a0a7fd1b27fe84c0cb1b81dd12be3033c0026bf5556242bbe86aa741b,,,
width192__28_add192_err_0.0333099_size_1758_depth_28__ER__R4,192,28_add192_err_0.0333099_size_1758_depth_28,ER__R4,R4,D,PASS,1,2026-10-04T07:12:57,2026-10-04T07:13:00,2.65,experiments/formal/results/width192__28_add192_err_0.0333099_size_1758_depth_28__ER__R4.json,27ec54eae8894b3cca96fc6cdeb6945123be19ba60994b2dc2c2c120fbf2f234,,,
width192__28_add192_err_0.0333099_size_1758_depth_28__ER__R5,192,28_add192_err_0.0333099_size_1758_depth_28,ER__R5,R5,D,PASS,1,2026-10-04T07:13:00,2026-10-04T07:13:02,2.053,experiments/formal/results/width192__28_add192_err_0.0333099_size_1758_depth_28__ER__R5.json,bdd5d911532c7ae1554caab04f861cac84e5891760e6f7f7f5d2191d72078973,,,
width192__28_add192_err_0.0333099_size_1758_depth_28__ER__R6,192,28_add192_err_0.0333099_size_1758_depth_28,ER__R6,R6,D,PASS,1,2026-10-04T07:13:02,2026-10-04T07:13:05,2.843,experiments/formal/results/width192__28_add192_err_0.0333099_size_1758_depth_28__ER__R6.json,aecd774a2661b251cb1537cd94b7dc4e2ac9648ed760e2a62906b85db685b922,,,
width192__28_add192_err_0.0333099_size_1758_depth_28__ER__R7,192,28_add192_err_0.0333099_size_1758_depth_28,ER__R7,R7,D,PASS,1,2026-10-04T07:13:05,2026-10-04T07:13:08,3.035,experiments/formal/results/width192__28_add192_err_0.0333099_size_1758_depth_28__ER__R7.json,25ea58039c5276db148fd93bd04c34ec7bafe5077a47604dc6122f8e78a6a47d,,,
width192__28_add192_err_0.0333099_size_1758_depth_28__ER__R8,192,28_add192_err_0.0333099_size_1758_depth_28,ER__R8,R8,D,PASS,1,2026-10-04T07:13:09,2026-10-04T07:13:11,2.75,experiments/formal/results/width192__28_add192_err_0.0333099_size_1758_depth_28__ER__R8.json,f8f11cb729a7342943ceeed9008b6657b0fa6fd9e5edecde996642fbd24751ac,,,
width192__28_add192_err_0.0333099_size_1758_depth_28__ER__R9,192,28_add192_err_0.0333099_size_1758_depth_28,ER__R9,R9,D,PASS,1,2026-10-04T07:13:11,2026-10-04T07:13:14,2.684,experiments/formal/results/width192__28_add192_err_0.0333099_size_1758_depth_28__ER__R9.json,8f19ce20b9ee5f1ad612892d4486cc244545f2e435f3e0899bef90dc51df3b5b,,,
width192__28_add192_err_0.0333099_size_1758_depth_28__MED__D0,192,28_add192_err_0.0333099_size_1758_depth_28,MED__D0,D0,D,PASS,1,2026-10-04T07:18:14,2026-10-04T07:18:20,5.995,experiments/formal/results/width192__28_add192_err_0.0333099_size_1758_depth_28__MED__D0.json,b053bb1248411b529d9509335780587d7a087d2075bfd5af2f5a38373970eb07,,,
width192__28_add192_err_0.0333099_size_1758_depth_28__MED__D1,192,28_add192_err_0.0333099_size_1758_depth_28,MED__D1,D1,D,PASS,1,2026-10-04T07:18:20,2026-10-04T07:18:27,7.026,experiments/formal/results/width192__28_add192_err_0.0333099_size_1758_depth_28__MED__D1.json,53569967000cb60e05742c7959df12be7a751ed3b7d793e0c8782846a0699f89,,,
width192__28_add192_err_0.0333099_size_1758_depth_28__MED__D2,192,28_add192_err_0.0333099_size_1758_depth_28,MED__D2,D2,D,PASS,1,2026-10-04T07:18:27,2026-10-04T07:18:34,6.948,experiments/formal/results/width192__28_add192_err_0.0333099_size_1758_depth_28__MED__D2.json,8b4d681ba9ba46772d4075bbca0054fac79cda112149abcde77099dd35810f6e,,,
width192__28_add192_err_0.0333099_size_1758_depth_28__MED__D3,192,28_add192_err_0.0333099_size_1758_depth_28,MED__D3,D3,D,PASS,1,2026-10-04T07:18:34,2026-10-04T07:18:42,7.76,experiments/formal/results/width192__28_add192_err_0.0333099_size_1758_depth_28__MED__D3.json,2930eb0e0d6b8a5c5c371bd793a22b874a818337ea1a1ca7b9ae4f62d30cc7ee,,,
width192__28_add192_err_0.0333099_size_1758_depth_28__MED__D4,192,28_add192_err_0.0333099_size_1758_depth_28,MED__D4,D4,D,PASS,1,2026-10-04T07:18:42,2026-10-04T07:18:52,9.504,experiments/formal/results/width192__28_add192_err_0.0333099_size_1758_depth_28__MED__D4.json,0a31054c3ad1c648138702509c889510dc98792c493a27d02cfe27a88f025ecd,,,
width192__28_add192_err_0.0333099_size_1758_depth_28__MED__D5,192,28_add192_err_0.0333099_size_1758_depth_28,MED__D5,D5,D,PASS,1,2026-10-04T07:18:52,2026-10-04T07:18:59,7.595,experiments/formal/results/width192__28_add192_err_0.0333099_size_1758_depth_28__MED__D5.json,6499bb62d31815a688eedae6ab7322e1ebf5fee8168242b9a595ba715b4f4ae7,,,
width192__28_add192_err_0.0333099_size_1758_depth_28__compile_ER,192,28_add192_err_0.0333099_size_1758_depth_28,compile_ER,None,D,TIMEOUT,1,2026-10-04T07:09:28,2026-10-04T07:12:29,181.226,experiments/formal/results/width192__28_add192_err_0.0333099_size_1758_depth_28__compile_ER.json,b358c44583cd7ef228366f3651456dbb6f1d65b1fa6541f87b786d98fb6b702c,,,
width192__28_add192_err_0.0333099_size_1758_depth_28__compile_MED,192,28_add192_err_0.0333099_size_1758_depth_28,compile_MED,None,D,PASS,1,2026-10-04T07:13:14,2026-10-04T07:18:14,299.988,experiments/formal/results/width192__28_add192_err_0.0333099_size_1758_depth_28__compile_MED.json,e8708b66ed36bb383e76ad18b3586dfe92fae8fc6726ef5391c217d1f783a821,,,
width192__28_add192_err_0.0333099_size_1758_depth_28__timing_K16,192,28_add192_err_0.0333099_size_1758_depth_28,timing_K16,None,D,TIMEOUT,1,2026-10-04T07:18:59,2026-10-04T07:22:00,181.152,experiments/formal/results/width192__28_add192_err_0.0333099_size_1758_depth_28__timing_K16.json,399d3af35cb809a9f2f199c3f733d65401ba05c9bc473db00cbae644461887d1,,,
width192__28_add192_err_0.0333099_size_1758_depth_28__timing_K64,192,28_add192_err_0.0333099_size_1758_depth_28,timing_K64,None,D,TIMEOUT,1,2026-10-04T07:22:01,2026-10-04T07:25:02,181.171,experiments/formal/results/width192__28_add192_err_0.0333099_size_1758_depth_28__timing_K64.json,97fffe1857b5ac040d119e5712318f4761552eacdc6cbc2cc729c55cb9fe2ca8,,,
width192__30_add192_err_0.0512085_size_1751_depth_28__ER__D0,192,30_add192_err_0.0512085_size_1751_depth_28,ER__D0,D0,D,PASS,1,2026-10-04T07:28:03,2026-10-04T07:28:06,3.006,experiments/formal/results/width192__30_add192_err_0.0512085_size_1751_depth_28__ER__D0.json,e591b8059c8cba706109907411d38607220b2a3fbcc58bcd8e6f8be9c469964f,,,
width192__30_add192_err_0.0512085_size_1751_depth_28__ER__D1,192,30_add192_err_0.0512085_size_1751_depth_28,ER__D1,D1,D,PASS,1,2026-10-04T07:28:08,2026-10-04T07:28:11,2.858,experiments/formal/results/width192__30_add192_err_0.0512085_size_1751_depth_28__ER__D1.json,5daa2270d45fe278752c6f5ff3d4a3da95acc95ee9823c7fa31f80b67a2db322,,,
width192__30_add192_err_0.0512085_size_1751_depth_28__ER__D2,192,30_add192_err_0.0512085_size_1751_depth_28,ER__D2,D2,D,PASS,1,2026-10-04T07:28:11,2026-10-04T07:28:13,1.944,experiments/formal/results/width192__30_add192_err_0.0512085_size_1751_depth_28__ER__D2.json,2056701b8462dbc4670647dc352d5836895b788223c9748c9a9ed7ce3d9d0ccb,,,
width192__30_add192_err_0.0512085_size_1751_depth_28__ER__D3,192,30_add192_err_0.0512085_size_1751_depth_28,ER__D3,D3,D,PASS,1,2026-10-04T07:28:13,2026-10-04T07:28:15,2.748,experiments/formal/results/width192__30_add192_err_0.0512085_size_1751_depth_28__ER__D3.json,05e800aa085c9de2170122407043036aa7150ed979d35dba8acbf8030e7ec4ac,,,
width192__30_add192_err_0.0512085_size_1751_depth_28__ER__D4,192,30_add192_err_0.0512085_size_1751_depth_28,ER__D4,D4,D,PASS,1,2026-10-04T07:28:16,2026-10-04T07:28:19,3.695,experiments/formal/results/width192__30_add192_err_0.0512085_size_1751_depth_28__ER__D4.json,1f0d50688aeefcc51fdafdaa1eb39b2d6cf46f4efd852e388d874911eabf8690,,,
width192__30_add192_err_0.0512085_size_1751_depth_28__ER__D5,192,30_add192_err_0.0512085_size_1751_depth_28,ER__D5,D5,D,PASS,1,2026-10-04T07:28:19,2026-10-04T07:28:21,2.016,experiments/formal/results/width192__30_add192_err_0.0512085_size_1751_depth_28__ER__D5.json,1d41ca45c7b317ae0517916d7e5badc86ddde04efdc972ceb0ede18ea119023a,,,
width192__30_add192_err_0.0512085_size_1751_depth_28__ER__R0,192,30_add192_err_0.0512085_size_1751_depth_28,ER__R0,R0,D,PASS,1,2026-10-04T07:28:21,2026-10-04T07:28:24,2.794,experiments/formal/results/width192__30_add192_err_0.0512085_size_1751_depth_28__ER__R0.json,5bbaf0ecadadbc550998a46f7b2140c8e254a93e9c5ee29ef4e647651b705d61,,,
width192__30_add192_err_0.0512085_size_1751_depth_28__ER__R1,192,30_add192_err_0.0512085_size_1751_depth_28,ER__R1,R1,D,PASS,1,2026-10-04T07:28:24,2026-10-04T07:28:27,2.686,experiments/formal/results/width192__30_add192_err_0.0512085_size_1751_depth_28__ER__R1.json,f27bb49671a458f196d04ce644cf10a8469c11b8261ec4fa058e5093c9b87f5f,,,
width192__30_add192_err_0.0512085_size_1751_depth_28__ER__R2,192,30_add192_err_0.0512085_size_1751_depth_28,ER__R2,R2,D,PASS,1,2026-10-04T07:28:27,2026-10-04T07:28:29,1.822,experiments/formal/results/width192__30_add192_err_0.0512085_size_1751_depth_28__ER__R2.json,34427c20a26fe0c5c7805892c66392e2a716913ee514b8f9161ff4112edb809b,,,
width192__30_add192_err_0.0512085_size_1751_depth_28__ER__R3,192,30_add192_err_0.0512085_size_1751_depth_28,ER__R3,R3,D,PASS,1,2026-10-04T07:28:29,2026-10-04T07:28:31,2.05,experiments/formal/results/width192__30_add192_err_0.0512085_size_1751_depth_28__ER__R3.json,c2770d0b3d09f7faa45345f77ac2fb0d3e054920102ce582299097227cae83f9,,,
width192__30_add192_err_0.0512085_size_1751_depth_28__ER__R4,192,30_add192_err_0.0512085_size_1751_depth_28,ER__R4,R4,D,PASS,1,2026-10-04T07:28:31,2026-10-04T07:28:35,4.231,experiments/formal/results/width192__30_add192_err_0.0512085_size_1751_depth_28__ER__R4.json,7aac8089e0c3e0754172eacd29f98d7b252b2e2b97eb570d3e77065e006b64c0,,,
width192__30_add192_err_0.0512085_size_1751_depth_28__ER__R5,192,30_add192_err_0.0512085_size_1751_depth_28,ER__R5,R5,D,PASS,1,2026-10-04T07:28:35,2026-10-04T07:28:38,2.476,experiments/formal/results/width192__30_add192_err_0.0512085_size_1751_depth_28__ER__R5.json,06444bf3b8e7a4b4860f9fba47789e72124014d9e51ed8340f75ab56b10dcce8,,,
width192__30_add192_err_0.0512085_size_1751_depth_28__ER__R6,192,30_add192_err_0.0512085_size_1751_depth_28,ER__R6,R6,D,PASS,1,2026-10-04T07:28:38,2026-10-04T07:28:40,1.962,experiments/formal/results/width192__30_add192_err_0.0512085_size_1751_depth_28__ER__R6.json,d64ce48aa9eb1c1d072e66bcbeb6037189f755afc3bb6438af42b43a908754e9,,,
width192__30_add192_err_0.0512085_size_1751_depth_28__ER__R7,192,30_add192_err_0.0512085_size_1751_depth_28,ER__R7,R7,D,PASS,1,2026-10-04T07:28:42,2026-10-04T07:28:44,2.199,experiments/formal/results/width192__30_add192_err_0.0512085_size_1751_depth_28__ER__R7.json,18a4dce084eb683eaf1d0144629a14f50c0385e49c481277ed3e22cd70865ce3,,,
width192__30_add192_err_0.0512085_size_1751_depth_28__ER__R8,192,30_add192_err_0.0512085_size_1751_depth_28,ER__R8,R8,D,PASS,1,2026-10-04T07:28:45,2026-10-04T07:28:47,2.002,experiments/formal/results/width192__30_add192_err_0.0512085_size_1751_depth_28__ER__R8.json,61ce562b210ec553b14c03e2e38004848b21687ed551aaf23e472065741e88b8,,,
width192__30_add192_err_0.0512085_size_1751_depth_28__ER__R9,192,30_add192_err_0.0512085_size_1751_depth_28,ER__R9,R9,D,PASS,1,2026-10-04T07:28:47,2026-10-04T07:28:50,3.179,experiments/formal/results/width192__30_add192_err_0.0512085_size_1751_depth_28__ER__R9.json,77aa95c25a4b8c3bc9ba64ed43fce20b4fc20f6aef6f574fa7c3540e70088fa7,,,
width192__30_add192_err_0.0512085_size_1751_depth_28__MED__D0,192,30_add192_err_0.0512085_size_1751_depth_28,MED__D0,D0,D,PASS,1,2026-10-04T11:21:35,2026-10-04T11:34:51,795.352,experiments/formal/results/width192__30_add192_err_0.0512085_size_1751_depth_28__MED__D0.json,563a0906bab1c646a29f8c6e5e0cf1c6b3582913d55ef069a6ae1408140ab286,,,
width192__30_add192_err_0.0512085_size_1751_depth_28__MED__D1,192,30_add192_err_0.0512085_size_1751_depth_28,MED__D1,D1,D,PASS,1,2026-10-04T11:34:51,2026-10-04T11:43:58,547.574,experiments/formal/results/width192__30_add192_err_0.0512085_size_1751_depth_28__MED__D1.json,1336b8b2708cd509dc4161fe6db0fbab515943450606f75efc209c7b640d5ccc,,,
width192__30_add192_err_0.0512085_size_1751_depth_28__MED__D2,192,30_add192_err_0.0512085_size_1751_depth_28,MED__D2,D2,D,PASS,1,2026-10-04T11:43:58,2026-10-04T11:52:28,509.567,experiments/formal/results/width192__30_add192_err_0.0512085_size_1751_depth_28__MED__D2.json,fc75c2475a8fdb7ad357f1d79403774d6afca7de3d28ea454fb5bef36a2c219d,,,
width192__30_add192_err_0.0512085_size_1751_depth_28__MED__D3,192,30_add192_err_0.0512085_size_1751_depth_28,MED__D3,D3,D,PASS,1,2026-10-04T11:53:10,2026-10-04T12:03:00,590.087,experiments/formal/results/width192__30_add192_err_0.0512085_size_1751_depth_28__MED__D3.json,5513554f10e92b9551d073c070ff088e571799044d3235242e2fc7d10076379f,,,
width192__30_add192_err_0.0512085_size_1751_depth_28__MED__D4,192,30_add192_err_0.0512085_size_1751_depth_28,MED__D4,D4,D,PASS,1,2026-10-04T12:03:00,2026-10-04T12:14:00,659.498,experiments/formal/results/width192__30_add192_err_0.0512085_size_1751_depth_28__MED__D4.json,5352258098a408ee25f310c1354a6bf0a28eba01edb069138d2f9a914f6508bd,,,
width192__30_add192_err_0.0512085_size_1751_depth_28__MED__D5,192,30_add192_err_0.0512085_size_1751_depth_28,MED__D5,D5,D,PASS,1,2026-10-04T12:14:00,2026-10-04T12:24:59,658.66,experiments/formal/results/width192__30_add192_err_0.0512085_size_1751_depth_28__MED__D5.json,528b58f111a2490264bf61542a05e86bbb8a3da0943fdcef78413473808a8a7e,,,
width192__30_add192_err_0.0512085_size_1751_depth_28__compile_ER,192,30_add192_err_0.0512085_size_1751_depth_28,compile_ER,None,D,TIMEOUT,1,2026-10-04T07:25:02,2026-10-04T07:28:03,181.238,experiments/formal/results/width192__30_add192_err_0.0512085_size_1751_depth_28__compile_ER.json,beecad8acaceaccf3606b1d6e7932efa94f7d42bf4e5ca4a33ceb0ce05f47f2b,,,
width192__30_add192_err_0.0512085_size_1751_depth_28__compile_MED,192,30_add192_err_0.0512085_size_1751_depth_28,compile_MED,None,D,PASS,5,2026-10-04T10:53:33,2026-10-04T11:21:35,1682.427,experiments/formal/results/width192__30_add192_err_0.0512085_size_1751_depth_28__compile_MED.json,e07a4712667e6523baa3af7b3ffe36afc5246f61483af13dd182d3d057ab6c92,,,
width192__30_add192_err_0.0512085_size_1751_depth_28__timing_K16,192,30_add192_err_0.0512085_size_1751_depth_28,timing_K16,None,D,TIMEOUT,1,2026-10-04T12:24:59,2026-10-04T12:28:04,184.947,experiments/formal/results/width192__30_add192_err_0.0512085_size_1751_depth_28__timing_K16.json,f41c5151f5811f2ebcf494af5931b0b1bf4e54f7d6ff713d8b6da88e05c4e80c,,,
width192__30_add192_err_0.0512085_size_1751_depth_28__timing_K64,192,30_add192_err_0.0512085_size_1751_depth_28,timing_K64,None,D,TIMEOUT,1,2026-10-04T12:28:04,2026-10-04T12:31:05,181.126,experiments/formal/results/width192__30_add192_err_0.0512085_size_1751_depth_28__timing_K64.json,765fe690ca00ecc4fcc17b25e67adb62f1a45a315e11eb54171ee3fd8f475b66,,,
width192__3_add192_err_0_size_1935_depth_28__ER__D0,192,3_add192_err_0_size_1935_depth_28,ER__D0,D0,D,PASS,1,2026-10-04T12:32:01,2026-10-04T12:32:05,3.964,experiments/formal/results/width192__3_add192_err_0_size_1935_depth_28__ER__D0.json,425e5e492e75895f318e0d6f432cdf79c158ee29de5e96bb8fa81ee75f6e3d76,,,
width192__3_add192_err_0_size_1935_depth_28__ER__D1,192,3_add192_err_0_size_1935_depth_28,ER__D1,D1,D,PASS,1,2026-10-04T12:32:05,2026-10-04T12:32:09,4.29,experiments/formal/results/width192__3_add192_err_0_size_1935_depth_28__ER__D1.json,d43555b191b915a47c67feddffc17fe1cce0e5515cc220f64d67dd1f35b809a7,,,
width192__3_add192_err_0_size_1935_depth_28__ER__D2,192,3_add192_err_0_size_1935_depth_28,ER__D2,D2,D,PASS,1,2026-10-04T12:32:09,2026-10-04T12:32:14,4.668,experiments/formal/results/width192__3_add192_err_0_size_1935_depth_28__ER__D2.json,f35a67431e1431841c414bbf92d7cef7c2a98c3cc68ff35c9b9ad7aa9763c125,,,
width192__3_add192_err_0_size_1935_depth_28__ER__D3,192,3_add192_err_0_size_1935_depth_28,ER__D3,D3,D,PASS,1,2026-10-04T12:32:14,2026-10-04T12:32:19,4.469,experiments/formal/results/width192__3_add192_err_0_size_1935_depth_28__ER__D3.json,2cfb8fa2319bb355f9b3eb8d5a5771109d6a012a84dc55acb496c68b08485f49,,,
width192__3_add192_err_0_size_1935_depth_28__ER__D4,192,3_add192_err_0_size_1935_depth_28,ER__D4,D4,D,PASS,1,2026-10-04T12:32:19,2026-10-04T12:32:23,4.492,experiments/formal/results/width192__3_add192_err_0_size_1935_depth_28__ER__D4.json,c7ee334c5a58ee27adeecac53105c19d1480f9a8433661635b294c6d4b31d6b5,,,
width192__3_add192_err_0_size_1935_depth_28__ER__D5,192,3_add192_err_0_size_1935_depth_28,ER__D5,D5,D,PASS,1,2026-10-04T12:32:23,2026-10-04T12:32:28,4.414,experiments/formal/results/width192__3_add192_err_0_size_1935_depth_28__ER__D5.json,151cbec568a6b1474fa544d5d43214c5629b34584095518c977b9a46818a093b,,,
width192__3_add192_err_0_size_1935_depth_28__ER__R0,192,3_add192_err_0_size_1935_depth_28,ER__R0,R0,D,PASS,1,2026-10-04T12:32:28,2026-10-04T12:32:32,3.956,experiments/formal/results/width192__3_add192_err_0_size_1935_depth_28__ER__R0.json,6e29a082f19294c294b0728b976403e13e2f487ec217c843ebb9f0b546fa6973,,,
width192__3_add192_err_0_size_1935_depth_28__ER__R1,192,3_add192_err_0_size_1935_depth_28,ER__R1,R1,D,PASS,1,2026-10-04T12:32:32,2026-10-04T12:32:36,3.945,experiments/formal/results/width192__3_add192_err_0_size_1935_depth_28__ER__R1.json,f53037ba0e8057ef865f5e1b414fbb0c752a50f3e36d183520aa9863d1738947,,,
width192__3_add192_err_0_size_1935_depth_28__ER__R2,192,3_add192_err_0_size_1935_depth_28,ER__R2,R2,D,PASS,1,2026-10-04T12:32:36,2026-10-04T12:32:40,4.12,experiments/formal/results/width192__3_add192_err_0_size_1935_depth_28__ER__R2.json,3ff12ed6275aaac38d59062785551db8f4ffcbc2bd1149ad1df1a08ef50ee502,,,
width192__3_add192_err_0_size_1935_depth_28__ER__R3,192,3_add192_err_0_size_1935_depth_28,ER__R3,R3,D,PASS,1,2026-10-04T12:32:40,2026-10-04T12:32:44,4.082,experiments/formal/results/width192__3_add192_err_0_size_1935_depth_28__ER__R3.json,eb8ee965c10302e2016493b720538d1ffc5226ddbcff1a69e04c399946e21773,,,
width192__3_add192_err_0_size_1935_depth_28__ER__R4,192,3_add192_err_0_size_1935_depth_28,ER__R4,R4,D,PASS,1,2026-10-04T12:32:44,2026-10-04T12:32:48,3.923,experiments/formal/results/width192__3_add192_err_0_size_1935_depth_28__ER__R4.json,233aa4d44b2e98ab41fd6f5098984cdb83ad844b7505f19a576eb975b8f88722,,,
width192__3_add192_err_0_size_1935_depth_28__ER__R5,192,3_add192_err_0_size_1935_depth_28,ER__R5,R5,D,PASS,1,2026-10-04T12:32:48,2026-10-04T12:32:52,3.867,experiments/formal/results/width192__3_add192_err_0_size_1935_depth_28__ER__R5.json,e3a03bc5b3fa7986865edf18ed6b321745d2e207708cd759bc33b39ec373bca5,,,
width192__3_add192_err_0_size_1935_depth_28__ER__R6,192,3_add192_err_0_size_1935_depth_28,ER__R6,R6,D,PASS,1,2026-10-04T12:32:52,2026-10-04T12:32:57,4.39,experiments/formal/results/width192__3_add192_err_0_size_1935_depth_28__ER__R6.json,b8c50d4078ac60a469d285f92e51ff8de5c8a0f7204279dc91addbd9a99942f8,,,
width192__3_add192_err_0_size_1935_depth_28__ER__R7,192,3_add192_err_0_size_1935_depth_28,ER__R7,R7,D,PASS,1,2026-10-04T12:32:57,2026-10-04T12:33:01,3.921,experiments/formal/results/width192__3_add192_err_0_size_1935_depth_28__ER__R7.json,69d6839880025201b4501b5f32fc3e1db711f965d4540610f7f34f95a57e25e7,,,
width192__3_add192_err_0_size_1935_depth_28__ER__R8,192,3_add192_err_0_size_1935_depth_28,ER__R8,R8,D,PASS,1,2026-10-04T12:33:01,2026-10-04T12:33:05,3.938,experiments/formal/results/width192__3_add192_err_0_size_1935_depth_28__ER__R8.json,3060408cf03f4ba1f20bce40a59160d1d5dfdfe10d3d8d0409accc8567251719,,,
width192__3_add192_err_0_size_1935_depth_28__ER__R9,192,3_add192_err_0_size_1935_depth_28,ER__R9,R9,D,PASS,1,2026-10-04T12:33:05,2026-10-04T12:33:09,3.96,experiments/formal/results/width192__3_add192_err_0_size_1935_depth_28__ER__R9.json,ebdcda122978f06742d1465ba30b2a3919ebc987634506f7b935dd2b3efb85f9,,,
width192__3_add192_err_0_size_1935_depth_28__MED__D0,192,3_add192_err_0_size_1935_depth_28,MED__D0,D0,D,PASS,1,2026-10-04T12:33:46,2026-10-04T12:33:48,2.211,experiments/formal/results/width192__3_add192_err_0_size_1935_depth_28__MED__D0.json,d31cc4d82c94eb4b7d5e41424f0fb2084e8a114f853c50409403da0342e1b1ea,,,
width192__3_add192_err_0_size_1935_depth_28__MED__D1,192,3_add192_err_0_size_1935_depth_28,MED__D1,D1,D,PASS,1,2026-10-04T12:33:48,2026-10-04T12:33:49,1.492,experiments/formal/results/width192__3_add192_err_0_size_1935_depth_28__MED__D1.json,05292f2fde173d140f6ebce3117db48e5fa7d6008d3e5397ac42100bcc5f4ed6,,,
width192__3_add192_err_0_size_1935_depth_28__MED__D2,192,3_add192_err_0_size_1935_depth_28,MED__D2,D2,D,PASS,1,2026-10-04T12:33:49,2026-10-04T12:33:51,1.517,experiments/formal/results/width192__3_add192_err_0_size_1935_depth_28__MED__D2.json,125ee91db5920f4fb39cb94a2fa554053a5141b8b9a8dfa6d9f0c93f4e6469ad,,,
width192__3_add192_err_0_size_1935_depth_28__MED__D3,192,3_add192_err_0_size_1935_depth_28,MED__D3,D3,D,PASS,1,2026-10-04T12:33:51,2026-10-04T12:33:53,1.509,experiments/formal/results/width192__3_add192_err_0_size_1935_depth_28__MED__D3.json,9c379b505131ddae13c5eacf55f40925950291206575872b90b4ea2d60c6cd4e,,,
width192__3_add192_err_0_size_1935_depth_28__MED__D4,192,3_add192_err_0_size_1935_depth_28,MED__D4,D4,D,PASS,1,2026-10-04T12:33:53,2026-10-04T12:33:54,1.424,experiments/formal/results/width192__3_add192_err_0_size_1935_depth_28__MED__D4.json,462558ac8d59653b7186b413fd759d42562de4873888a5c9746079484550a3a5,,,
width192__3_add192_err_0_size_1935_depth_28__MED__D5,192,3_add192_err_0_size_1935_depth_28,MED__D5,D5,D,PASS,1,2026-10-04T12:33:54,2026-10-04T12:33:56,1.933,experiments/formal/results/width192__3_add192_err_0_size_1935_depth_28__MED__D5.json,f25290e6d674b1a255ed6b37670efd63d8b963e52f3a9a9f71eb768eb6400c8d,,,
width192__3_add192_err_0_size_1935_depth_28__compile_ER,192,3_add192_err_0_size_1935_depth_28,compile_ER,None,D,PASS,1,2026-10-04T12:31:05,2026-10-04T12:32:01,56.165,experiments/formal/results/width192__3_add192_err_0_size_1935_depth_28__compile_ER.json,c378c9bc6ee9d808bf2219a7c2bef69c60e3d644f547cb8fa900df7f04d4d861,,,
width192__3_add192_err_0_size_1935_depth_28__compile_MED,192,3_add192_err_0_size_1935_depth_28,compile_MED,None,D,PASS,1,2026-10-04T12:33:09,2026-10-04T12:33:46,36.701,experiments/formal/results/width192__3_add192_err_0_size_1935_depth_28__compile_MED.json,afa9fdbad67e3dc91cc054317ade69a3508ed5a221b0929aa4ee21f23a06e09c,,,
width192__3_add192_err_0_size_1935_depth_28__timing_K16,192,3_add192_err_0_size_1935_depth_28,timing_K16,None,D,PASS,1,2026-10-04T12:33:56,2026-10-04T12:35:54,118.181,experiments/formal/results/width192__3_add192_err_0_size_1935_depth_28__timing_K16.json,bcbeca4538fb2da63b94779f7e35ce9930594695c058aad87dc967f7fe0098b4,,,
width192__3_add192_err_0_size_1935_depth_28__timing_K64,192,3_add192_err_0_size_1935_depth_28,timing_K64,None,D,PASS,1,2026-10-04T12:35:54,2026-10-04T12:41:55,361.01,experiments/formal/results/width192__3_add192_err_0_size_1935_depth_28__timing_K64.json,74b24e274816a67ebe7fc5b817c841b15e92ca6bda116f8ba4bc02ca0423f46f,,,
width192__6_add192_err_0_size_1912_depth_28__ER__D0,192,6_add192_err_0_size_1912_depth_28,ER__D0,D0,D,PASS,1,2026-10-04T12:44:54,2026-10-04T12:45:03,9.181,experiments/formal/results/width192__6_add192_err_0_size_1912_depth_28__ER__D0.json,b08b50e49c362a715b5bb247f853a987be60f4b65f028b25c2491bed91d9d3e3,,,
width192__6_add192_err_0_size_1912_depth_28__ER__D1,192,6_add192_err_0_size_1912_depth_28,ER__D1,D1,D,PASS,1,2026-10-04T12:45:04,2026-10-04T12:45:13,9.714,experiments/formal/results/width192__6_add192_err_0_size_1912_depth_28__ER__D1.json,a63b8437fe689246b21b7f5706cd2e72870d13f4a105be69f151df501da45806,,,
width192__6_add192_err_0_size_1912_depth_28__ER__D2,192,6_add192_err_0_size_1912_depth_28,ER__D2,D2,D,PASS,1,2026-10-04T12:45:13,2026-10-04T12:45:22,8.622,experiments/formal/results/width192__6_add192_err_0_size_1912_depth_28__ER__D2.json,a3463f52fd8a51a9ce23144c3f7a3cf5f61d7f712fca453abdb3d1896be6db31,,,
width192__6_add192_err_0_size_1912_depth_28__ER__D3,192,6_add192_err_0_size_1912_depth_28,ER__D3,D3,D,PASS,1,2026-10-04T12:45:22,2026-10-04T12:45:30,8.061,experiments/formal/results/width192__6_add192_err_0_size_1912_depth_28__ER__D3.json,322d9bb502c43416bb080897d5f04372701f33194e7076ded9dddf4c772bb17b,,,
width192__6_add192_err_0_size_1912_depth_28__ER__D4,192,6_add192_err_0_size_1912_depth_28,ER__D4,D4,D,PASS,1,2026-10-04T12:45:30,2026-10-04T12:45:41,10.569,experiments/formal/results/width192__6_add192_err_0_size_1912_depth_28__ER__D4.json,0ac7d298278a96732c91d92525ba1c11f7d8f60f70793494a3db4488b389779f,,,
width192__6_add192_err_0_size_1912_depth_28__ER__D5,192,6_add192_err_0_size_1912_depth_28,ER__D5,D5,D,PASS,1,2026-10-04T12:45:41,2026-10-04T12:45:49,8.609,experiments/formal/results/width192__6_add192_err_0_size_1912_depth_28__ER__D5.json,390a5a4c18248dac2a7df91ffa2ba4cea609fad39c2ae9cddf182a87181cff28,,,
width192__6_add192_err_0_size_1912_depth_28__ER__R0,192,6_add192_err_0_size_1912_depth_28,ER__R0,R0,D,PASS,1,2026-10-04T12:45:49,2026-10-04T12:45:57,7.13,experiments/formal/results/width192__6_add192_err_0_size_1912_depth_28__ER__R0.json,73d0f355146d3aa2f85ff435b3bfe36534045d80dd3a91e28265d0a6302f120c,,,
width192__6_add192_err_0_size_1912_depth_28__ER__R1,192,6_add192_err_0_size_1912_depth_28,ER__R1,R1,D,PASS,1,2026-10-04T12:45:57,2026-10-04T12:46:08,11.214,experiments/formal/results/width192__6_add192_err_0_size_1912_depth_28__ER__R1.json,046f106da0fb4ba2c5f9c1392926c8a8833e16a2c8c13d3631f7a9f2f2de09e7,,,
width192__6_add192_err_0_size_1912_depth_28__ER__R2,192,6_add192_err_0_size_1912_depth_28,ER__R2,R2,D,PASS,1,2026-10-04T12:46:08,2026-10-04T12:46:17,8.851,experiments/formal/results/width192__6_add192_err_0_size_1912_depth_28__ER__R2.json,f43370871c6ea56a03ad2d94c4923ca043b8d6af3286735e78eb589cfa8190b1,,,
width192__6_add192_err_0_size_1912_depth_28__ER__R3,192,6_add192_err_0_size_1912_depth_28,ER__R3,R3,D,PASS,1,2026-10-04T12:46:17,2026-10-04T12:46:24,7.773,experiments/formal/results/width192__6_add192_err_0_size_1912_depth_28__ER__R3.json,bd5b86e2749c08df8c454303289d26745c004420ea4ec96560b127c4084dcea8,,,
width192__6_add192_err_0_size_1912_depth_28__ER__R4,192,6_add192_err_0_size_1912_depth_28,ER__R4,R4,D,PASS,1,2026-10-04T12:46:25,2026-10-04T12:46:34,9.543,experiments/formal/results/width192__6_add192_err_0_size_1912_depth_28__ER__R4.json,d5d6477a0a895b074fa540cf8127840249ce77c036b6d730a12125b6c090789f,,,
width192__6_add192_err_0_size_1912_depth_28__ER__R5,192,6_add192_err_0_size_1912_depth_28,ER__R5,R5,D,PASS,1,2026-10-04T12:46:35,2026-10-04T12:46:44,9.74,experiments/formal/results/width192__6_add192_err_0_size_1912_depth_28__ER__R5.json,5f5b006ab957235a8680730ab1fa3e4136c6c245b5a1f4d1489792059f854797,,,
width192__6_add192_err_0_size_1912_depth_28__ER__R6,192,6_add192_err_0_size_1912_depth_28,ER__R6,R6,D,PASS,1,2026-10-04T12:46:45,2026-10-04T12:46:55,10.937,experiments/formal/results/width192__6_add192_err_0_size_1912_depth_28__ER__R6.json,7da505aa8ad6b3dada66901218a0490056fcf7508a9905c460a9433994e4bbdc,,,
width192__6_add192_err_0_size_1912_depth_28__ER__R7,192,6_add192_err_0_size_1912_depth_28,ER__R7,R7,D,PASS,1,2026-10-04T12:46:56,2026-10-04T12:47:04,8.779,experiments/formal/results/width192__6_add192_err_0_size_1912_depth_28__ER__R7.json,4a1d9534454f780567e06496e36c41ca284b43554929c1406edab1cb122244d2,,,
width192__6_add192_err_0_size_1912_depth_28__ER__R8,192,6_add192_err_0_size_1912_depth_28,ER__R8,R8,D,PASS,1,2026-10-04T12:47:04,2026-10-04T12:47:11,7.115,experiments/formal/results/width192__6_add192_err_0_size_1912_depth_28__ER__R8.json,992f260fbede8f5573b6df5f5ead05dd62d5eec1e0120f4cd3e69b5c6f6cc950,,,
width192__6_add192_err_0_size_1912_depth_28__ER__R9,192,6_add192_err_0_size_1912_depth_28,ER__R9,R9,D,PASS,1,2026-10-04T12:47:11,2026-10-04T12:47:22,10.934,experiments/formal/results/width192__6_add192_err_0_size_1912_depth_28__ER__R9.json,081931696539a5d9119badb2de033fabb9b7cf572ddc7acab1be0e6ac2fb788e,,,
width192__6_add192_err_0_size_1912_depth_28__MED__D0,192,6_add192_err_0_size_1912_depth_28,MED__D0,D0,D,PASS,1,2026-10-04T12:51:40,2026-10-04T12:51:45,5.1,experiments/formal/results/width192__6_add192_err_0_size_1912_depth_28__MED__D0.json,16f1a53172ba17cc613ef46b2a07efda7bc59caac587987e66865da3bd264826,,,
width192__6_add192_err_0_size_1912_depth_28__MED__D1,192,6_add192_err_0_size_1912_depth_28,MED__D1,D1,D,PASS,1,2026-10-04T12:51:45,2026-10-04T12:51:48,2.831,experiments/formal/results/width192__6_add192_err_0_size_1912_depth_28__MED__D1.json,8484b2a5257c99017041c2dad64e20f9e1771f4d20c7640484ffcb864d0042bf,,,
width192__6_add192_err_0_size_1912_depth_28__MED__D2,192,6_add192_err_0_size_1912_depth_28,MED__D2,D2,D,PASS,1,2026-10-04T12:51:48,2026-10-04T12:51:51,2.802,experiments/formal/results/width192__6_add192_err_0_size_1912_depth_28__MED__D2.json,d88280147b9163920db977efc4f61536bce8c97e5e3aa3c7c0af591980438f24,,,
width192__6_add192_err_0_size_1912_depth_28__MED__D3,192,6_add192_err_0_size_1912_depth_28,MED__D3,D3,D,PASS,1,2026-10-04T12:51:51,2026-10-04T12:51:54,2.716,experiments/formal/results/width192__6_add192_err_0_size_1912_depth_28__MED__D3.json,f0a1e1ad0d00d01523030008efaca9db1eeca54e5e15bfddf1138386a8e01d52,,,
width192__6_add192_err_0_size_1912_depth_28__MED__D4,192,6_add192_err_0_size_1912_depth_28,MED__D4,D4,D,PASS,1,2026-10-04T12:51:54,2026-10-04T12:51:57,3.538,experiments/formal/results/width192__6_add192_err_0_size_1912_depth_28__MED__D4.json,3706f70e1ff0f852115952864e6fb8eaee30a078c5d99c22106c16a89afa156f,,,
width192__6_add192_err_0_size_1912_depth_28__MED__D5,192,6_add192_err_0_size_1912_depth_28,MED__D5,D5,D,PASS,1,2026-10-04T12:51:57,2026-10-04T12:52:01,4.203,experiments/formal/results/width192__6_add192_err_0_size_1912_depth_28__MED__D5.json,37e9b6079c6b17dfa199bb5bd8a4dcf488ab1a44f61cc3a19855e26cc6770ead,,,
width192__6_add192_err_0_size_1912_depth_28__compile_ER,192,6_add192_err_0_size_1912_depth_28,compile_ER,None,D,PASS,1,2026-10-04T12:41:55,2026-10-04T12:44:54,178.787,experiments/formal/results/width192__6_add192_err_0_size_1912_depth_28__compile_ER.json,cabb39ab88830ea3dc20fa58587b68c4309988211e24f99a961ef30661ebbb45,,,
width192__6_add192_err_0_size_1912_depth_28__compile_MED,192,6_add192_err_0_size_1912_depth_28,compile_MED,None,D,PASS,1,2026-10-04T12:47:22,2026-10-04T12:51:13,230.242,experiments/formal/results/width192__6_add192_err_0_size_1912_depth_28__compile_MED.json,15a78caab20089b372e019c76d7cad0ddbc6fa9d4997bc700024105f598350df,,,
width192__6_add192_err_0_size_1912_depth_28__timing_K16,192,6_add192_err_0_size_1912_depth_28,timing_K16,None,D,PASS,1,2026-10-04T12:52:01,2026-10-04T12:56:58,296.143,experiments/formal/results/width192__6_add192_err_0_size_1912_depth_28__timing_K16.json,b76ebb5f6796df10c56b891f183bd7ea8d477784d57cacd9b0a253f01ef1e621,,,
width192__6_add192_err_0_size_1912_depth_28__timing_K64,192,6_add192_err_0_size_1912_depth_28,timing_K64,None,D,PASS,1,2026-10-04T12:56:58,2026-10-04T13:07:11,612.981,experiments/formal/results/width192__6_add192_err_0_size_1912_depth_28__timing_K64.json,d721195b9d752c4d960851afd9125b979625f31d4999994a831b8795f2e207db,,,
width256__10_add256_err_0_size_2531_depth_31__ER__D0,256,10_add256_err_0_size_2531_depth_31,ER__D0,D0,E,PASS,1,2026-10-04T13:09:25,2026-10-04T13:09:36,10.44,experiments/formal/results/width256__10_add256_err_0_size_2531_depth_31__ER__D0.json,23927b3be078e18c583b4f38d7a2352a19185e7542950b01044199ed92a452b6,,,
width256__10_add256_err_0_size_2531_depth_31__ER__D1,256,10_add256_err_0_size_2531_depth_31,ER__D1,D1,E,PASS,1,2026-10-04T13:09:36,2026-10-04T13:09:45,9.249,experiments/formal/results/width256__10_add256_err_0_size_2531_depth_31__ER__D1.json,6c14a6036c3246bf1011df1145d98f4c2a6b347a611b8ec830ac530690adcde6,,,
width256__10_add256_err_0_size_2531_depth_31__ER__D2,256,10_add256_err_0_size_2531_depth_31,ER__D2,D2,E,PASS,1,2026-10-04T13:09:45,2026-10-04T13:09:54,8.899,experiments/formal/results/width256__10_add256_err_0_size_2531_depth_31__ER__D2.json,a6535697557cf65e04c3a34956179f4d03162f9f97b5d59b599e8880b94fb0aa,,,
width256__10_add256_err_0_size_2531_depth_31__ER__D3,256,10_add256_err_0_size_2531_depth_31,ER__D3,D3,E,PASS,1,2026-10-04T13:09:54,2026-10-04T13:10:04,9.728,experiments/formal/results/width256__10_add256_err_0_size_2531_depth_31__ER__D3.json,7b9ed75fe0df327aa40f6b24d776198e8eb97c664f082664f00bf1267b9a198a,,,
width256__10_add256_err_0_size_2531_depth_31__ER__D4,256,10_add256_err_0_size_2531_depth_31,ER__D4,D4,E,PASS,1,2026-10-04T13:10:04,2026-10-04T13:10:13,9.167,experiments/formal/results/width256__10_add256_err_0_size_2531_depth_31__ER__D4.json,a09864fd509d88290bca15c309f109c295f51781f2e16ee4a3228898d4712e24,,,
width256__10_add256_err_0_size_2531_depth_31__ER__D5,256,10_add256_err_0_size_2531_depth_31,ER__D5,D5,E,PASS,1,2026-10-04T13:10:13,2026-10-04T13:10:25,11.691,experiments/formal/results/width256__10_add256_err_0_size_2531_depth_31__ER__D5.json,bae387136b1639795e5eb8b60219e6d3b470d9f73aaaddc8c909ff5b2afb1b0b,,,
width256__10_add256_err_0_size_2531_depth_31__ER__R0,256,10_add256_err_0_size_2531_depth_31,ER__R0,R0,E,PASS,1,2026-10-04T13:10:25,2026-10-04T13:10:35,10.076,experiments/formal/results/width256__10_add256_err_0_size_2531_depth_31__ER__R0.json,6103f44e8bdf4209c8a96e779c6fb4c6e664f6fe90b2bc75dab1c0c99f8bb0d6,,,
width256__10_add256_err_0_size_2531_depth_31__ER__R1,256,10_add256_err_0_size_2531_depth_31,ER__R1,R1,E,PASS,1,2026-10-04T13:10:35,2026-10-04T13:10:44,9.743,experiments/formal/results/width256__10_add256_err_0_size_2531_depth_31__ER__R1.json,b7c6351445a9bca32f92981a07386395b8969cc68a305f00d5c6083197ac1269,,,
width256__10_add256_err_0_size_2531_depth_31__ER__R2,256,10_add256_err_0_size_2531_depth_31,ER__R2,R2,E,PASS,1,2026-10-04T13:10:44,2026-10-04T13:10:56,11.275,experiments/formal/results/width256__10_add256_err_0_size_2531_depth_31__ER__R2.json,7a2153a156320f09ed9f018dc7ebb4003b0e820d7f6d8ac409f39eca9dd3cec1,,,
width256__10_add256_err_0_size_2531_depth_31__ER__R3,256,10_add256_err_0_size_2531_depth_31,ER__R3,R3,E,PASS,1,2026-10-04T13:10:56,2026-10-04T13:11:09,12.9,experiments/formal/results/width256__10_add256_err_0_size_2531_depth_31__ER__R3.json,4ce28f4fed0782aca4c942f5a2f1c5265de5021e1c5f03a654862650a5ffe0b8,,,
width256__10_add256_err_0_size_2531_depth_31__ER__R4,256,10_add256_err_0_size_2531_depth_31,ER__R4,R4,E,PASS,1,2026-10-04T13:11:09,2026-10-04T13:11:20,10.376,experiments/formal/results/width256__10_add256_err_0_size_2531_depth_31__ER__R4.json,0c55d2cb38939d3d1dd9cbba17b3a6a0e996cc8a6d27970a5af6db75dda6f76b,,,
width256__10_add256_err_0_size_2531_depth_31__ER__R5,256,10_add256_err_0_size_2531_depth_31,ER__R5,R5,E,PASS,1,2026-10-04T13:11:20,2026-10-04T13:11:29,9.637,experiments/formal/results/width256__10_add256_err_0_size_2531_depth_31__ER__R5.json,10bca0c1c7755bcb1ea7f238dc9ea2bbe3e7f7c3d5ed2cd0ea56cb4adccbd790,,,
width256__10_add256_err_0_size_2531_depth_31__ER__R6,256,10_add256_err_0_size_2531_depth_31,ER__R6,R6,E,PASS,1,2026-10-04T13:11:29,2026-10-04T13:11:40,11.095,experiments/formal/results/width256__10_add256_err_0_size_2531_depth_31__ER__R6.json,18b959ced32b54802c120974ebd8c61ac56bb96d3ca543e5315371ab4dadb571,,,
width256__10_add256_err_0_size_2531_depth_31__ER__R7,256,10_add256_err_0_size_2531_depth_31,ER__R7,R7,E,PASS,1,2026-10-04T13:11:40,2026-10-04T13:11:54,13.276,experiments/formal/results/width256__10_add256_err_0_size_2531_depth_31__ER__R7.json,7e30cb8c4a0f3092aebd0a896668f8e922932152906050d851608f8d4b82e2dc,,,
width256__10_add256_err_0_size_2531_depth_31__ER__R8,256,10_add256_err_0_size_2531_depth_31,ER__R8,R8,E,PASS,1,2026-10-04T13:11:54,2026-10-04T13:12:04,10.299,experiments/formal/results/width256__10_add256_err_0_size_2531_depth_31__ER__R8.json,2ff79e61ce6d038eb80f9ae793c2cc147d3dbc5f866f2457bba134194a1d5681,,,
width256__10_add256_err_0_size_2531_depth_31__ER__R9,256,10_add256_err_0_size_2531_depth_31,ER__R9,R9,E,PASS,1,2026-10-04T13:12:04,2026-10-04T13:12:14,9.827,experiments/formal/results/width256__10_add256_err_0_size_2531_depth_31__ER__R9.json,d04f4c28277ff9c35b0167a30bc752f8af32190019887ee860a1aeee8e27f657,,,
width256__10_add256_err_0_size_2531_depth_31__MED__D0,256,10_add256_err_0_size_2531_depth_31,MED__D0,D0,E,NOT_RUN_RESOURCE_LIMIT,0,,,,,,,resource_limit,global experiment wall-clock budget exhausted
width256__10_add256_err_0_size_2531_depth_31__MED__D1,256,10_add256_err_0_size_2531_depth_31,MED__D1,D1,E,NOT_RUN_RESOURCE_LIMIT,0,,,,,,,resource_limit,global experiment wall-clock budget exhausted
width256__10_add256_err_0_size_2531_depth_31__MED__D2,256,10_add256_err_0_size_2531_depth_31,MED__D2,D2,E,NOT_RUN_RESOURCE_LIMIT,0,,,,,,,resource_limit,global experiment wall-clock budget exhausted
width256__10_add256_err_0_size_2531_depth_31__MED__D3,256,10_add256_err_0_size_2531_depth_31,MED__D3,D3,E,NOT_RUN_RESOURCE_LIMIT,0,,,,,,,resource_limit,global experiment wall-clock budget exhausted
width256__10_add256_err_0_size_2531_depth_31__MED__D4,256,10_add256_err_0_size_2531_depth_31,MED__D4,D4,E,NOT_RUN_RESOURCE_LIMIT,0,,,,,,,resource_limit,global experiment wall-clock budget exhausted
width256__10_add256_err_0_size_2531_depth_31__MED__D5,256,10_add256_err_0_size_2531_depth_31,MED__D5,D5,E,NOT_RUN_RESOURCE_LIMIT,0,,,,,,,resource_limit,global experiment wall-clock budget exhausted
width256__10_add256_err_0_size_2531_depth_31__compile_ER,256,10_add256_err_0_size_2531_depth_31,compile_ER,None,E,PASS,1,2026-10-04T13:07:11,2026-10-04T13:09:25,134.382,experiments/formal/results/width256__10_add256_err_0_size_2531_depth_31__compile_ER.json,c660999a6f7f9482e1949d3cedeccd07a41424d5c9d3233cbd8a898e4a24eaaa,,,
width256__10_add256_err_0_size_2531_depth_31__compile_MED,256,10_add256_err_0_size_2531_depth_31,compile_MED,None,E,NOT_RUN_RESOURCE_LIMIT,3,2026-10-04T14:52:44,2026-10-04T14:52:44,0.0,,,,resource_limit,global experiment wall-clock budget exhausted (partial per-bit MED results preserved)
width256__10_add256_err_0_size_2531_depth_31__timing_K16,256,10_add256_err_0_size_2531_depth_31,timing_K16,,E,NOT_RUN_RESOURCE_LIMIT,0,,,,,,,resource_limit,global experiment wall-clock budget exhausted
width256__10_add256_err_0_size_2531_depth_31__timing_K64,256,10_add256_err_0_size_2531_depth_31,timing_K64,,E,NOT_RUN_RESOURCE_LIMIT,0,,,,,,,resource_limit,global experiment wall-clock budget exhausted
width256__14_add256_err_0.000198364_size_2509_depth_31__ER__D0,256,14_add256_err_0.000198364_size_2509_depth_31,ER__D0,D0,E,NOT_RUN_RESOURCE_LIMIT,0,,,,,,,resource_limit,global experiment wall-clock budget exhausted
width256__14_add256_err_0.000198364_size_2509_depth_31__ER__D1,256,14_add256_err_0.000198364_size_2509_depth_31,ER__D1,D1,E,NOT_RUN_RESOURCE_LIMIT,0,,,,,,,resource_limit,global experiment wall-clock budget exhausted
width256__14_add256_err_0.000198364_size_2509_depth_31__ER__D2,256,14_add256_err_0.000198364_size_2509_depth_31,ER__D2,D2,E,NOT_RUN_RESOURCE_LIMIT,0,,,,,,,resource_limit,global experiment wall-clock budget exhausted
width256__14_add256_err_0.000198364_size_2509_depth_31__ER__D3,256,14_add256_err_0.000198364_size_2509_depth_31,ER__D3,D3,E,NOT_RUN_RESOURCE_LIMIT,0,,,,,,,resource_limit,global experiment wall-clock budget exhausted
width256__14_add256_err_0.000198364_size_2509_depth_31__ER__D4,256,14_add256_err_0.000198364_size_2509_depth_31,ER__D4,D4,E,NOT_RUN_RESOURCE_LIMIT,0,,,,,,,resource_limit,global experiment wall-clock budget exhausted
width256__14_add256_err_0.000198364_size_2509_depth_31__ER__D5,256,14_add256_err_0.000198364_size_2509_depth_31,ER__D5,D5,E,NOT_RUN_RESOURCE_LIMIT,0,,,,,,,resource_limit,global experiment wall-clock budget exhausted
width256__14_add256_err_0.000198364_size_2509_depth_31__ER__R0,256,14_add256_err_0.000198364_size_2509_depth_31,ER__R0,R0,E,NOT_RUN_RESOURCE_LIMIT,0,,,,,,,resource_limit,global experiment wall-clock budget exhausted
width256__14_add256_err_0.000198364_size_2509_depth_31__ER__R1,256,14_add256_err_0.000198364_size_2509_depth_31,ER__R1,R1,E,NOT_RUN_RESOURCE_LIMIT,0,,,,,,,resource_limit,global experiment wall-clock budget exhausted
width256__14_add256_err_0.000198364_size_2509_depth_31__ER__R2,256,14_add256_err_0.000198364_size_2509_depth_31,ER__R2,R2,E,NOT_RUN_RESOURCE_LIMIT,0,,,,,,,resource_limit,global experiment wall-clock budget exhausted
width256__14_add256_err_0.000198364_size_2509_depth_31__ER__R3,256,14_add256_err_0.000198364_size_2509_depth_31,ER__R3,R3,E,NOT_RUN_RESOURCE_LIMIT,0,,,,,,,resource_limit,global experiment wall-clock budget exhausted
width256__14_add256_err_0.000198364_size_2509_depth_31__ER__R4,256,14_add256_err_0.000198364_size_2509_depth_31,ER__R4,R4,E,NOT_RUN_RESOURCE_LIMIT,0,,,,,,,resource_limit,global experiment wall-clock budget exhausted
width256__14_add256_err_0.000198364_size_2509_depth_31__ER__R5,256,14_add256_err_0.000198364_size_2509_depth_31,ER__R5,R5,E,NOT_RUN_RESOURCE_LIMIT,0,,,,,,,resource_limit,global experiment wall-clock budget exhausted
width256__14_add256_err_0.000198364_size_2509_depth_31__ER__R6,256,14_add256_err_0.000198364_size_2509_depth_31,ER__R6,R6,E,NOT_RUN_RESOURCE_LIMIT,0,,,,,,,resource_limit,global experiment wall-clock budget exhausted
width256__14_add256_err_0.000198364_size_2509_depth_31__ER__R7,256,14_add256_err_0.000198364_size_2509_depth_31,ER__R7,R7,E,NOT_RUN_RESOURCE_LIMIT,0,,,,,,,resource_limit,global experiment wall-clock budget exhausted
width256__14_add256_err_0.000198364_size_2509_depth_31__ER__R8,256,14_add256_err_0.000198364_size_2509_depth_31,ER__R8,R8,E,NOT_RUN_RESOURCE_LIMIT,0,,,,,,,resource_limit,global experiment wall-clock budget exhausted
width256__14_add256_err_0.000198364_size_2509_depth_31__ER__R9,256,14_add256_err_0.000198364_size_2509_depth_31,ER__R9,R9,E,NOT_RUN_RESOURCE_LIMIT,0,,,,,,,resource_limit,global experiment wall-clock budget exhausted
width256__14_add256_err_0.000198364_size_2509_depth_31__MED__D0,256,14_add256_err_0.000198364_size_2509_depth_31,MED__D0,D0,E,NOT_RUN_RESOURCE_LIMIT,0,,,,,,,resource_limit,global experiment wall-clock budget exhausted
width256__14_add256_err_0.000198364_size_2509_depth_31__MED__D1,256,14_add256_err_0.000198364_size_2509_depth_31,MED__D1,D1,E,NOT_RUN_RESOURCE_LIMIT,0,,,,,,,resource_limit,global experiment wall-clock budget exhausted
width256__14_add256_err_0.000198364_size_2509_depth_31__MED__D2,256,14_add256_err_0.000198364_size_2509_depth_31,MED__D2,D2,E,NOT_RUN_RESOURCE_LIMIT,0,,,,,,,resource_limit,global experiment wall-clock budget exhausted
width256__14_add256_err_0.000198364_size_2509_depth_31__MED__D3,256,14_add256_err_0.000198364_size_2509_depth_31,MED__D3,D3,E,NOT_RUN_RESOURCE_LIMIT,0,,,,,,,resource_limit,global experiment wall-clock budget exhausted
width256__14_add256_err_0.000198364_size_2509_depth_31__MED__D4,256,14_add256_err_0.000198364_size_2509_depth_31,MED__D4,D4,E,NOT_RUN_RESOURCE_LIMIT,0,,,,,,,resource_limit,global experiment wall-clock budget exhausted
width256__14_add256_err_0.000198364_size_2509_depth_31__MED__D5,256,14_add256_err_0.000198364_size_2509_depth_31,MED__D5,D5,E,NOT_RUN_RESOURCE_LIMIT,0,,,,,,,resource_limit,global experiment wall-clock budget exhausted
width256__14_add256_err_0.000198364_size_2509_depth_31__compile_ER,256,14_add256_err_0.000198364_size_2509_depth_31,compile_ER,,E,NOT_RUN_RESOURCE_LIMIT,0,,,,,,,resource_limit,global experiment wall-clock budget exhausted
width256__14_add256_err_0.000198364_size_2509_depth_31__compile_MED,256,14_add256_err_0.000198364_size_2509_depth_31,compile_MED,,E,NOT_RUN_RESOURCE_LIMIT,0,,,,,,,resource_limit,global experiment wall-clock budget exhausted
width256__14_add256_err_0.000198364_size_2509_depth_31__timing_K16,256,14_add256_err_0.000198364_size_2509_depth_31,timing_K16,,E,NOT_RUN_RESOURCE_LIMIT,0,,,,,,,resource_limit,global experiment wall-clock budget exhausted
width256__14_add256_err_0.000198364_size_2509_depth_31__timing_K64,256,14_add256_err_0.000198364_size_2509_depth_31,timing_K64,,E,NOT_RUN_RESOURCE_LIMIT,0,,,,,,,resource_limit,global experiment wall-clock budget exhausted
width256__18_add256_err_0.00532532_size_2478_depth_31__ER__D0,256,18_add256_err_0.00532532_size_2478_depth_31,ER__D0,D0,E,NOT_RUN_RESOURCE_LIMIT,0,,,,,,,resource_limit,global experiment wall-clock budget exhausted
width256__18_add256_err_0.00532532_size_2478_depth_31__ER__D1,256,18_add256_err_0.00532532_size_2478_depth_31,ER__D1,D1,E,NOT_RUN_RESOURCE_LIMIT,0,,,,,,,resource_limit,global experiment wall-clock budget exhausted
width256__18_add256_err_0.00532532_size_2478_depth_31__ER__D2,256,18_add256_err_0.00532532_size_2478_depth_31,ER__D2,D2,E,NOT_RUN_RESOURCE_LIMIT,0,,,,,,,resource_limit,global experiment wall-clock budget exhausted
width256__18_add256_err_0.00532532_size_2478_depth_31__ER__D3,256,18_add256_err_0.00532532_size_2478_depth_31,ER__D3,D3,E,NOT_RUN_RESOURCE_LIMIT,0,,,,,,,resource_limit,global experiment wall-clock budget exhausted
width256__18_add256_err_0.00532532_size_2478_depth_31__ER__D4,256,18_add256_err_0.00532532_size_2478_depth_31,ER__D4,D4,E,NOT_RUN_RESOURCE_LIMIT,0,,,,,,,resource_limit,global experiment wall-clock budget exhausted
width256__18_add256_err_0.00532532_size_2478_depth_31__ER__D5,256,18_add256_err_0.00532532_size_2478_depth_31,ER__D5,D5,E,NOT_RUN_RESOURCE_LIMIT,0,,,,,,,resource_limit,global experiment wall-clock budget exhausted
width256__18_add256_err_0.00532532_size_2478_depth_31__ER__R0,256,18_add256_err_0.00532532_size_2478_depth_31,ER__R0,R0,E,NOT_RUN_RESOURCE_LIMIT,0,,,,,,,resource_limit,global experiment wall-clock budget exhausted
width256__18_add256_err_0.00532532_size_2478_depth_31__ER__R1,256,18_add256_err_0.00532532_size_2478_depth_31,ER__R1,R1,E,NOT_RUN_RESOURCE_LIMIT,0,,,,,,,resource_limit,global experiment wall-clock budget exhausted
width256__18_add256_err_0.00532532_size_2478_depth_31__ER__R2,256,18_add256_err_0.00532532_size_2478_depth_31,ER__R2,R2,E,NOT_RUN_RESOURCE_LIMIT,0,,,,,,,resource_limit,global experiment wall-clock budget exhausted
width256__18_add256_err_0.00532532_size_2478_depth_31__ER__R3,256,18_add256_err_0.00532532_size_2478_depth_31,ER__R3,R3,E,NOT_RUN_RESOURCE_LIMIT,0,,,,,,,resource_limit,global experiment wall-clock budget exhausted
width256__18_add256_err_0.00532532_size_2478_depth_31__ER__R4,256,18_add256_err_0.00532532_size_2478_depth_31,ER__R4,R4,E,NOT_RUN_RESOURCE_LIMIT,0,,,,,,,resource_limit,global experiment wall-clock budget exhausted
width256__18_add256_err_0.00532532_size_2478_depth_31__ER__R5,256,18_add256_err_0.00532532_size_2478_depth_31,ER__R5,R5,E,NOT_RUN_RESOURCE_LIMIT,0,,,,,,,resource_limit,global experiment wall-clock budget exhausted
width256__18_add256_err_0.00532532_size_2478_depth_31__ER__R6,256,18_add256_err_0.00532532_size_2478_depth_31,ER__R6,R6,E,NOT_RUN_RESOURCE_LIMIT,0,,,,,,,resource_limit,global experiment wall-clock budget exhausted
width256__18_add256_err_0.00532532_size_2478_depth_31__ER__R7,256,18_add256_err_0.00532532_size_2478_depth_31,ER__R7,R7,E,NOT_RUN_RESOURCE_LIMIT,0,,,,,,,resource_limit,global experiment wall-clock budget exhausted
width256__18_add256_err_0.00532532_size_2478_depth_31__ER__R8,256,18_add256_err_0.00532532_size_2478_depth_31,ER__R8,R8,E,NOT_RUN_RESOURCE_LIMIT,0,,,,,,,resource_limit,global experiment wall-clock budget exhausted
width256__18_add256_err_0.00532532_size_2478_depth_31__ER__R9,256,18_add256_err_0.00532532_size_2478_depth_31,ER__R9,R9,E,NOT_RUN_RESOURCE_LIMIT,0,,,,,,,resource_limit,global experiment wall-clock budget exhausted
width256__18_add256_err_0.00532532_size_2478_depth_31__MED__D0,256,18_add256_err_0.00532532_size_2478_depth_31,MED__D0,D0,E,NOT_RUN_RESOURCE_LIMIT,0,,,,,,,resource_limit,global experiment wall-clock budget exhausted
width256__18_add256_err_0.00532532_size_2478_depth_31__MED__D1,256,18_add256_err_0.00532532_size_2478_depth_31,MED__D1,D1,E,NOT_RUN_RESOURCE_LIMIT,0,,,,,,,resource_limit,global experiment wall-clock budget exhausted
width256__18_add256_err_0.00532532_size_2478_depth_31__MED__D2,256,18_add256_err_0.00532532_size_2478_depth_31,MED__D2,D2,E,NOT_RUN_RESOURCE_LIMIT,0,,,,,,,resource_limit,global experiment wall-clock budget exhausted
width256__18_add256_err_0.00532532_size_2478_depth_31__MED__D3,256,18_add256_err_0.00532532_size_2478_depth_31,MED__D3,D3,E,NOT_RUN_RESOURCE_LIMIT,0,,,,,,,resource_limit,global experiment wall-clock budget exhausted
width256__18_add256_err_0.00532532_size_2478_depth_31__MED__D4,256,18_add256_err_0.00532532_size_2478_depth_31,MED__D4,D4,E,NOT_RUN_RESOURCE_LIMIT,0,,,,,,,resource_limit,global experiment wall-clock budget exhausted
width256__18_add256_err_0.00532532_size_2478_depth_31__MED__D5,256,18_add256_err_0.00532532_size_2478_depth_31,MED__D5,D5,E,NOT_RUN_RESOURCE_LIMIT,0,,,,,,,resource_limit,global experiment wall-clock budget exhausted
width256__18_add256_err_0.00532532_size_2478_depth_31__compile_ER,256,18_add256_err_0.00532532_size_2478_depth_31,compile_ER,,E,NOT_RUN_RESOURCE_LIMIT,0,,,,,,,resource_limit,global experiment wall-clock budget exhausted
width256__18_add256_err_0.00532532_size_2478_depth_31__compile_MED,256,18_add256_err_0.00532532_size_2478_depth_31,compile_MED,,E,NOT_RUN_RESOURCE_LIMIT,0,,,,,,,resource_limit,global experiment wall-clock budget exhausted
width256__18_add256_err_0.00532532_size_2478_depth_31__timing_K16,256,18_add256_err_0.00532532_size_2478_depth_31,timing_K16,,E,NOT_RUN_RESOURCE_LIMIT,0,,,,,,,resource_limit,global experiment wall-clock budget exhausted
width256__18_add256_err_0.00532532_size_2478_depth_31__timing_K64,256,18_add256_err_0.00532532_size_2478_depth_31,timing_K64,,E,NOT_RUN_RESOURCE_LIMIT,0,,,,,,,resource_limit,global experiment wall-clock budget exhausted
width256__21_add256_err_0.0107269_size_2459_depth_31__ER__D0,256,21_add256_err_0.0107269_size_2459_depth_31,ER__D0,D0,E,NOT_RUN_RESOURCE_LIMIT,0,,,,,,,resource_limit,global experiment wall-clock budget exhausted
width256__21_add256_err_0.0107269_size_2459_depth_31__ER__D1,256,21_add256_err_0.0107269_size_2459_depth_31,ER__D1,D1,E,NOT_RUN_RESOURCE_LIMIT,0,,,,,,,resource_limit,global experiment wall-clock budget exhausted
width256__21_add256_err_0.0107269_size_2459_depth_31__ER__D2,256,21_add256_err_0.0107269_size_2459_depth_31,ER__D2,D2,E,NOT_RUN_RESOURCE_LIMIT,0,,,,,,,resource_limit,global experiment wall-clock budget exhausted
width256__21_add256_err_0.0107269_size_2459_depth_31__ER__D3,256,21_add256_err_0.0107269_size_2459_depth_31,ER__D3,D3,E,NOT_RUN_RESOURCE_LIMIT,0,,,,,,,resource_limit,global experiment wall-clock budget exhausted
width256__21_add256_err_0.0107269_size_2459_depth_31__ER__D4,256,21_add256_err_0.0107269_size_2459_depth_31,ER__D4,D4,E,NOT_RUN_RESOURCE_LIMIT,0,,,,,,,resource_limit,global experiment wall-clock budget exhausted
width256__21_add256_err_0.0107269_size_2459_depth_31__ER__D5,256,21_add256_err_0.0107269_size_2459_depth_31,ER__D5,D5,E,NOT_RUN_RESOURCE_LIMIT,0,,,,,,,resource_limit,global experiment wall-clock budget exhausted
width256__21_add256_err_0.0107269_size_2459_depth_31__ER__R0,256,21_add256_err_0.0107269_size_2459_depth_31,ER__R0,R0,E,NOT_RUN_RESOURCE_LIMIT,0,,,,,,,resource_limit,global experiment wall-clock budget exhausted
width256__21_add256_err_0.0107269_size_2459_depth_31__ER__R1,256,21_add256_err_0.0107269_size_2459_depth_31,ER__R1,R1,E,NOT_RUN_RESOURCE_LIMIT,0,,,,,,,resource_limit,global experiment wall-clock budget exhausted
width256__21_add256_err_0.0107269_size_2459_depth_31__ER__R2,256,21_add256_err_0.0107269_size_2459_depth_31,ER__R2,R2,E,NOT_RUN_RESOURCE_LIMIT,0,,,,,,,resource_limit,global experiment wall-clock budget exhausted
width256__21_add256_err_0.0107269_size_2459_depth_31__ER__R3,256,21_add256_err_0.0107269_size_2459_depth_31,ER__R3,R3,E,NOT_RUN_RESOURCE_LIMIT,0,,,,,,,resource_limit,global experiment wall-clock budget exhausted
width256__21_add256_err_0.0107269_size_2459_depth_31__ER__R4,256,21_add256_err_0.0107269_size_2459_depth_31,ER__R4,R4,E,NOT_RUN_RESOURCE_LIMIT,0,,,,,,,resource_limit,global experiment wall-clock budget exhausted
width256__21_add256_err_0.0107269_size_2459_depth_31__ER__R5,256,21_add256_err_0.0107269_size_2459_depth_31,ER__R5,R5,E,NOT_RUN_RESOURCE_LIMIT,0,,,,,,,resource_limit,global experiment wall-clock budget exhausted
width256__21_add256_err_0.0107269_size_2459_depth_31__ER__R6,256,21_add256_err_0.0107269_size_2459_depth_31,ER__R6,R6,E,NOT_RUN_RESOURCE_LIMIT,0,,,,,,,resource_limit,global experiment wall-clock budget exhausted
width256__21_add256_err_0.0107269_size_2459_depth_31__ER__R7,256,21_add256_err_0.0107269_size_2459_depth_31,ER__R7,R7,E,NOT_RUN_RESOURCE_LIMIT,0,,,,,,,resource_limit,global experiment wall-clock budget exhausted
width256__21_add256_err_0.0107269_size_2459_depth_31__ER__R8,256,21_add256_err_0.0107269_size_2459_depth_31,ER__R8,R8,E,NOT_RUN_RESOURCE_LIMIT,0,,,,,,,resource_limit,global experiment wall-clock budget exhausted
width256__21_add256_err_0.0107269_size_2459_depth_31__ER__R9,256,21_add256_err_0.0107269_size_2459_depth_31,ER__R9,R9,E,NOT_RUN_RESOURCE_LIMIT,0,,,,,,,resource_limit,global experiment wall-clock budget exhausted
width256__21_add256_err_0.0107269_size_2459_depth_31__MED__D0,256,21_add256_err_0.0107269_size_2459_depth_31,MED__D0,D0,E,NOT_RUN_RESOURCE_LIMIT,0,,,,,,,resource_limit,global experiment wall-clock budget exhausted
width256__21_add256_err_0.0107269_size_2459_depth_31__MED__D1,256,21_add256_err_0.0107269_size_2459_depth_31,MED__D1,D1,E,NOT_RUN_RESOURCE_LIMIT,0,,,,,,,resource_limit,global experiment wall-clock budget exhausted
width256__21_add256_err_0.0107269_size_2459_depth_31__MED__D2,256,21_add256_err_0.0107269_size_2459_depth_31,MED__D2,D2,E,NOT_RUN_RESOURCE_LIMIT,0,,,,,,,resource_limit,global experiment wall-clock budget exhausted
width256__21_add256_err_0.0107269_size_2459_depth_31__MED__D3,256,21_add256_err_0.0107269_size_2459_depth_31,MED__D3,D3,E,NOT_RUN_RESOURCE_LIMIT,0,,,,,,,resource_limit,global experiment wall-clock budget exhausted
width256__21_add256_err_0.0107269_size_2459_depth_31__MED__D4,256,21_add256_err_0.0107269_size_2459_depth_31,MED__D4,D4,E,NOT_RUN_RESOURCE_LIMIT,0,,,,,,,resource_limit,global experiment wall-clock budget exhausted
width256__21_add256_err_0.0107269_size_2459_depth_31__MED__D5,256,21_add256_err_0.0107269_size_2459_depth_31,MED__D5,D5,E,NOT_RUN_RESOURCE_LIMIT,0,,,,,,,resource_limit,global experiment wall-clock budget exhausted
width256__21_add256_err_0.0107269_size_2459_depth_31__compile_ER,256,21_add256_err_0.0107269_size_2459_depth_31,compile_ER,,E,NOT_RUN_RESOURCE_LIMIT,0,,,,,,,resource_limit,global experiment wall-clock budget exhausted
width256__21_add256_err_0.0107269_size_2459_depth_31__compile_MED,256,21_add256_err_0.0107269_size_2459_depth_31,compile_MED,,E,NOT_RUN_RESOURCE_LIMIT,0,,,,,,,resource_limit,global experiment wall-clock budget exhausted
width256__21_add256_err_0.0107269_size_2459_depth_31__timing_K16,256,21_add256_err_0.0107269_size_2459_depth_31,timing_K16,,E,NOT_RUN_RESOURCE_LIMIT,0,,,,,,,resource_limit,global experiment wall-clock budget exhausted
width256__21_add256_err_0.0107269_size_2459_depth_31__timing_K64,256,21_add256_err_0.0107269_size_2459_depth_31,timing_K64,,E,NOT_RUN_RESOURCE_LIMIT,0,,,,,,,resource_limit,global experiment wall-clock budget exhausted
width256__25_add256_err_0.0180206_size_2431_depth_31__ER__D0,256,25_add256_err_0.0180206_size_2431_depth_31,ER__D0,D0,E,NOT_RUN_RESOURCE_LIMIT,0,,,,,,,resource_limit,global experiment wall-clock budget exhausted
width256__25_add256_err_0.0180206_size_2431_depth_31__ER__D1,256,25_add256_err_0.0180206_size_2431_depth_31,ER__D1,D1,E,NOT_RUN_RESOURCE_LIMIT,0,,,,,,,resource_limit,global experiment wall-clock budget exhausted
width256__25_add256_err_0.0180206_size_2431_depth_31__ER__D2,256,25_add256_err_0.0180206_size_2431_depth_31,ER__D2,D2,E,NOT_RUN_RESOURCE_LIMIT,0,,,,,,,resource_limit,global experiment wall-clock budget exhausted
width256__25_add256_err_0.0180206_size_2431_depth_31__ER__D3,256,25_add256_err_0.0180206_size_2431_depth_31,ER__D3,D3,E,NOT_RUN_RESOURCE_LIMIT,0,,,,,,,resource_limit,global experiment wall-clock budget exhausted
width256__25_add256_err_0.0180206_size_2431_depth_31__ER__D4,256,25_add256_err_0.0180206_size_2431_depth_31,ER__D4,D4,E,NOT_RUN_RESOURCE_LIMIT,0,,,,,,,resource_limit,global experiment wall-clock budget exhausted
width256__25_add256_err_0.0180206_size_2431_depth_31__ER__D5,256,25_add256_err_0.0180206_size_2431_depth_31,ER__D5,D5,E,NOT_RUN_RESOURCE_LIMIT,0,,,,,,,resource_limit,global experiment wall-clock budget exhausted
width256__25_add256_err_0.0180206_size_2431_depth_31__ER__R0,256,25_add256_err_0.0180206_size_2431_depth_31,ER__R0,R0,E,NOT_RUN_RESOURCE_LIMIT,0,,,,,,,resource_limit,global experiment wall-clock budget exhausted
width256__25_add256_err_0.0180206_size_2431_depth_31__ER__R1,256,25_add256_err_0.0180206_size_2431_depth_31,ER__R1,R1,E,NOT_RUN_RESOURCE_LIMIT,0,,,,,,,resource_limit,global experiment wall-clock budget exhausted
width256__25_add256_err_0.0180206_size_2431_depth_31__ER__R2,256,25_add256_err_0.0180206_size_2431_depth_31,ER__R2,R2,E,NOT_RUN_RESOURCE_LIMIT,0,,,,,,,resource_limit,global experiment wall-clock budget exhausted
width256__25_add256_err_0.0180206_size_2431_depth_31__ER__R3,256,25_add256_err_0.0180206_size_2431_depth_31,ER__R3,R3,E,NOT_RUN_RESOURCE_LIMIT,0,,,,,,,resource_limit,global experiment wall-clock budget exhausted
width256__25_add256_err_0.0180206_size_2431_depth_31__ER__R4,256,25_add256_err_0.0180206_size_2431_depth_31,ER__R4,R4,E,NOT_RUN_RESOURCE_LIMIT,0,,,,,,,resource_limit,global experiment wall-clock budget exhausted
width256__25_add256_err_0.0180206_size_2431_depth_31__ER__R5,256,25_add256_err_0.0180206_size_2431_depth_31,ER__R5,R5,E,NOT_RUN_RESOURCE_LIMIT,0,,,,,,,resource_limit,global experiment wall-clock budget exhausted
width256__25_add256_err_0.0180206_size_2431_depth_31__ER__R6,256,25_add256_err_0.0180206_size_2431_depth_31,ER__R6,R6,E,NOT_RUN_RESOURCE_LIMIT,0,,,,,,,resource_limit,global experiment wall-clock budget exhausted
width256__25_add256_err_0.0180206_size_2431_depth_31__ER__R7,256,25_add256_err_0.0180206_size_2431_depth_31,ER__R7,R7,E,NOT_RUN_RESOURCE_LIMIT,0,,,,,,,resource_limit,global experiment wall-clock budget exhausted
width256__25_add256_err_0.0180206_size_2431_depth_31__ER__R8,256,25_add256_err_0.0180206_size_2431_depth_31,ER__R8,R8,E,NOT_RUN_RESOURCE_LIMIT,0,,,,,,,resource_limit,global experiment wall-clock budget exhausted
width256__25_add256_err_0.0180206_size_2431_depth_31__ER__R9,256,25_add256_err_0.0180206_size_2431_depth_31,ER__R9,R9,E,NOT_RUN_RESOURCE_LIMIT,0,,,,,,,resource_limit,global experiment wall-clock budget exhausted
width256__25_add256_err_0.0180206_size_2431_depth_31__MED__D0,256,25_add256_err_0.0180206_size_2431_depth_31,MED__D0,D0,E,NOT_RUN_RESOURCE_LIMIT,0,,,,,,,resource_limit,global experiment wall-clock budget exhausted
width256__25_add256_err_0.0180206_size_2431_depth_31__MED__D1,256,25_add256_err_0.0180206_size_2431_depth_31,MED__D1,D1,E,NOT_RUN_RESOURCE_LIMIT,0,,,,,,,resource_limit,global experiment wall-clock budget exhausted
width256__25_add256_err_0.0180206_size_2431_depth_31__MED__D2,256,25_add256_err_0.0180206_size_2431_depth_31,MED__D2,D2,E,NOT_RUN_RESOURCE_LIMIT,0,,,,,,,resource_limit,global experiment wall-clock budget exhausted
width256__25_add256_err_0.0180206_size_2431_depth_31__MED__D3,256,25_add256_err_0.0180206_size_2431_depth_31,MED__D3,D3,E,NOT_RUN_RESOURCE_LIMIT,0,,,,,,,resource_limit,global experiment wall-clock budget exhausted
width256__25_add256_err_0.0180206_size_2431_depth_31__MED__D4,256,25_add256_err_0.0180206_size_2431_depth_31,MED__D4,D4,E,NOT_RUN_RESOURCE_LIMIT,0,,,,,,,resource_limit,global experiment wall-clock budget exhausted
width256__25_add256_err_0.0180206_size_2431_depth_31__MED__D5,256,25_add256_err_0.0180206_size_2431_depth_31,MED__D5,D5,E,NOT_RUN_RESOURCE_LIMIT,0,,,,,,,resource_limit,global experiment wall-clock budget exhausted
width256__25_add256_err_0.0180206_size_2431_depth_31__compile_ER,256,25_add256_err_0.0180206_size_2431_depth_31,compile_ER,,E,NOT_RUN_RESOURCE_LIMIT,0,,,,,,,resource_limit,global experiment wall-clock budget exhausted
width256__25_add256_err_0.0180206_size_2431_depth_31__compile_MED,256,25_add256_err_0.0180206_size_2431_depth_31,compile_MED,,E,NOT_RUN_RESOURCE_LIMIT,0,,,,,,,resource_limit,global experiment wall-clock budget exhausted
width256__25_add256_err_0.0180206_size_2431_depth_31__timing_K16,256,25_add256_err_0.0180206_size_2431_depth_31,timing_K16,,E,NOT_RUN_RESOURCE_LIMIT,0,,,,,,,resource_limit,global experiment wall-clock budget exhausted
width256__25_add256_err_0.0180206_size_2431_depth_31__timing_K64,256,25_add256_err_0.0180206_size_2431_depth_31,timing_K64,,E,NOT_RUN_RESOURCE_LIMIT,0,,,,,,,resource_limit,global experiment wall-clock budget exhausted
width256__29_add256_err_0.0253906_size_2409_depth_31__ER__D0,256,29_add256_err_0.0253906_size_2409_depth_31,ER__D0,D0,E,NOT_RUN_RESOURCE_LIMIT,0,,,,,,,resource_limit,global experiment wall-clock budget exhausted
width256__29_add256_err_0.0253906_size_2409_depth_31__ER__D1,256,29_add256_err_0.0253906_size_2409_depth_31,ER__D1,D1,E,NOT_RUN_RESOURCE_LIMIT,0,,,,,,,resource_limit,global experiment wall-clock budget exhausted
width256__29_add256_err_0.0253906_size_2409_depth_31__ER__D2,256,29_add256_err_0.0253906_size_2409_depth_31,ER__D2,D2,E,NOT_RUN_RESOURCE_LIMIT,0,,,,,,,resource_limit,global experiment wall-clock budget exhausted
width256__29_add256_err_0.0253906_size_2409_depth_31__ER__D3,256,29_add256_err_0.0253906_size_2409_depth_31,ER__D3,D3,E,NOT_RUN_RESOURCE_LIMIT,0,,,,,,,resource_limit,global experiment wall-clock budget exhausted
width256__29_add256_err_0.0253906_size_2409_depth_31__ER__D4,256,29_add256_err_0.0253906_size_2409_depth_31,ER__D4,D4,E,NOT_RUN_RESOURCE_LIMIT,0,,,,,,,resource_limit,global experiment wall-clock budget exhausted
width256__29_add256_err_0.0253906_size_2409_depth_31__ER__D5,256,29_add256_err_0.0253906_size_2409_depth_31,ER__D5,D5,E,NOT_RUN_RESOURCE_LIMIT,0,,,,,,,resource_limit,global experiment wall-clock budget exhausted
width256__29_add256_err_0.0253906_size_2409_depth_31__ER__R0,256,29_add256_err_0.0253906_size_2409_depth_31,ER__R0,R0,E,NOT_RUN_RESOURCE_LIMIT,0,,,,,,,resource_limit,global experiment wall-clock budget exhausted
width256__29_add256_err_0.0253906_size_2409_depth_31__ER__R1,256,29_add256_err_0.0253906_size_2409_depth_31,ER__R1,R1,E,NOT_RUN_RESOURCE_LIMIT,0,,,,,,,resource_limit,global experiment wall-clock budget exhausted
width256__29_add256_err_0.0253906_size_2409_depth_31__ER__R2,256,29_add256_err_0.0253906_size_2409_depth_31,ER__R2,R2,E,NOT_RUN_RESOURCE_LIMIT,0,,,,,,,resource_limit,global experiment wall-clock budget exhausted
width256__29_add256_err_0.0253906_size_2409_depth_31__ER__R3,256,29_add256_err_0.0253906_size_2409_depth_31,ER__R3,R3,E,NOT_RUN_RESOURCE_LIMIT,0,,,,,,,resource_limit,global experiment wall-clock budget exhausted
width256__29_add256_err_0.0253906_size_2409_depth_31__ER__R4,256,29_add256_err_0.0253906_size_2409_depth_31,ER__R4,R4,E,NOT_RUN_RESOURCE_LIMIT,0,,,,,,,resource_limit,global experiment wall-clock budget exhausted
width256__29_add256_err_0.0253906_size_2409_depth_31__ER__R5,256,29_add256_err_0.0253906_size_2409_depth_31,ER__R5,R5,E,NOT_RUN_RESOURCE_LIMIT,0,,,,,,,resource_limit,global experiment wall-clock budget exhausted
width256__29_add256_err_0.0253906_size_2409_depth_31__ER__R6,256,29_add256_err_0.0253906_size_2409_depth_31,ER__R6,R6,E,NOT_RUN_RESOURCE_LIMIT,0,,,,,,,resource_limit,global experiment wall-clock budget exhausted
width256__29_add256_err_0.0253906_size_2409_depth_31__ER__R7,256,29_add256_err_0.0253906_size_2409_depth_31,ER__R7,R7,E,NOT_RUN_RESOURCE_LIMIT,0,,,,,,,resource_limit,global experiment wall-clock budget exhausted
width256__29_add256_err_0.0253906_size_2409_depth_31__ER__R8,256,29_add256_err_0.0253906_size_2409_depth_31,ER__R8,R8,E,NOT_RUN_RESOURCE_LIMIT,0,,,,,,,resource_limit,global experiment wall-clock budget exhausted
width256__29_add256_err_0.0253906_size_2409_depth_31__ER__R9,256,29_add256_err_0.0253906_size_2409_depth_31,ER__R9,R9,E,NOT_RUN_RESOURCE_LIMIT,0,,,,,,,resource_limit,global experiment wall-clock budget exhausted
width256__29_add256_err_0.0253906_size_2409_depth_31__MED__D0,256,29_add256_err_0.0253906_size_2409_depth_31,MED__D0,D0,E,NOT_RUN_RESOURCE_LIMIT,0,,,,,,,resource_limit,global experiment wall-clock budget exhausted
width256__29_add256_err_0.0253906_size_2409_depth_31__MED__D1,256,29_add256_err_0.0253906_size_2409_depth_31,MED__D1,D1,E,NOT_RUN_RESOURCE_LIMIT,0,,,,,,,resource_limit,global experiment wall-clock budget exhausted
width256__29_add256_err_0.0253906_size_2409_depth_31__MED__D2,256,29_add256_err_0.0253906_size_2409_depth_31,MED__D2,D2,E,NOT_RUN_RESOURCE_LIMIT,0,,,,,,,resource_limit,global experiment wall-clock budget exhausted
width256__29_add256_err_0.0253906_size_2409_depth_31__MED__D3,256,29_add256_err_0.0253906_size_2409_depth_31,MED__D3,D3,E,NOT_RUN_RESOURCE_LIMIT,0,,,,,,,resource_limit,global experiment wall-clock budget exhausted
width256__29_add256_err_0.0253906_size_2409_depth_31__MED__D4,256,29_add256_err_0.0253906_size_2409_depth_31,MED__D4,D4,E,NOT_RUN_RESOURCE_LIMIT,0,,,,,,,resource_limit,global experiment wall-clock budget exhausted
width256__29_add256_err_0.0253906_size_2409_depth_31__MED__D5,256,29_add256_err_0.0253906_size_2409_depth_31,MED__D5,D5,E,NOT_RUN_RESOURCE_LIMIT,0,,,,,,,resource_limit,global experiment wall-clock budget exhausted
width256__29_add256_err_0.0253906_size_2409_depth_31__compile_ER,256,29_add256_err_0.0253906_size_2409_depth_31,compile_ER,,E,NOT_RUN_RESOURCE_LIMIT,0,,,,,,,resource_limit,global experiment wall-clock budget exhausted
width256__29_add256_err_0.0253906_size_2409_depth_31__compile_MED,256,29_add256_err_0.0253906_size_2409_depth_31,compile_MED,,E,NOT_RUN_RESOURCE_LIMIT,0,,,,,,,resource_limit,global experiment wall-clock budget exhausted
width256__29_add256_err_0.0253906_size_2409_depth_31__timing_K16,256,29_add256_err_0.0253906_size_2409_depth_31,timing_K16,,E,NOT_RUN_RESOURCE_LIMIT,0,,,,,,,resource_limit,global experiment wall-clock budget exhausted
width256__29_add256_err_0.0253906_size_2409_depth_31__timing_K64,256,29_add256_err_0.0253906_size_2409_depth_31,timing_K64,,E,NOT_RUN_RESOURCE_LIMIT,0,,,,,,,resource_limit,global experiment wall-clock budget exhausted
width256__32_add256_err_0.0311584_size_2389_depth_31__ER__D0,256,32_add256_err_0.0311584_size_2389_depth_31,ER__D0,D0,E,NOT_RUN_RESOURCE_LIMIT,0,,,,,,,resource_limit,global experiment wall-clock budget exhausted
width256__32_add256_err_0.0311584_size_2389_depth_31__ER__D1,256,32_add256_err_0.0311584_size_2389_depth_31,ER__D1,D1,E,NOT_RUN_RESOURCE_LIMIT,0,,,,,,,resource_limit,global experiment wall-clock budget exhausted
width256__32_add256_err_0.0311584_size_2389_depth_31__ER__D2,256,32_add256_err_0.0311584_size_2389_depth_31,ER__D2,D2,E,NOT_RUN_RESOURCE_LIMIT,0,,,,,,,resource_limit,global experiment wall-clock budget exhausted
width256__32_add256_err_0.0311584_size_2389_depth_31__ER__D3,256,32_add256_err_0.0311584_size_2389_depth_31,ER__D3,D3,E,NOT_RUN_RESOURCE_LIMIT,0,,,,,,,resource_limit,global experiment wall-clock budget exhausted
width256__32_add256_err_0.0311584_size_2389_depth_31__ER__D4,256,32_add256_err_0.0311584_size_2389_depth_31,ER__D4,D4,E,NOT_RUN_RESOURCE_LIMIT,0,,,,,,,resource_limit,global experiment wall-clock budget exhausted
width256__32_add256_err_0.0311584_size_2389_depth_31__ER__D5,256,32_add256_err_0.0311584_size_2389_depth_31,ER__D5,D5,E,NOT_RUN_RESOURCE_LIMIT,0,,,,,,,resource_limit,global experiment wall-clock budget exhausted
width256__32_add256_err_0.0311584_size_2389_depth_31__ER__R0,256,32_add256_err_0.0311584_size_2389_depth_31,ER__R0,R0,E,NOT_RUN_RESOURCE_LIMIT,0,,,,,,,resource_limit,global experiment wall-clock budget exhausted
width256__32_add256_err_0.0311584_size_2389_depth_31__ER__R1,256,32_add256_err_0.0311584_size_2389_depth_31,ER__R1,R1,E,NOT_RUN_RESOURCE_LIMIT,0,,,,,,,resource_limit,global experiment wall-clock budget exhausted
width256__32_add256_err_0.0311584_size_2389_depth_31__ER__R2,256,32_add256_err_0.0311584_size_2389_depth_31,ER__R2,R2,E,NOT_RUN_RESOURCE_LIMIT,0,,,,,,,resource_limit,global experiment wall-clock budget exhausted
width256__32_add256_err_0.0311584_size_2389_depth_31__ER__R3,256,32_add256_err_0.0311584_size_2389_depth_31,ER__R3,R3,E,NOT_RUN_RESOURCE_LIMIT,0,,,,,,,resource_limit,global experiment wall-clock budget exhausted
width256__32_add256_err_0.0311584_size_2389_depth_31__ER__R4,256,32_add256_err_0.0311584_size_2389_depth_31,ER__R4,R4,E,NOT_RUN_RESOURCE_LIMIT,0,,,,,,,resource_limit,global experiment wall-clock budget exhausted
width256__32_add256_err_0.0311584_size_2389_depth_31__ER__R5,256,32_add256_err_0.0311584_size_2389_depth_31,ER__R5,R5,E,NOT_RUN_RESOURCE_LIMIT,0,,,,,,,resource_limit,global experiment wall-clock budget exhausted
width256__32_add256_err_0.0311584_size_2389_depth_31__ER__R6,256,32_add256_err_0.0311584_size_2389_depth_31,ER__R6,R6,E,NOT_RUN_RESOURCE_LIMIT,0,,,,,,,resource_limit,global experiment wall-clock budget exhausted
width256__32_add256_err_0.0311584_size_2389_depth_31__ER__R7,256,32_add256_err_0.0311584_size_2389_depth_31,ER__R7,R7,E,NOT_RUN_RESOURCE_LIMIT,0,,,,,,,resource_limit,global experiment wall-clock budget exhausted
width256__32_add256_err_0.0311584_size_2389_depth_31__ER__R8,256,32_add256_err_0.0311584_size_2389_depth_31,ER__R8,R8,E,NOT_RUN_RESOURCE_LIMIT,0,,,,,,,resource_limit,global experiment wall-clock budget exhausted
width256__32_add256_err_0.0311584_size_2389_depth_31__ER__R9,256,32_add256_err_0.0311584_size_2389_depth_31,ER__R9,R9,E,NOT_RUN_RESOURCE_LIMIT,0,,,,,,,resource_limit,global experiment wall-clock budget exhausted
width256__32_add256_err_0.0311584_size_2389_depth_31__MED__D0,256,32_add256_err_0.0311584_size_2389_depth_31,MED__D0,D0,E,NOT_RUN_RESOURCE_LIMIT,0,,,,,,,resource_limit,global experiment wall-clock budget exhausted
width256__32_add256_err_0.0311584_size_2389_depth_31__MED__D1,256,32_add256_err_0.0311584_size_2389_depth_31,MED__D1,D1,E,NOT_RUN_RESOURCE_LIMIT,0,,,,,,,resource_limit,global experiment wall-clock budget exhausted
width256__32_add256_err_0.0311584_size_2389_depth_31__MED__D2,256,32_add256_err_0.0311584_size_2389_depth_31,MED__D2,D2,E,NOT_RUN_RESOURCE_LIMIT,0,,,,,,,resource_limit,global experiment wall-clock budget exhausted
width256__32_add256_err_0.0311584_size_2389_depth_31__MED__D3,256,32_add256_err_0.0311584_size_2389_depth_31,MED__D3,D3,E,NOT_RUN_RESOURCE_LIMIT,0,,,,,,,resource_limit,global experiment wall-clock budget exhausted
width256__32_add256_err_0.0311584_size_2389_depth_31__MED__D4,256,32_add256_err_0.0311584_size_2389_depth_31,MED__D4,D4,E,NOT_RUN_RESOURCE_LIMIT,0,,,,,,,resource_limit,global experiment wall-clock budget exhausted
width256__32_add256_err_0.0311584_size_2389_depth_31__MED__D5,256,32_add256_err_0.0311584_size_2389_depth_31,MED__D5,D5,E,NOT_RUN_RESOURCE_LIMIT,0,,,,,,,resource_limit,global experiment wall-clock budget exhausted
width256__32_add256_err_0.0311584_size_2389_depth_31__compile_ER,256,32_add256_err_0.0311584_size_2389_depth_31,compile_ER,,E,NOT_RUN_RESOURCE_LIMIT,0,,,,,,,resource_limit,global experiment wall-clock budget exhausted
width256__32_add256_err_0.0311584_size_2389_depth_31__compile_MED,256,32_add256_err_0.0311584_size_2389_depth_31,compile_MED,,E,NOT_RUN_RESOURCE_LIMIT,0,,,,,,,resource_limit,global experiment wall-clock budget exhausted
width256__32_add256_err_0.0311584_size_2389_depth_31__timing_K16,256,32_add256_err_0.0311584_size_2389_depth_31,timing_K16,,E,NOT_RUN_RESOURCE_LIMIT,0,,,,,,,resource_limit,global experiment wall-clock budget exhausted
width256__32_add256_err_0.0311584_size_2389_depth_31__timing_K64,256,32_add256_err_0.0311584_size_2389_depth_31,timing_K64,,E,NOT_RUN_RESOURCE_LIMIT,0,,,,,,,resource_limit,global experiment wall-clock budget exhausted
width256__36_add256_err_0.039444_size_2366_depth_31__ER__D0,256,36_add256_err_0.039444_size_2366_depth_31,ER__D0,D0,E,NOT_RUN_RESOURCE_LIMIT,0,,,,,,,resource_limit,global experiment wall-clock budget exhausted
width256__36_add256_err_0.039444_size_2366_depth_31__ER__D1,256,36_add256_err_0.039444_size_2366_depth_31,ER__D1,D1,E,NOT_RUN_RESOURCE_LIMIT,0,,,,,,,resource_limit,global experiment wall-clock budget exhausted
width256__36_add256_err_0.039444_size_2366_depth_31__ER__D2,256,36_add256_err_0.039444_size_2366_depth_31,ER__D2,D2,E,NOT_RUN_RESOURCE_LIMIT,0,,,,,,,resource_limit,global experiment wall-clock budget exhausted
width256__36_add256_err_0.039444_size_2366_depth_31__ER__D3,256,36_add256_err_0.039444_size_2366_depth_31,ER__D3,D3,E,NOT_RUN_RESOURCE_LIMIT,0,,,,,,,resource_limit,global experiment wall-clock budget exhausted
width256__36_add256_err_0.039444_size_2366_depth_31__ER__D4,256,36_add256_err_0.039444_size_2366_depth_31,ER__D4,D4,E,NOT_RUN_RESOURCE_LIMIT,0,,,,,,,resource_limit,global experiment wall-clock budget exhausted
width256__36_add256_err_0.039444_size_2366_depth_31__ER__D5,256,36_add256_err_0.039444_size_2366_depth_31,ER__D5,D5,E,NOT_RUN_RESOURCE_LIMIT,0,,,,,,,resource_limit,global experiment wall-clock budget exhausted
width256__36_add256_err_0.039444_size_2366_depth_31__ER__R0,256,36_add256_err_0.039444_size_2366_depth_31,ER__R0,R0,E,NOT_RUN_RESOURCE_LIMIT,0,,,,,,,resource_limit,global experiment wall-clock budget exhausted
width256__36_add256_err_0.039444_size_2366_depth_31__ER__R1,256,36_add256_err_0.039444_size_2366_depth_31,ER__R1,R1,E,NOT_RUN_RESOURCE_LIMIT,0,,,,,,,resource_limit,global experiment wall-clock budget exhausted
width256__36_add256_err_0.039444_size_2366_depth_31__ER__R2,256,36_add256_err_0.039444_size_2366_depth_31,ER__R2,R2,E,NOT_RUN_RESOURCE_LIMIT,0,,,,,,,resource_limit,global experiment wall-clock budget exhausted
width256__36_add256_err_0.039444_size_2366_depth_31__ER__R3,256,36_add256_err_0.039444_size_2366_depth_31,ER__R3,R3,E,NOT_RUN_RESOURCE_LIMIT,0,,,,,,,resource_limit,global experiment wall-clock budget exhausted
width256__36_add256_err_0.039444_size_2366_depth_31__ER__R4,256,36_add256_err_0.039444_size_2366_depth_31,ER__R4,R4,E,NOT_RUN_RESOURCE_LIMIT,0,,,,,,,resource_limit,global experiment wall-clock budget exhausted
width256__36_add256_err_0.039444_size_2366_depth_31__ER__R5,256,36_add256_err_0.039444_size_2366_depth_31,ER__R5,R5,E,NOT_RUN_RESOURCE_LIMIT,0,,,,,,,resource_limit,global experiment wall-clock budget exhausted
width256__36_add256_err_0.039444_size_2366_depth_31__ER__R6,256,36_add256_err_0.039444_size_2366_depth_31,ER__R6,R6,E,NOT_RUN_RESOURCE_LIMIT,0,,,,,,,resource_limit,global experiment wall-clock budget exhausted
width256__36_add256_err_0.039444_size_2366_depth_31__ER__R7,256,36_add256_err_0.039444_size_2366_depth_31,ER__R7,R7,E,NOT_RUN_RESOURCE_LIMIT,0,,,,,,,resource_limit,global experiment wall-clock budget exhausted
width256__36_add256_err_0.039444_size_2366_depth_31__ER__R8,256,36_add256_err_0.039444_size_2366_depth_31,ER__R8,R8,E,NOT_RUN_RESOURCE_LIMIT,0,,,,,,,resource_limit,global experiment wall-clock budget exhausted
width256__36_add256_err_0.039444_size_2366_depth_31__ER__R9,256,36_add256_err_0.039444_size_2366_depth_31,ER__R9,R9,E,NOT_RUN_RESOURCE_LIMIT,0,,,,,,,resource_limit,global experiment wall-clock budget exhausted
width256__36_add256_err_0.039444_size_2366_depth_31__MED__D0,256,36_add256_err_0.039444_size_2366_depth_31,MED__D0,D0,E,NOT_RUN_RESOURCE_LIMIT,0,,,,,,,resource_limit,global experiment wall-clock budget exhausted
width256__36_add256_err_0.039444_size_2366_depth_31__MED__D1,256,36_add256_err_0.039444_size_2366_depth_31,MED__D1,D1,E,NOT_RUN_RESOURCE_LIMIT,0,,,,,,,resource_limit,global experiment wall-clock budget exhausted
width256__36_add256_err_0.039444_size_2366_depth_31__MED__D2,256,36_add256_err_0.039444_size_2366_depth_31,MED__D2,D2,E,NOT_RUN_RESOURCE_LIMIT,0,,,,,,,resource_limit,global experiment wall-clock budget exhausted
width256__36_add256_err_0.039444_size_2366_depth_31__MED__D3,256,36_add256_err_0.039444_size_2366_depth_31,MED__D3,D3,E,NOT_RUN_RESOURCE_LIMIT,0,,,,,,,resource_limit,global experiment wall-clock budget exhausted
width256__36_add256_err_0.039444_size_2366_depth_31__MED__D4,256,36_add256_err_0.039444_size_2366_depth_31,MED__D4,D4,E,NOT_RUN_RESOURCE_LIMIT,0,,,,,,,resource_limit,global experiment wall-clock budget exhausted
width256__36_add256_err_0.039444_size_2366_depth_31__MED__D5,256,36_add256_err_0.039444_size_2366_depth_31,MED__D5,D5,E,NOT_RUN_RESOURCE_LIMIT,0,,,,,,,resource_limit,global experiment wall-clock budget exhausted
width256__36_add256_err_0.039444_size_2366_depth_31__compile_ER,256,36_add256_err_0.039444_size_2366_depth_31,compile_ER,,E,NOT_RUN_RESOURCE_LIMIT,0,,,,,,,resource_limit,global experiment wall-clock budget exhausted
width256__36_add256_err_0.039444_size_2366_depth_31__compile_MED,256,36_add256_err_0.039444_size_2366_depth_31,compile_MED,,E,NOT_RUN_RESOURCE_LIMIT,0,,,,,,,resource_limit,global experiment wall-clock budget exhausted
width256__36_add256_err_0.039444_size_2366_depth_31__timing_K16,256,36_add256_err_0.039444_size_2366_depth_31,timing_K16,,E,NOT_RUN_RESOURCE_LIMIT,0,,,,,,,resource_limit,global experiment wall-clock budget exhausted
width256__36_add256_err_0.039444_size_2366_depth_31__timing_K64,256,36_add256_err_0.039444_size_2366_depth_31,timing_K64,,E,NOT_RUN_RESOURCE_LIMIT,0,,,,,,,resource_limit,global experiment wall-clock budget exhausted
width256__3_add256_err_0_size_2601_depth_31__ER__D0,256,3_add256_err_0_size_2601_depth_31,ER__D0,D0,E,NOT_RUN_RESOURCE_LIMIT,0,,,,,,,resource_limit,global experiment wall-clock budget exhausted
width256__3_add256_err_0_size_2601_depth_31__ER__D1,256,3_add256_err_0_size_2601_depth_31,ER__D1,D1,E,NOT_RUN_RESOURCE_LIMIT,0,,,,,,,resource_limit,global experiment wall-clock budget exhausted
width256__3_add256_err_0_size_2601_depth_31__ER__D2,256,3_add256_err_0_size_2601_depth_31,ER__D2,D2,E,NOT_RUN_RESOURCE_LIMIT,0,,,,,,,resource_limit,global experiment wall-clock budget exhausted
width256__3_add256_err_0_size_2601_depth_31__ER__D3,256,3_add256_err_0_size_2601_depth_31,ER__D3,D3,E,NOT_RUN_RESOURCE_LIMIT,0,,,,,,,resource_limit,global experiment wall-clock budget exhausted
width256__3_add256_err_0_size_2601_depth_31__ER__D4,256,3_add256_err_0_size_2601_depth_31,ER__D4,D4,E,NOT_RUN_RESOURCE_LIMIT,0,,,,,,,resource_limit,global experiment wall-clock budget exhausted
width256__3_add256_err_0_size_2601_depth_31__ER__D5,256,3_add256_err_0_size_2601_depth_31,ER__D5,D5,E,NOT_RUN_RESOURCE_LIMIT,0,,,,,,,resource_limit,global experiment wall-clock budget exhausted
width256__3_add256_err_0_size_2601_depth_31__ER__R0,256,3_add256_err_0_size_2601_depth_31,ER__R0,R0,E,NOT_RUN_RESOURCE_LIMIT,0,,,,,,,resource_limit,global experiment wall-clock budget exhausted
width256__3_add256_err_0_size_2601_depth_31__ER__R1,256,3_add256_err_0_size_2601_depth_31,ER__R1,R1,E,NOT_RUN_RESOURCE_LIMIT,0,,,,,,,resource_limit,global experiment wall-clock budget exhausted
width256__3_add256_err_0_size_2601_depth_31__ER__R2,256,3_add256_err_0_size_2601_depth_31,ER__R2,R2,E,NOT_RUN_RESOURCE_LIMIT,0,,,,,,,resource_limit,global experiment wall-clock budget exhausted
width256__3_add256_err_0_size_2601_depth_31__ER__R3,256,3_add256_err_0_size_2601_depth_31,ER__R3,R3,E,NOT_RUN_RESOURCE_LIMIT,0,,,,,,,resource_limit,global experiment wall-clock budget exhausted
width256__3_add256_err_0_size_2601_depth_31__ER__R4,256,3_add256_err_0_size_2601_depth_31,ER__R4,R4,E,NOT_RUN_RESOURCE_LIMIT,0,,,,,,,resource_limit,global experiment wall-clock budget exhausted
width256__3_add256_err_0_size_2601_depth_31__ER__R5,256,3_add256_err_0_size_2601_depth_31,ER__R5,R5,E,NOT_RUN_RESOURCE_LIMIT,0,,,,,,,resource_limit,global experiment wall-clock budget exhausted
width256__3_add256_err_0_size_2601_depth_31__ER__R6,256,3_add256_err_0_size_2601_depth_31,ER__R6,R6,E,NOT_RUN_RESOURCE_LIMIT,0,,,,,,,resource_limit,global experiment wall-clock budget exhausted
width256__3_add256_err_0_size_2601_depth_31__ER__R7,256,3_add256_err_0_size_2601_depth_31,ER__R7,R7,E,NOT_RUN_RESOURCE_LIMIT,0,,,,,,,resource_limit,global experiment wall-clock budget exhausted
width256__3_add256_err_0_size_2601_depth_31__ER__R8,256,3_add256_err_0_size_2601_depth_31,ER__R8,R8,E,NOT_RUN_RESOURCE_LIMIT,0,,,,,,,resource_limit,global experiment wall-clock budget exhausted
width256__3_add256_err_0_size_2601_depth_31__ER__R9,256,3_add256_err_0_size_2601_depth_31,ER__R9,R9,E,NOT_RUN_RESOURCE_LIMIT,0,,,,,,,resource_limit,global experiment wall-clock budget exhausted
width256__3_add256_err_0_size_2601_depth_31__MED__D0,256,3_add256_err_0_size_2601_depth_31,MED__D0,D0,E,NOT_RUN_RESOURCE_LIMIT,0,,,,,,,resource_limit,global experiment wall-clock budget exhausted
width256__3_add256_err_0_size_2601_depth_31__MED__D1,256,3_add256_err_0_size_2601_depth_31,MED__D1,D1,E,NOT_RUN_RESOURCE_LIMIT,0,,,,,,,resource_limit,global experiment wall-clock budget exhausted
width256__3_add256_err_0_size_2601_depth_31__MED__D2,256,3_add256_err_0_size_2601_depth_31,MED__D2,D2,E,NOT_RUN_RESOURCE_LIMIT,0,,,,,,,resource_limit,global experiment wall-clock budget exhausted
width256__3_add256_err_0_size_2601_depth_31__MED__D3,256,3_add256_err_0_size_2601_depth_31,MED__D3,D3,E,NOT_RUN_RESOURCE_LIMIT,0,,,,,,,resource_limit,global experiment wall-clock budget exhausted
width256__3_add256_err_0_size_2601_depth_31__MED__D4,256,3_add256_err_0_size_2601_depth_31,MED__D4,D4,E,NOT_RUN_RESOURCE_LIMIT,0,,,,,,,resource_limit,global experiment wall-clock budget exhausted
width256__3_add256_err_0_size_2601_depth_31__MED__D5,256,3_add256_err_0_size_2601_depth_31,MED__D5,D5,E,NOT_RUN_RESOURCE_LIMIT,0,,,,,,,resource_limit,global experiment wall-clock budget exhausted
width256__3_add256_err_0_size_2601_depth_31__compile_ER,256,3_add256_err_0_size_2601_depth_31,compile_ER,,E,NOT_RUN_RESOURCE_LIMIT,0,,,,,,,resource_limit,global experiment wall-clock budget exhausted
width256__3_add256_err_0_size_2601_depth_31__compile_MED,256,3_add256_err_0_size_2601_depth_31,compile_MED,,E,NOT_RUN_RESOURCE_LIMIT,0,,,,,,,resource_limit,global experiment wall-clock budget exhausted
width256__3_add256_err_0_size_2601_depth_31__timing_K16,256,3_add256_err_0_size_2601_depth_31,timing_K16,,E,NOT_RUN_RESOURCE_LIMIT,0,,,,,,,resource_limit,global experiment wall-clock budget exhausted
width256__3_add256_err_0_size_2601_depth_31__timing_K64,256,3_add256_err_0_size_2601_depth_31,timing_K64,,E,NOT_RUN_RESOURCE_LIMIT,0,,,,,,,resource_limit,global experiment wall-clock budget exhausted
width256__5_add256_err_0_size_2581_depth_31__ER__D0,256,5_add256_err_0_size_2581_depth_31,ER__D0,D0,E,NOT_RUN_RESOURCE_LIMIT,0,,,,,,,resource_limit,global experiment wall-clock budget exhausted
width256__5_add256_err_0_size_2581_depth_31__ER__D1,256,5_add256_err_0_size_2581_depth_31,ER__D1,D1,E,NOT_RUN_RESOURCE_LIMIT,0,,,,,,,resource_limit,global experiment wall-clock budget exhausted
width256__5_add256_err_0_size_2581_depth_31__ER__D2,256,5_add256_err_0_size_2581_depth_31,ER__D2,D2,E,NOT_RUN_RESOURCE_LIMIT,0,,,,,,,resource_limit,global experiment wall-clock budget exhausted
width256__5_add256_err_0_size_2581_depth_31__ER__D3,256,5_add256_err_0_size_2581_depth_31,ER__D3,D3,E,NOT_RUN_RESOURCE_LIMIT,0,,,,,,,resource_limit,global experiment wall-clock budget exhausted
width256__5_add256_err_0_size_2581_depth_31__ER__D4,256,5_add256_err_0_size_2581_depth_31,ER__D4,D4,E,NOT_RUN_RESOURCE_LIMIT,0,,,,,,,resource_limit,global experiment wall-clock budget exhausted
width256__5_add256_err_0_size_2581_depth_31__ER__D5,256,5_add256_err_0_size_2581_depth_31,ER__D5,D5,E,NOT_RUN_RESOURCE_LIMIT,0,,,,,,,resource_limit,global experiment wall-clock budget exhausted
width256__5_add256_err_0_size_2581_depth_31__ER__R0,256,5_add256_err_0_size_2581_depth_31,ER__R0,R0,E,NOT_RUN_RESOURCE_LIMIT,0,,,,,,,resource_limit,global experiment wall-clock budget exhausted
width256__5_add256_err_0_size_2581_depth_31__ER__R1,256,5_add256_err_0_size_2581_depth_31,ER__R1,R1,E,NOT_RUN_RESOURCE_LIMIT,0,,,,,,,resource_limit,global experiment wall-clock budget exhausted
width256__5_add256_err_0_size_2581_depth_31__ER__R2,256,5_add256_err_0_size_2581_depth_31,ER__R2,R2,E,NOT_RUN_RESOURCE_LIMIT,0,,,,,,,resource_limit,global experiment wall-clock budget exhausted
width256__5_add256_err_0_size_2581_depth_31__ER__R3,256,5_add256_err_0_size_2581_depth_31,ER__R3,R3,E,NOT_RUN_RESOURCE_LIMIT,0,,,,,,,resource_limit,global experiment wall-clock budget exhausted
width256__5_add256_err_0_size_2581_depth_31__ER__R4,256,5_add256_err_0_size_2581_depth_31,ER__R4,R4,E,NOT_RUN_RESOURCE_LIMIT,0,,,,,,,resource_limit,global experiment wall-clock budget exhausted
width256__5_add256_err_0_size_2581_depth_31__ER__R5,256,5_add256_err_0_size_2581_depth_31,ER__R5,R5,E,NOT_RUN_RESOURCE_LIMIT,0,,,,,,,resource_limit,global experiment wall-clock budget exhausted
width256__5_add256_err_0_size_2581_depth_31__ER__R6,256,5_add256_err_0_size_2581_depth_31,ER__R6,R6,E,NOT_RUN_RESOURCE_LIMIT,0,,,,,,,resource_limit,global experiment wall-clock budget exhausted
width256__5_add256_err_0_size_2581_depth_31__ER__R7,256,5_add256_err_0_size_2581_depth_31,ER__R7,R7,E,NOT_RUN_RESOURCE_LIMIT,0,,,,,,,resource_limit,global experiment wall-clock budget exhausted
width256__5_add256_err_0_size_2581_depth_31__ER__R8,256,5_add256_err_0_size_2581_depth_31,ER__R8,R8,E,NOT_RUN_RESOURCE_LIMIT,0,,,,,,,resource_limit,global experiment wall-clock budget exhausted
width256__5_add256_err_0_size_2581_depth_31__ER__R9,256,5_add256_err_0_size_2581_depth_31,ER__R9,R9,E,NOT_RUN_RESOURCE_LIMIT,0,,,,,,,resource_limit,global experiment wall-clock budget exhausted
width256__5_add256_err_0_size_2581_depth_31__MED__D0,256,5_add256_err_0_size_2581_depth_31,MED__D0,D0,E,NOT_RUN_RESOURCE_LIMIT,0,,,,,,,resource_limit,global experiment wall-clock budget exhausted
width256__5_add256_err_0_size_2581_depth_31__MED__D1,256,5_add256_err_0_size_2581_depth_31,MED__D1,D1,E,NOT_RUN_RESOURCE_LIMIT,0,,,,,,,resource_limit,global experiment wall-clock budget exhausted
width256__5_add256_err_0_size_2581_depth_31__MED__D2,256,5_add256_err_0_size_2581_depth_31,MED__D2,D2,E,NOT_RUN_RESOURCE_LIMIT,0,,,,,,,resource_limit,global experiment wall-clock budget exhausted
width256__5_add256_err_0_size_2581_depth_31__MED__D3,256,5_add256_err_0_size_2581_depth_31,MED__D3,D3,E,NOT_RUN_RESOURCE_LIMIT,0,,,,,,,resource_limit,global experiment wall-clock budget exhausted
width256__5_add256_err_0_size_2581_depth_31__MED__D4,256,5_add256_err_0_size_2581_depth_31,MED__D4,D4,E,NOT_RUN_RESOURCE_LIMIT,0,,,,,,,resource_limit,global experiment wall-clock budget exhausted
width256__5_add256_err_0_size_2581_depth_31__MED__D5,256,5_add256_err_0_size_2581_depth_31,MED__D5,D5,E,NOT_RUN_RESOURCE_LIMIT,0,,,,,,,resource_limit,global experiment wall-clock budget exhausted
width256__5_add256_err_0_size_2581_depth_31__compile_ER,256,5_add256_err_0_size_2581_depth_31,compile_ER,,E,NOT_RUN_RESOURCE_LIMIT,0,,,,,,,resource_limit,global experiment wall-clock budget exhausted
width256__5_add256_err_0_size_2581_depth_31__compile_MED,256,5_add256_err_0_size_2581_depth_31,compile_MED,,E,NOT_RUN_RESOURCE_LIMIT,0,,,,,,,resource_limit,global experiment wall-clock budget exhausted
width256__5_add256_err_0_size_2581_depth_31__timing_K16,256,5_add256_err_0_size_2581_depth_31,timing_K16,,E,NOT_RUN_RESOURCE_LIMIT,0,,,,,,,resource_limit,global experiment wall-clock budget exhausted
width256__5_add256_err_0_size_2581_depth_31__timing_K64,256,5_add256_err_0_size_2581_depth_31,timing_K64,,E,NOT_RUN_RESOURCE_LIMIT,0,,,,,,,resource_limit,global experiment wall-clock budget exhausted
width32__10_add32_err_0.197418_size_259_depth_14__ER__D0,32,10_add32_err_0.197418_size_259_depth_14,ER__D0,D0,A,PASS,1,2026-10-03T22:17:25,2026-10-03T22:17:25,0.363,experiments/formal/results/width32__10_add32_err_0.197418_size_259_depth_14__ER__D0.json,8ebda6ad4785aed731ecee59f5d4e2d80d12a4c3501329daa2bcaf0126180bb6,,,
width32__10_add32_err_0.197418_size_259_depth_14__ER__D1,32,10_add32_err_0.197418_size_259_depth_14,ER__D1,D1,A,PASS,1,2026-10-03T22:17:25,2026-10-03T22:17:26,0.346,experiments/formal/results/width32__10_add32_err_0.197418_size_259_depth_14__ER__D1.json,fa7694b77b56ba35a373592b7cd3a00bd14a430af9a9931e9307f1b1f6adc095,,,
width32__10_add32_err_0.197418_size_259_depth_14__ER__D2,32,10_add32_err_0.197418_size_259_depth_14,ER__D2,D2,A,PASS,1,2026-10-03T22:17:26,2026-10-03T22:17:26,0.345,experiments/formal/results/width32__10_add32_err_0.197418_size_259_depth_14__ER__D2.json,9dc7d42319bd0cd47dc37ddb1380f5373d66f281d1d7a338007d97f760207b87,,,
width32__10_add32_err_0.197418_size_259_depth_14__ER__D3,32,10_add32_err_0.197418_size_259_depth_14,ER__D3,D3,A,PASS,1,2026-10-03T22:17:26,2026-10-03T22:17:26,0.348,experiments/formal/results/width32__10_add32_err_0.197418_size_259_depth_14__ER__D3.json,49267e6ab39df52468b6414b88bb4563221b68d74a1df9848fe27f6dd33bc626,,,
width32__10_add32_err_0.197418_size_259_depth_14__ER__D4,32,10_add32_err_0.197418_size_259_depth_14,ER__D4,D4,A,PASS,1,2026-10-03T22:17:26,2026-10-03T22:17:27,0.362,experiments/formal/results/width32__10_add32_err_0.197418_size_259_depth_14__ER__D4.json,e98c3e73f1830823ab21a4127116cf6463e1b0837802fc805fab4755eaf5c6a2,,,
width32__10_add32_err_0.197418_size_259_depth_14__ER__D5,32,10_add32_err_0.197418_size_259_depth_14,ER__D5,D5,A,PASS,1,2026-10-03T22:17:27,2026-10-03T22:17:27,0.365,experiments/formal/results/width32__10_add32_err_0.197418_size_259_depth_14__ER__D5.json,5156bf208f270b909189a3b87792c7f5acc4550b80fbfa895fec20e41208af93,,,
width32__10_add32_err_0.197418_size_259_depth_14__ER__R0,32,10_add32_err_0.197418_size_259_depth_14,ER__R0,R0,A,PASS,1,2026-10-03T22:17:27,2026-10-03T22:17:27,0.349,experiments/formal/results/width32__10_add32_err_0.197418_size_259_depth_14__ER__R0.json,204ed09a9128bc7e45904ea0c3d12f5fd46ceabcc40796ef4a9df33dc60b5e01,,,
width32__10_add32_err_0.197418_size_259_depth_14__ER__R1,32,10_add32_err_0.197418_size_259_depth_14,ER__R1,R1,A,PASS,1,2026-10-03T22:17:28,2026-10-03T22:17:28,0.374,experiments/formal/results/width32__10_add32_err_0.197418_size_259_depth_14__ER__R1.json,22a5c90645798a37eb728856f03e37a8f3dcec6adae641fe3e25ffa9d8cddfbe,,,
width32__10_add32_err_0.197418_size_259_depth_14__ER__R2,32,10_add32_err_0.197418_size_259_depth_14,ER__R2,R2,A,PASS,1,2026-10-03T22:17:28,2026-10-03T22:17:28,0.359,experiments/formal/results/width32__10_add32_err_0.197418_size_259_depth_14__ER__R2.json,cde91762457be79c5dfce06ba26019f1801b306f5c9c43fbbe1ecda776ad9b93,,,
width32__10_add32_err_0.197418_size_259_depth_14__ER__R3,32,10_add32_err_0.197418_size_259_depth_14,ER__R3,R3,A,PASS,1,2026-10-03T22:17:28,2026-10-03T22:17:29,0.358,experiments/formal/results/width32__10_add32_err_0.197418_size_259_depth_14__ER__R3.json,b83812a5f23c8e0eb4fbd624802d61e6e5ddfecfe11d62606dc8606cb7833dac,,,
width32__10_add32_err_0.197418_size_259_depth_14__ER__R4,32,10_add32_err_0.197418_size_259_depth_14,ER__R4,R4,A,PASS,1,2026-10-03T22:17:29,2026-10-03T22:17:29,0.339,experiments/formal/results/width32__10_add32_err_0.197418_size_259_depth_14__ER__R4.json,a60caf5bdc585110e0c14660cfc7035521e2337d989b01a4129bba57602358b0,,,
width32__10_add32_err_0.197418_size_259_depth_14__ER__R5,32,10_add32_err_0.197418_size_259_depth_14,ER__R5,R5,A,PASS,1,2026-10-03T22:17:29,2026-10-03T22:17:29,0.352,experiments/formal/results/width32__10_add32_err_0.197418_size_259_depth_14__ER__R5.json,995b56cf3fbd4eee43e62e0db42301d82ccf5ee08893d0fb071c5808ba1f694a,,,
width32__10_add32_err_0.197418_size_259_depth_14__ER__R6,32,10_add32_err_0.197418_size_259_depth_14,ER__R6,R6,A,PASS,1,2026-10-03T22:17:29,2026-10-03T22:17:30,0.349,experiments/formal/results/width32__10_add32_err_0.197418_size_259_depth_14__ER__R6.json,51f90bedf6f2fa41dcfda050b1f3bc9ace11803ce8c834b1d0e424d77fd2c0f3,,,
width32__10_add32_err_0.197418_size_259_depth_14__ER__R7,32,10_add32_err_0.197418_size_259_depth_14,ER__R7,R7,A,PASS,1,2026-10-03T22:17:30,2026-10-03T22:17:30,0.354,experiments/formal/results/width32__10_add32_err_0.197418_size_259_depth_14__ER__R7.json,e4984a5bba2084e4a0164f10fadc139ec208572ab772086c0959c48cb3a447b0,,,
width32__10_add32_err_0.197418_size_259_depth_14__ER__R8,32,10_add32_err_0.197418_size_259_depth_14,ER__R8,R8,A,PASS,1,2026-10-03T22:17:30,2026-10-03T22:17:31,0.344,experiments/formal/results/width32__10_add32_err_0.197418_size_259_depth_14__ER__R8.json,c508cc6b3b9bdbc3ca1d995321287a9591eebe5910b3a9399062f9356fbf2b6b,,,
width32__10_add32_err_0.197418_size_259_depth_14__ER__R9,32,10_add32_err_0.197418_size_259_depth_14,ER__R9,R9,A,PASS,1,2026-10-03T22:17:31,2026-10-03T22:17:31,0.347,experiments/formal/results/width32__10_add32_err_0.197418_size_259_depth_14__ER__R9.json,6b7612f909798040aa701f78eda5e9e1a94465f4a0aac9fbb6eb88693aea4d0c,,,
width32__10_add32_err_0.197418_size_259_depth_14__MED__D0,32,10_add32_err_0.197418_size_259_depth_14,MED__D0,D0,A,PASS,1,2026-10-03T22:17:49,2026-10-03T22:17:54,5.768,experiments/formal/results/width32__10_add32_err_0.197418_size_259_depth_14__MED__D0.json,c3e3f091834f496f4199d06560625a12698fe3c362186fc2403b4a4850f6539a,,,
width32__10_add32_err_0.197418_size_259_depth_14__MED__D1,32,10_add32_err_0.197418_size_259_depth_14,MED__D1,D1,A,PASS,1,2026-10-03T22:17:54,2026-10-03T22:18:00,5.617,experiments/formal/results/width32__10_add32_err_0.197418_size_259_depth_14__MED__D1.json,9e729c766a8dee779619bb9f1538866bf266599432ce6f172c19104679292916,,,
width32__10_add32_err_0.197418_size_259_depth_14__MED__D2,32,10_add32_err_0.197418_size_259_depth_14,MED__D2,D2,A,PASS,1,2026-10-03T22:18:00,2026-10-03T22:18:06,5.633,experiments/formal/results/width32__10_add32_err_0.197418_size_259_depth_14__MED__D2.json,06a57d8ae12eab75aaf890f51f547a620e02cfd003854dba13717b18a91bdb07,,,
width32__10_add32_err_0.197418_size_259_depth_14__MED__D3,32,10_add32_err_0.197418_size_259_depth_14,MED__D3,D3,A,PASS,1,2026-10-03T22:18:06,2026-10-03T22:18:11,5.579,experiments/formal/results/width32__10_add32_err_0.197418_size_259_depth_14__MED__D3.json,0695c15950e8dd269169f18af3f91106b0c67efabf012055ea5f8b2dbb5630b9,,,
width32__10_add32_err_0.197418_size_259_depth_14__MED__D4,32,10_add32_err_0.197418_size_259_depth_14,MED__D4,D4,A,PASS,1,2026-10-03T22:18:11,2026-10-03T22:18:17,5.817,experiments/formal/results/width32__10_add32_err_0.197418_size_259_depth_14__MED__D4.json,ff4a01e3280ec571c21071ff29384280a88f9094b707f01776670e2d0a72a851,,,
width32__10_add32_err_0.197418_size_259_depth_14__MED__D5,32,10_add32_err_0.197418_size_259_depth_14,MED__D5,D5,A,PASS,1,2026-10-03T22:18:17,2026-10-03T22:18:23,5.586,experiments/formal/results/width32__10_add32_err_0.197418_size_259_depth_14__MED__D5.json,30b693b675c75a4f45ef7cae612c871497f1915ea9fbe9995214a543d51e9d1a,,,
width32__10_add32_err_0.197418_size_259_depth_14__compile_ER,32,10_add32_err_0.197418_size_259_depth_14,compile_ER,None,A,PASS,1,2026-10-03T22:17:22,2026-10-03T22:17:25,2.588,experiments/formal/results/width32__10_add32_err_0.197418_size_259_depth_14__compile_ER.json,fa7d445f05e571f97d272f049993d7414356a6536a92b08d4575acab1ac5e39d,,,
width32__10_add32_err_0.197418_size_259_depth_14__compile_MED,32,10_add32_err_0.197418_size_259_depth_14,compile_MED,None,A,PASS,1,2026-10-03T22:17:31,2026-10-03T22:17:49,17.592,experiments/formal/results/width32__10_add32_err_0.197418_size_259_depth_14__compile_MED.json,cd64912893a6d773e6b7984e38dd2fb078f556401084c548e2b0684b38d43cb4,,,
width32__10_add32_err_0.197418_size_259_depth_14__timing_K16,32,10_add32_err_0.197418_size_259_depth_14,timing_K16,None,A,PASS,1,2026-10-03T22:18:23,2026-10-03T22:18:31,8.121,experiments/formal/results/width32__10_add32_err_0.197418_size_259_depth_14__timing_K16.json,5d64d2642957044f5927337937b1a621c0c9bfbd2c043b02ba030d14fb69a4c4,,,
width32__10_add32_err_0.197418_size_259_depth_14__timing_K64,32,10_add32_err_0.197418_size_259_depth_14,timing_K64,None,A,PASS,1,2026-10-03T22:18:31,2026-10-03T22:18:55,24.226,experiments/formal/results/width32__10_add32_err_0.197418_size_259_depth_14__timing_K64.json,974b5c9b715e07ca15761c28a6924a1c368f80441b2aa5cb74ba3872d414e69f,,,
width32__11_add32_err_0.223526_size_257_depth_14__ER__D0,32,11_add32_err_0.223526_size_257_depth_14,ER__D0,D0,A,PASS,1,2026-10-03T22:18:56,2026-10-03T22:18:57,0.328,experiments/formal/results/width32__11_add32_err_0.223526_size_257_depth_14__ER__D0.json,6814771e900fd4a43865cf4acd32c9843d2e188b45b494ee0d8557eb5493317d,,,
width32__11_add32_err_0.223526_size_257_depth_14__ER__D1,32,11_add32_err_0.223526_size_257_depth_14,ER__D1,D1,A,PASS,1,2026-10-03T22:18:57,2026-10-03T22:18:57,0.326,experiments/formal/results/width32__11_add32_err_0.223526_size_257_depth_14__ER__D1.json,13743b84cd609a0f8fd8af01ff03ffc2b6aa1354b9a18aef1555ca99d39e03d4,,,
width32__11_add32_err_0.223526_size_257_depth_14__ER__D2,32,11_add32_err_0.223526_size_257_depth_14,ER__D2,D2,A,PASS,1,2026-10-03T22:18:57,2026-10-03T22:18:58,0.333,experiments/formal/results/width32__11_add32_err_0.223526_size_257_depth_14__ER__D2.json,9eecfe2f9342052120d302d71be4cb9b0fda482df8e9f43bd42b3afa6b6c6a1e,,,
width32__11_add32_err_0.223526_size_257_depth_14__ER__D3,32,11_add32_err_0.223526_size_257_depth_14,ER__D3,D3,A,PASS,1,2026-10-03T22:18:58,2026-10-03T22:18:58,0.325,experiments/formal/results/width32__11_add32_err_0.223526_size_257_depth_14__ER__D3.json,398cd7ddb2ad580d8a28662f93d6526ead4b2ffe030ec1a1bf5d9123fdd57add,,,
width32__11_add32_err_0.223526_size_257_depth_14__ER__D4,32,11_add32_err_0.223526_size_257_depth_14,ER__D4,D4,A,PASS,1,2026-10-03T22:18:58,2026-10-03T22:18:58,0.319,experiments/formal/results/width32__11_add32_err_0.223526_size_257_depth_14__ER__D4.json,caf5d6d3389ab5138658d6607c702c2bd16513b6886ffdc69c6ed5133f09e822,,,
width32__11_add32_err_0.223526_size_257_depth_14__ER__D5,32,11_add32_err_0.223526_size_257_depth_14,ER__D5,D5,A,PASS,1,2026-10-03T22:18:58,2026-10-03T22:18:59,0.317,experiments/formal/results/width32__11_add32_err_0.223526_size_257_depth_14__ER__D5.json,9d6b9558b1601315f9b53601a89281272141ecc205df6f7cd0468cbedfbc6f03,,,
width32__11_add32_err_0.223526_size_257_depth_14__ER__R0,32,11_add32_err_0.223526_size_257_depth_14,ER__R0,R0,A,PASS,1,2026-10-03T22:18:59,2026-10-03T22:18:59,0.32,experiments/formal/results/width32__11_add32_err_0.223526_size_257_depth_14__ER__R0.json,45969430209ba102c6f86463ddfe02ae440a4eba9bb4c69311268ac31708d96d,,,
width32__11_add32_err_0.223526_size_257_depth_14__ER__R1,32,11_add32_err_0.223526_size_257_depth_14,ER__R1,R1,A,PASS,1,2026-10-03T22:18:59,2026-10-03T22:18:59,0.399,experiments/formal/results/width32__11_add32_err_0.223526_size_257_depth_14__ER__R1.json,6adcae8d04ac157b3701e32f76731a27b7078b7863e47193e0f15b2f2b0937d4,,,
width32__11_add32_err_0.223526_size_257_depth_14__ER__R2,32,11_add32_err_0.223526_size_257_depth_14,ER__R2,R2,A,PASS,1,2026-10-03T22:18:59,2026-10-03T22:19:00,0.373,experiments/formal/results/width32__11_add32_err_0.223526_size_257_depth_14__ER__R2.json,e1b56f74bd1fd5828f062488815db4bea81c852b15e2908231ed88e0afd0cb51,,,
width32__11_add32_err_0.223526_size_257_depth_14__ER__R3,32,11_add32_err_0.223526_size_257_depth_14,ER__R3,R3,A,PASS,1,2026-10-03T22:19:00,2026-10-03T22:19:00,0.328,experiments/formal/results/width32__11_add32_err_0.223526_size_257_depth_14__ER__R3.json,c1b42a993bb0302b1df99cf31955c84cdbd998e84a69eb305325c014c3a64445,,,
width32__11_add32_err_0.223526_size_257_depth_14__ER__R4,32,11_add32_err_0.223526_size_257_depth_14,ER__R4,R4,A,PASS,1,2026-10-03T22:19:00,2026-10-03T22:19:00,0.328,experiments/formal/results/width32__11_add32_err_0.223526_size_257_depth_14__ER__R4.json,e3b689ad6e702059ed6ec354a460535cef11253bd9a26368303651d2bd983032,,,
width32__11_add32_err_0.223526_size_257_depth_14__ER__R5,32,11_add32_err_0.223526_size_257_depth_14,ER__R5,R5,A,PASS,1,2026-10-03T22:19:00,2026-10-03T22:19:01,0.338,experiments/formal/results/width32__11_add32_err_0.223526_size_257_depth_14__ER__R5.json,deed94d0c1ad2a0c15b7aaca2077baab55ff031edbe8bc3397dc14e7da700940,,,
width32__11_add32_err_0.223526_size_257_depth_14__ER__R6,32,11_add32_err_0.223526_size_257_depth_14,ER__R6,R6,A,PASS,1,2026-10-03T22:19:01,2026-10-03T22:19:01,0.34,experiments/formal/results/width32__11_add32_err_0.223526_size_257_depth_14__ER__R6.json,022c3fe60f9661b8b817c3613c5c762ec6d71270ada4fd7e5060504fca66d392,,,
width32__11_add32_err_0.223526_size_257_depth_14__ER__R7,32,11_add32_err_0.223526_size_257_depth_14,ER__R7,R7,A,PASS,1,2026-10-03T22:19:01,2026-10-03T22:19:02,0.362,experiments/formal/results/width32__11_add32_err_0.223526_size_257_depth_14__ER__R7.json,a48c3de29bb6b1fccd2f9b8ec44041c655e6150749180e46fce5dfdc2eee1d6a,,,
width32__11_add32_err_0.223526_size_257_depth_14__ER__R8,32,11_add32_err_0.223526_size_257_depth_14,ER__R8,R8,A,PASS,1,2026-10-03T22:19:02,2026-10-03T22:19:02,0.32,experiments/formal/results/width32__11_add32_err_0.223526_size_257_depth_14__ER__R8.json,57f2f9349117e8b94d826efbd36dbb3be9003c782f521242f3521315a0a3c829,,,
width32__11_add32_err_0.223526_size_257_depth_14__ER__R9,32,11_add32_err_0.223526_size_257_depth_14,ER__R9,R9,A,PASS,1,2026-10-03T22:19:02,2026-10-03T22:19:02,0.333,experiments/formal/results/width32__11_add32_err_0.223526_size_257_depth_14__ER__R9.json,39b22f148c34a2969925be5b9191ef5da2cfe3910ea71ad16debef41dcacbdb8,,,
width32__11_add32_err_0.223526_size_257_depth_14__MED__D0,32,11_add32_err_0.223526_size_257_depth_14,MED__D0,D0,A,PASS,1,2026-10-03T22:19:24,2026-10-03T22:19:30,6.502,experiments/formal/results/width32__11_add32_err_0.223526_size_257_depth_14__MED__D0.json,36f2fb1bd214019326c731bc820d0fc99d154ad65c1c1db88df1c1653fab107c,,,
width32__11_add32_err_0.223526_size_257_depth_14__MED__D1,32,11_add32_err_0.223526_size_257_depth_14,MED__D1,D1,A,PASS,1,2026-10-03T22:19:30,2026-10-03T22:19:37,6.358,experiments/formal/results/width32__11_add32_err_0.223526_size_257_depth_14__MED__D1.json,600ebbf4af8764ca9b514678c52a6293ab5af81dabc08ca53f35fde78b1b24f7,,,
width32__11_add32_err_0.223526_size_257_depth_14__MED__D2,32,11_add32_err_0.223526_size_257_depth_14,MED__D2,D2,A,PASS,1,2026-10-03T22:19:37,2026-10-03T22:19:43,6.387,experiments/formal/results/width32__11_add32_err_0.223526_size_257_depth_14__MED__D2.json,15135466d9cae93f1be0c1f05c8cc5d1ac2209570c29a86771ab59e5ed50bd13,,,
width32__11_add32_err_0.223526_size_257_depth_14__MED__D3,32,11_add32_err_0.223526_size_257_depth_14,MED__D3,D3,A,PASS,1,2026-10-03T22:19:43,2026-10-03T22:19:49,6.285,experiments/formal/results/width32__11_add32_err_0.223526_size_257_depth_14__MED__D3.json,cd88914d5e2cf8ab1293d84e308323bcba206cf6f501333c86e48ac0925236df,,,
width32__11_add32_err_0.223526_size_257_depth_14__MED__D4,32,11_add32_err_0.223526_size_257_depth_14,MED__D4,D4,A,PASS,1,2026-10-03T22:19:49,2026-10-03T22:19:56,6.533,experiments/formal/results/width32__11_add32_err_0.223526_size_257_depth_14__MED__D4.json,8c4b602fc8dd7933e9bd276f1be261a074799ae639466968bfa9198d4b15ca65,,,
width32__11_add32_err_0.223526_size_257_depth_14__MED__D5,32,11_add32_err_0.223526_size_257_depth_14,MED__D5,D5,A,PASS,1,2026-10-03T22:19:56,2026-10-03T22:20:03,6.686,experiments/formal/results/width32__11_add32_err_0.223526_size_257_depth_14__MED__D5.json,368e4e74917fb6cd78a445713e723a7a46e0a9e60637d49ba8903efc41409091,,,
width32__11_add32_err_0.223526_size_257_depth_14__compile_ER,32,11_add32_err_0.223526_size_257_depth_14,compile_ER,None,A,PASS,1,2026-10-03T22:18:55,2026-10-03T22:18:56,1.27,experiments/formal/results/width32__11_add32_err_0.223526_size_257_depth_14__compile_ER.json,88bcae3fce92e9f11511fbf05e7a696be486e3815ba74e83382bbee9aff7676e,,,
width32__11_add32_err_0.223526_size_257_depth_14__compile_MED,32,11_add32_err_0.223526_size_257_depth_14,compile_MED,None,A,PASS,1,2026-10-03T22:19:02,2026-10-03T22:19:24,21.516,experiments/formal/results/width32__11_add32_err_0.223526_size_257_depth_14__compile_MED.json,9872bec3a5618da943e3da72cfe455ded988fc4b451837ed15466601c14d0a4f,,,
width32__11_add32_err_0.223526_size_257_depth_14__timing_K16,32,11_add32_err_0.223526_size_257_depth_14,timing_K16,None,A,PASS,1,2026-10-03T22:20:03,2026-10-03T22:20:09,6.603,experiments/formal/results/width32__11_add32_err_0.223526_size_257_depth_14__timing_K16.json,8ba880afe5edab837cac838180d898b12f2a0457c75375c03e788cd0cc2510ff,,,
width32__11_add32_err_0.223526_size_257_depth_14__timing_K64,32,11_add32_err_0.223526_size_257_depth_14,timing_K64,None,A,PASS,1,2026-10-03T22:20:09,2026-10-03T22:20:31,21.955,experiments/formal/results/width32__11_add32_err_0.223526_size_257_depth_14__timing_K64.json,15a001621178309a56743df27ccfe3c90ac4027cf26bbbd5973c78cc9fcb5492,,,
width32__12_add32_err_0.25061_size_254_depth_14__ER__D0,32,12_add32_err_0.25061_size_254_depth_14,ER__D0,D0,A,PASS,1,2026-10-03T22:20:33,2026-10-03T22:20:33,0.342,experiments/formal/results/width32__12_add32_err_0.25061_size_254_depth_14__ER__D0.json,780ca5fe0f179978f0cccb0066f27d3e63155206595e2caf7c98e3d0a502dc2c,,,
width32__12_add32_err_0.25061_size_254_depth_14__ER__D1,32,12_add32_err_0.25061_size_254_depth_14,ER__D1,D1,A,PASS,1,2026-10-03T22:20:33,2026-10-03T22:20:34,0.35,experiments/formal/results/width32__12_add32_err_0.25061_size_254_depth_14__ER__D1.json,29cfefb97ea1681c2c75d88829a24ef49a21408664aba6a2a30400b834ac8055,,,
width32__12_add32_err_0.25061_size_254_depth_14__ER__D2,32,12_add32_err_0.25061_size_254_depth_14,ER__D2,D2,A,PASS,1,2026-10-03T22:20:34,2026-10-03T22:20:34,0.341,experiments/formal/results/width32__12_add32_err_0.25061_size_254_depth_14__ER__D2.json,e37919784c202419cddce8141008b4e18df14e77595feead0aa31de999dd7e5c,,,
width32__12_add32_err_0.25061_size_254_depth_14__ER__D3,32,12_add32_err_0.25061_size_254_depth_14,ER__D3,D3,A,PASS,1,2026-10-03T22:20:34,2026-10-03T22:20:35,0.338,experiments/formal/results/width32__12_add32_err_0.25061_size_254_depth_14__ER__D3.json,2099299d9804e7a34471c021ebf0c57adcd2e6d1fc96e55274a3a922bed9b259,,,
width32__12_add32_err_0.25061_size_254_depth_14__ER__D4,32,12_add32_err_0.25061_size_254_depth_14,ER__D4,D4,A,PASS,1,2026-10-03T22:20:35,2026-10-03T22:20:35,0.346,experiments/formal/results/width32__12_add32_err_0.25061_size_254_depth_14__ER__D4.json,174c9e73d13f193769d53986bef8fbb7ae9ed420c44359993e0699a6ab23199b,,,
width32__12_add32_err_0.25061_size_254_depth_14__ER__D5,32,12_add32_err_0.25061_size_254_depth_14,ER__D5,D5,A,PASS,1,2026-10-03T22:20:35,2026-10-03T22:20:35,0.376,experiments/formal/results/width32__12_add32_err_0.25061_size_254_depth_14__ER__D5.json,52f6359726416fd73be4da5a2ed6f5c6fd97cacecef4518569a505bf8ef5d0c8,,,
width32__12_add32_err_0.25061_size_254_depth_14__ER__R0,32,12_add32_err_0.25061_size_254_depth_14,ER__R0,R0,A,PASS,1,2026-10-03T22:20:35,2026-10-03T22:20:36,0.346,experiments/formal/results/width32__12_add32_err_0.25061_size_254_depth_14__ER__R0.json,1f29d39f824d8585cf49eb4a427e0306d22a1e9ca119e93f1f0a5510ee2be8fa,,,
width32__12_add32_err_0.25061_size_254_depth_14__ER__R1,32,12_add32_err_0.25061_size_254_depth_14,ER__R1,R1,A,PASS,1,2026-10-03T22:20:36,2026-10-03T22:20:36,0.356,experiments/formal/results/width32__12_add32_err_0.25061_size_254_depth_14__ER__R1.json,723723a19f696c72988061f813cc763ff8daa9d0472284869195d2aa234bcdd5,,,
width32__12_add32_err_0.25061_size_254_depth_14__ER__R2,32,12_add32_err_0.25061_size_254_depth_14,ER__R2,R2,A,PASS,1,2026-10-03T22:20:36,2026-10-03T22:20:36,0.343,experiments/formal/results/width32__12_add32_err_0.25061_size_254_depth_14__ER__R2.json,b6068c485b0d05033e4d1a8645111436b96c9b6ab9a56547a0bed478f6e9ab63,,,
width32__12_add32_err_0.25061_size_254_depth_14__ER__R3,32,12_add32_err_0.25061_size_254_depth_14,ER__R3,R3,A,PASS,1,2026-10-03T22:20:36,2026-10-03T22:20:37,0.363,experiments/formal/results/width32__12_add32_err_0.25061_size_254_depth_14__ER__R3.json,ce3f0c0509630fb6b0e7a369ab882bf7a3f43eb6268b6a0cb27ee3e9930f638e,,,
width32__12_add32_err_0.25061_size_254_depth_14__ER__R4,32,12_add32_err_0.25061_size_254_depth_14,ER__R4,R4,A,PASS,1,2026-10-03T22:20:37,2026-10-03T22:20:37,0.336,experiments/formal/results/width32__12_add32_err_0.25061_size_254_depth_14__ER__R4.json,fe9e59eb9d2e99be58cbe877521b46b57f88e697fc443544c09f8de2ec763b9a,,,
width32__12_add32_err_0.25061_size_254_depth_14__ER__R5,32,12_add32_err_0.25061_size_254_depth_14,ER__R5,R5,A,PASS,1,2026-10-03T22:20:37,2026-10-03T22:20:38,0.336,experiments/formal/results/width32__12_add32_err_0.25061_size_254_depth_14__ER__R5.json,2dfcf3d47f10f6baeffbe4c8684a3491fa8a2adc8ba4c7c7d9a4f6d24d64e075,,,
width32__12_add32_err_0.25061_size_254_depth_14__ER__R6,32,12_add32_err_0.25061_size_254_depth_14,ER__R6,R6,A,PASS,1,2026-10-03T22:20:38,2026-10-03T22:20:38,0.35,experiments/formal/results/width32__12_add32_err_0.25061_size_254_depth_14__ER__R6.json,192e9487bcd8e6f22fbbe74dd57ea1f0949c17b4460ac59dc03cc85a6f0009aa,,,
width32__12_add32_err_0.25061_size_254_depth_14__ER__R7,32,12_add32_err_0.25061_size_254_depth_14,ER__R7,R7,A,PASS,1,2026-10-03T22:20:38,2026-10-03T22:20:38,0.341,experiments/formal/results/width32__12_add32_err_0.25061_size_254_depth_14__ER__R7.json,cfa04db4bfb615ef86431806694e24d4c912c97124a375e662e53218a17a332f,,,
width32__12_add32_err_0.25061_size_254_depth_14__ER__R8,32,12_add32_err_0.25061_size_254_depth_14,ER__R8,R8,A,PASS,1,2026-10-03T22:20:38,2026-10-03T22:20:39,0.343,experiments/formal/results/width32__12_add32_err_0.25061_size_254_depth_14__ER__R8.json,25fb526bc631d10bfc626b0f9893777af87d821e0f65ff6f5b7884c273032137,,,
width32__12_add32_err_0.25061_size_254_depth_14__ER__R9,32,12_add32_err_0.25061_size_254_depth_14,ER__R9,R9,A,PASS,1,2026-10-03T22:20:39,2026-10-03T22:20:39,0.36,experiments/formal/results/width32__12_add32_err_0.25061_size_254_depth_14__ER__R9.json,72d03dfe66f6133077b8b4ed76f3acf25c42733518e8766a47119dd0f4d5a7e3,,,
width32__12_add32_err_0.25061_size_254_depth_14__MED__D0,32,12_add32_err_0.25061_size_254_depth_14,MED__D0,D0,A,PASS,1,2026-10-03T22:21:03,2026-10-03T22:21:09,6.267,experiments/formal/results/width32__12_add32_err_0.25061_size_254_depth_14__MED__D0.json,b8fb6518c9467937d8156b791abe00fdac0365b2d7d4dfbd67baa0d8716f5f3c,,,
width32__12_add32_err_0.25061_size_254_depth_14__MED__D1,32,12_add32_err_0.25061_size_254_depth_14,MED__D1,D1,A,PASS,1,2026-10-03T22:21:09,2026-10-03T22:21:15,6.098,experiments/formal/results/width32__12_add32_err_0.25061_size_254_depth_14__MED__D1.json,3aa6a168b317297bc82dea2425c50cd386d2cc815d75cfed4ef497c593617bc8,,,
width32__12_add32_err_0.25061_size_254_depth_14__MED__D2,32,12_add32_err_0.25061_size_254_depth_14,MED__D2,D2,A,PASS,1,2026-10-03T22:21:15,2026-10-03T22:21:21,5.967,experiments/formal/results/width32__12_add32_err_0.25061_size_254_depth_14__MED__D2.json,7fc35660cf61dc068e1776b08a1551e35e688a1a16a69c9c6739694e3f384857,,,
width32__12_add32_err_0.25061_size_254_depth_14__MED__D3,32,12_add32_err_0.25061_size_254_depth_14,MED__D3,D3,A,PASS,1,2026-10-03T22:21:21,2026-10-03T22:21:27,6.059,experiments/formal/results/width32__12_add32_err_0.25061_size_254_depth_14__MED__D3.json,ca6c2155145e9435535e35144c496c6391cf1c657eddb30e47a1bd9b0ad9148d,,,
width32__12_add32_err_0.25061_size_254_depth_14__MED__D4,32,12_add32_err_0.25061_size_254_depth_14,MED__D4,D4,A,PASS,1,2026-10-03T22:21:27,2026-10-03T22:21:34,6.263,experiments/formal/results/width32__12_add32_err_0.25061_size_254_depth_14__MED__D4.json,62446b35b1eb7dba2e6bb3c44fc7b549dddd7af4b77b273e040549de807981d8,,,
width32__12_add32_err_0.25061_size_254_depth_14__MED__D5,32,12_add32_err_0.25061_size_254_depth_14,MED__D5,D5,A,PASS,1,2026-10-03T22:21:34,2026-10-03T22:21:40,6.077,experiments/formal/results/width32__12_add32_err_0.25061_size_254_depth_14__MED__D5.json,167973085ccc295645dfd6243b729286e3a4b812771a20efb8fd58d9342b55a0,,,
width32__12_add32_err_0.25061_size_254_depth_14__compile_ER,32,12_add32_err_0.25061_size_254_depth_14,compile_ER,None,A,PASS,1,2026-10-03T22:20:31,2026-10-03T22:20:33,1.602,experiments/formal/results/width32__12_add32_err_0.25061_size_254_depth_14__compile_ER.json,df124de4e91bae657fe1af06e121e538a0c39a92fd6d67440565f2de2109692b,,,
width32__12_add32_err_0.25061_size_254_depth_14__compile_MED,32,12_add32_err_0.25061_size_254_depth_14,compile_MED,None,A,PASS,1,2026-10-03T22:20:39,2026-10-03T22:21:03,23.752,experiments/formal/results/width32__12_add32_err_0.25061_size_254_depth_14__compile_MED.json,e6d543e2b5c17b19dcbee0fa1f8cb14722c2c388981870c48a497d360a42eaa5,,,
width32__12_add32_err_0.25061_size_254_depth_14__timing_K16,32,12_add32_err_0.25061_size_254_depth_14,timing_K16,None,A,PASS,1,2026-10-03T22:21:40,2026-10-03T22:21:46,6.665,experiments/formal/results/width32__12_add32_err_0.25061_size_254_depth_14__timing_K16.json,170163b4feb4c42ac21d9729805e03bc669d92a54f2aeb31e1f8d3128a925de4,,,
width32__12_add32_err_0.25061_size_254_depth_14__timing_K64,32,12_add32_err_0.25061_size_254_depth_14,timing_K64,None,A,PASS,1,2026-10-03T22:21:46,2026-10-03T22:22:09,22.912,experiments/formal/results/width32__12_add32_err_0.25061_size_254_depth_14__timing_K64.json,ff9c1724faf6d19dd1ab6d2c570a4273799d8616cf72554d6e7ee45a7951cd90,,,
width32__14_add32_err_0.295059_size_249_depth_14__ER__D0,32,14_add32_err_0.295059_size_249_depth_14,ER__D0,D0,A,PASS,1,2026-10-03T22:22:11,2026-10-03T22:22:12,0.332,experiments/formal/results/width32__14_add32_err_0.295059_size_249_depth_14__ER__D0.json,5bf2156f34042df5430834fd0f65c8b8cbc263e6f9e96c4c6d55d45bc63ac163,,,
width32__14_add32_err_0.295059_size_249_depth_14__ER__D1,32,14_add32_err_0.295059_size_249_depth_14,ER__D1,D1,A,PASS,1,2026-10-03T22:22:12,2026-10-03T22:22:12,0.338,experiments/formal/results/width32__14_add32_err_0.295059_size_249_depth_14__ER__D1.json,170a143ed64a247b626a795f3c8292b39bbff9e6ab5d536e6b4c343e20dbb7c8,,,
width32__14_add32_err_0.295059_size_249_depth_14__ER__D2,32,14_add32_err_0.295059_size_249_depth_14,ER__D2,D2,A,PASS,1,2026-10-03T22:22:12,2026-10-03T22:22:12,0.333,experiments/formal/results/width32__14_add32_err_0.295059_size_249_depth_14__ER__D2.json,3c4b8e57c5eaeb6bfc4ee3b9fb881cc5fce58a15849b041b1f0e50168b640213,,,
width32__14_add32_err_0.295059_size_249_depth_14__ER__D3,32,14_add32_err_0.295059_size_249_depth_14,ER__D3,D3,A,PASS,1,2026-10-03T22:22:12,2026-10-03T22:22:13,0.359,experiments/formal/results/width32__14_add32_err_0.295059_size_249_depth_14__ER__D3.json,c9928a5c846a35f1fcb70df1aca09be54b673b8476b12963944600337f70bd60,,,
width32__14_add32_err_0.295059_size_249_depth_14__ER__D4,32,14_add32_err_0.295059_size_249_depth_14,ER__D4,D4,A,PASS,1,2026-10-03T22:22:13,2026-10-03T22:22:13,0.333,experiments/formal/results/width32__14_add32_err_0.295059_size_249_depth_14__ER__D4.json,c9eee8266125c839ac2cfe4a76be6eeac2a9180e49ef4ca572aa40ca06c87f20,,,
width32__14_add32_err_0.295059_size_249_depth_14__ER__D5,32,14_add32_err_0.295059_size_249_depth_14,ER__D5,D5,A,PASS,1,2026-10-03T22:22:13,2026-10-03T22:22:13,0.336,experiments/formal/results/width32__14_add32_err_0.295059_size_249_depth_14__ER__D5.json,c10d41076af479756afa872158b39bbf2674afb89c5e0ed22f8e5ba7b358c200,,,
width32__14_add32_err_0.295059_size_249_depth_14__ER__R0,32,14_add32_err_0.295059_size_249_depth_14,ER__R0,R0,A,PASS,1,2026-10-03T22:22:13,2026-10-03T22:22:14,0.332,experiments/formal/results/width32__14_add32_err_0.295059_size_249_depth_14__ER__R0.json,b7d2dcd1f338fe1db2dd33424d4be9cf41cc82dc56605a0d714e1013547c535c,,,
width32__14_add32_err_0.295059_size_249_depth_14__ER__R1,32,14_add32_err_0.295059_size_249_depth_14,ER__R1,R1,A,PASS,1,2026-10-03T22:22:14,2026-10-03T22:22:14,0.332,experiments/formal/results/width32__14_add32_err_0.295059_size_249_depth_14__ER__R1.json,cb2680392c899b90e0bde3802f04e78f9a209bda7602fd18b286e1e99e24e9bb,,,
width32__14_add32_err_0.295059_size_249_depth_14__ER__R2,32,14_add32_err_0.295059_size_249_depth_14,ER__R2,R2,A,PASS,1,2026-10-03T22:22:14,2026-10-03T22:22:14,0.335,experiments/formal/results/width32__14_add32_err_0.295059_size_249_depth_14__ER__R2.json,01752253b6f136691168007437d4d68ad06d442fd2c836d7b8a7b7997588803a,,,
width32__14_add32_err_0.295059_size_249_depth_14__ER__R3,32,14_add32_err_0.295059_size_249_depth_14,ER__R3,R3,A,PASS,1,2026-10-03T22:22:14,2026-10-03T22:22:15,0.33,experiments/formal/results/width32__14_add32_err_0.295059_size_249_depth_14__ER__R3.json,717cf0516e55a782b5a8fd541037114395380d79ca0edbd61863b14e408fac53,,,
width32__14_add32_err_0.295059_size_249_depth_14__ER__R4,32,14_add32_err_0.295059_size_249_depth_14,ER__R4,R4,A,PASS,1,2026-10-03T22:22:15,2026-10-03T22:22:15,0.341,experiments/formal/results/width32__14_add32_err_0.295059_size_249_depth_14__ER__R4.json,1b256d42143a5646075a68f829bbfe1d01771304a762b71a303f60afcf8cf7e4,,,
width32__14_add32_err_0.295059_size_249_depth_14__ER__R5,32,14_add32_err_0.295059_size_249_depth_14,ER__R5,R5,A,PASS,1,2026-10-03T22:22:15,2026-10-03T22:22:15,0.332,experiments/formal/results/width32__14_add32_err_0.295059_size_249_depth_14__ER__R5.json,41cf410c360534be41a4336ff98081479e25d3cd800efab4fe47697497d4a877,,,
width32__14_add32_err_0.295059_size_249_depth_14__ER__R6,32,14_add32_err_0.295059_size_249_depth_14,ER__R6,R6,A,PASS,1,2026-10-03T22:22:16,2026-10-03T22:22:16,0.329,experiments/formal/results/width32__14_add32_err_0.295059_size_249_depth_14__ER__R6.json,935eb4efbb6f80be72899c683a22bdb18cdf7971b9e176fae326432f9b8e379b,,,
width32__14_add32_err_0.295059_size_249_depth_14__ER__R7,32,14_add32_err_0.295059_size_249_depth_14,ER__R7,R7,A,PASS,1,2026-10-03T22:22:16,2026-10-03T22:22:16,0.331,experiments/formal/results/width32__14_add32_err_0.295059_size_249_depth_14__ER__R7.json,7f1ab160ab3e9968ff6115f1f2eb50edf84fab5a2bf87c4ebacbe06603048693,,,
width32__14_add32_err_0.295059_size_249_depth_14__ER__R8,32,14_add32_err_0.295059_size_249_depth_14,ER__R8,R8,A,PASS,1,2026-10-03T22:22:16,2026-10-03T22:22:17,0.344,experiments/formal/results/width32__14_add32_err_0.295059_size_249_depth_14__ER__R8.json,f31731063e2d6dc76050d89702eabd2e7c5f63cd36cad5cbe7180feb8b34ea38,,,
width32__14_add32_err_0.295059_size_249_depth_14__ER__R9,32,14_add32_err_0.295059_size_249_depth_14,ER__R9,R9,A,PASS,1,2026-10-03T22:22:17,2026-10-03T22:22:17,0.347,experiments/formal/results/width32__14_add32_err_0.295059_size_249_depth_14__ER__R9.json,fc553a7169a2fe092d4c4232fbcd5aedb879496d29afd3963591121528cf92d8,,,
width32__14_add32_err_0.295059_size_249_depth_14__MED__D0,32,14_add32_err_0.295059_size_249_depth_14,MED__D0,D0,A,PASS,1,2026-10-03T22:22:48,2026-10-03T22:22:54,6.065,experiments/formal/results/width32__14_add32_err_0.295059_size_249_depth_14__MED__D0.json,f700a09b100f121e491fabe025c449a31a95c8c858f09669815bfdbab889c1b8,,,
width32__14_add32_err_0.295059_size_249_depth_14__MED__D1,32,14_add32_err_0.295059_size_249_depth_14,MED__D1,D1,A,PASS,1,2026-10-03T22:22:54,2026-10-03T22:23:00,6.046,experiments/formal/results/width32__14_add32_err_0.295059_size_249_depth_14__MED__D1.json,ba72f29232702c4dae07f8131633d9e674c45f4a5db4a1855c3c630be99b0741,,,
width32__14_add32_err_0.295059_size_249_depth_14__MED__D2,32,14_add32_err_0.295059_size_249_depth_14,MED__D2,D2,A,PASS,1,2026-10-03T22:23:00,2026-10-03T22:23:06,6.028,experiments/formal/results/width32__14_add32_err_0.295059_size_249_depth_14__MED__D2.json,ca8de979b8bde1b20a1708a7fcad5cdb6b35b0cd091a81375f3d375a63061b40,,,
width32__14_add32_err_0.295059_size_249_depth_14__MED__D3,32,14_add32_err_0.295059_size_249_depth_14,MED__D3,D3,A,PASS,1,2026-10-03T22:23:06,2026-10-03T22:23:12,5.884,experiments/formal/results/width32__14_add32_err_0.295059_size_249_depth_14__MED__D3.json,ee9cae11d21c176a13892893ea1640ffd58683e9ea08478f39f7ea124ec6aad4,,,
width32__14_add32_err_0.295059_size_249_depth_14__MED__D4,32,14_add32_err_0.295059_size_249_depth_14,MED__D4,D4,A,PASS,1,2026-10-03T22:23:12,2026-10-03T22:23:18,5.838,experiments/formal/results/width32__14_add32_err_0.295059_size_249_depth_14__MED__D4.json,bf6ebec1746c4bc94ef764b142fa3f989aa745dc1e3fd54b1eb10af7b6f42341,,,
width32__14_add32_err_0.295059_size_249_depth_14__MED__D5,32,14_add32_err_0.295059_size_249_depth_14,MED__D5,D5,A,PASS,1,2026-10-03T22:23:18,2026-10-03T22:23:24,5.864,experiments/formal/results/width32__14_add32_err_0.295059_size_249_depth_14__MED__D5.json,f85b35e59f5f5c36cd3ddf7684345e41c32ac1a526a07a67a83f349d1d3340a0,,,
width32__14_add32_err_0.295059_size_249_depth_14__compile_ER,32,14_add32_err_0.295059_size_249_depth_14,compile_ER,None,A,PASS,1,2026-10-03T22:22:09,2026-10-03T22:22:11,1.758,experiments/formal/results/width32__14_add32_err_0.295059_size_249_depth_14__compile_ER.json,b8ff7aefba049e8755142038eb489f7f019ec9651d6783f9937ffd83dd9ec5f9,,,
width32__14_add32_err_0.295059_size_249_depth_14__compile_MED,32,14_add32_err_0.295059_size_249_depth_14,compile_MED,None,A,PASS,1,2026-10-03T22:22:17,2026-10-03T22:22:48,31.171,experiments/formal/results/width32__14_add32_err_0.295059_size_249_depth_14__compile_MED.json,6a973e91b073887c81463d72d8d389633f2e68977c77e89fcf20c204d6cc7c64,,,
width32__14_add32_err_0.295059_size_249_depth_14__timing_K16,32,14_add32_err_0.295059_size_249_depth_14,timing_K16,None,A,PASS,1,2026-10-03T22:23:24,2026-10-03T22:23:31,6.827,experiments/formal/results/width32__14_add32_err_0.295059_size_249_depth_14__timing_K16.json,8daf238571843108fa7d736d257f77166d821235178309d3a60265997b84abc1,,,
width32__14_add32_err_0.295059_size_249_depth_14__timing_K64,32,14_add32_err_0.295059_size_249_depth_14,timing_K64,None,A,PASS,1,2026-10-03T22:23:31,2026-10-03T22:23:54,22.623,experiments/formal/results/width32__14_add32_err_0.295059_size_249_depth_14__timing_K64.json,81439c112a8a2fe7ad1fa5318c77aba758f20cca1badc628f3e9a21159a5d22e,,,
width32__1_add32_err_0_size_310_depth_20__ER__D0,32,1_add32_err_0_size_310_depth_20,ER__D0,D0,A,PASS,1,2026-10-03T22:23:54,2026-10-03T22:23:54,0.234,experiments/formal/results/width32__1_add32_err_0_size_310_depth_20__ER__D0.json,898aeb5678d779cea60b0cccdca7e8cb47e3c57eab01fb6f64676936e8833801,,,
width32__1_add32_err_0_size_310_depth_20__ER__D1,32,1_add32_err_0_size_310_depth_20,ER__D1,D1,A,PASS,1,2026-10-03T22:23:54,2026-10-03T22:23:55,0.226,experiments/formal/results/width32__1_add32_err_0_size_310_depth_20__ER__D1.json,01c0fcbbdac2af39d519d448dd753dad13943195663fb29c9929c5ec0ec23ab9,,,
width32__1_add32_err_0_size_310_depth_20__ER__D2,32,1_add32_err_0_size_310_depth_20,ER__D2,D2,A,PASS,1,2026-10-03T22:23:55,2026-10-03T22:23:55,0.221,experiments/formal/results/width32__1_add32_err_0_size_310_depth_20__ER__D2.json,a9cb90929e3db6fcc7df37e62b0ef89edfda68f1c48eb421809a5ba44b943cef,,,
width32__1_add32_err_0_size_310_depth_20__ER__D3,32,1_add32_err_0_size_310_depth_20,ER__D3,D3,A,PASS,1,2026-10-03T22:23:55,2026-10-03T22:23:55,0.231,experiments/formal/results/width32__1_add32_err_0_size_310_depth_20__ER__D3.json,203bd2c1fc0cdea5f7e8609cead9b52b1d218f1eebf6ae113e7e3a1f184a477a,,,
width32__1_add32_err_0_size_310_depth_20__ER__D4,32,1_add32_err_0_size_310_depth_20,ER__D4,D4,A,PASS,1,2026-10-03T22:23:55,2026-10-03T22:23:55,0.233,experiments/formal/results/width32__1_add32_err_0_size_310_depth_20__ER__D4.json,5480de3b42f4bc66086884d39c4a7612df8a8c5f82282e287af8bb7f609cca81,,,
width32__1_add32_err_0_size_310_depth_20__ER__D5,32,1_add32_err_0_size_310_depth_20,ER__D5,D5,A,PASS,1,2026-10-03T22:23:55,2026-10-03T22:23:56,0.217,experiments/formal/results/width32__1_add32_err_0_size_310_depth_20__ER__D5.json,1cff6dd5a2ba9b6981e4e085a558d70dd3dea995fa7d9ff8889617539bad1f47,,,
width32__1_add32_err_0_size_310_depth_20__ER__R0,32,1_add32_err_0_size_310_depth_20,ER__R0,R0,A,PASS,1,2026-10-03T22:23:56,2026-10-03T22:23:56,0.225,experiments/formal/results/width32__1_add32_err_0_size_310_depth_20__ER__R0.json,5deda798b9aba4429c0fe39d7db9e5f8acef82e3915c351c62ca09ee094e6084,,,
width32__1_add32_err_0_size_310_depth_20__ER__R1,32,1_add32_err_0_size_310_depth_20,ER__R1,R1,A,PASS,1,2026-10-03T22:23:56,2026-10-03T22:23:56,0.251,experiments/formal/results/width32__1_add32_err_0_size_310_depth_20__ER__R1.json,15c90433e2b587b53f9ca22ce2f4659f9351b6fe4a14a2c44d8dd3c56c1532d8,,,
width32__1_add32_err_0_size_310_depth_20__ER__R2,32,1_add32_err_0_size_310_depth_20,ER__R2,R2,A,PASS,1,2026-10-03T22:23:56,2026-10-03T22:23:56,0.224,experiments/formal/results/width32__1_add32_err_0_size_310_depth_20__ER__R2.json,c1d02c4a6a876fcb7a8c4228ff07d4a5aa6ada86d01a773ec0b3d67678c1e0cd,,,
width32__1_add32_err_0_size_310_depth_20__ER__R3,32,1_add32_err_0_size_310_depth_20,ER__R3,R3,A,PASS,1,2026-10-03T22:23:56,2026-10-03T22:23:57,0.257,experiments/formal/results/width32__1_add32_err_0_size_310_depth_20__ER__R3.json,6acb5431912526235c7cd665c05ba98dc91697f3636a8ccfb500f031a3e446ef,,,
width32__1_add32_err_0_size_310_depth_20__ER__R4,32,1_add32_err_0_size_310_depth_20,ER__R4,R4,A,PASS,1,2026-10-03T22:23:57,2026-10-03T22:23:57,0.217,experiments/formal/results/width32__1_add32_err_0_size_310_depth_20__ER__R4.json,22a7115966f05576b6926b8e21d88a314fac5368702688b603faa4677520f441,,,
width32__1_add32_err_0_size_310_depth_20__ER__R5,32,1_add32_err_0_size_310_depth_20,ER__R5,R5,A,PASS,1,2026-10-03T22:23:57,2026-10-03T22:23:57,0.227,experiments/formal/results/width32__1_add32_err_0_size_310_depth_20__ER__R5.json,d077211cfbc0dad3e6f3316d4b340f94b331e697d5a085b0620dbf1aa292b64d,,,
width32__1_add32_err_0_size_310_depth_20__ER__R6,32,1_add32_err_0_size_310_depth_20,ER__R6,R6,A,PASS,1,2026-10-03T22:23:57,2026-10-03T22:23:57,0.225,experiments/formal/results/width32__1_add32_err_0_size_310_depth_20__ER__R6.json,7e85439f60f0b0ae1393ab57c61bee40b9d3c1c55edb2401f0b202e5378a71f8,,,
width32__1_add32_err_0_size_310_depth_20__ER__R7,32,1_add32_err_0_size_310_depth_20,ER__R7,R7,A,PASS,1,2026-10-03T22:23:57,2026-10-03T22:23:58,0.226,experiments/formal/results/width32__1_add32_err_0_size_310_depth_20__ER__R7.json,0b4ac63c0841791e1aca7a74a32b064a3f3c42d6144409a043c23363dda2fd91,,,
width32__1_add32_err_0_size_310_depth_20__ER__R8,32,1_add32_err_0_size_310_depth_20,ER__R8,R8,A,PASS,1,2026-10-03T22:23:58,2026-10-03T22:23:58,0.23,experiments/formal/results/width32__1_add32_err_0_size_310_depth_20__ER__R8.json,30bc1fe39d7fd68716643388e97542ce1ec7fd3ef48c481e3ee289839ecce462,,,
width32__1_add32_err_0_size_310_depth_20__ER__R9,32,1_add32_err_0_size_310_depth_20,ER__R9,R9,A,PASS,1,2026-10-03T22:23:58,2026-10-03T22:23:58,0.216,experiments/formal/results/width32__1_add32_err_0_size_310_depth_20__ER__R9.json,eb923da45a150c6c972635b1480bdff613f6dff169c43425d42d5c1c25e4cbe5,,,
width32__1_add32_err_0_size_310_depth_20__MED__D0,32,1_add32_err_0_size_310_depth_20,MED__D0,D0,A,PASS,1,2026-10-03T22:23:59,2026-10-03T22:24:00,0.481,experiments/formal/results/width32__1_add32_err_0_size_310_depth_20__MED__D0.json,3f80eb11a7ecd77e5c094212d465544d5dbb234c703744055859b55a9d23a018,,,
width32__1_add32_err_0_size_310_depth_20__MED__D1,32,1_add32_err_0_size_310_depth_20,MED__D1,D1,A,PASS,1,2026-10-03T22:24:00,2026-10-03T22:24:00,0.227,experiments/formal/results/width32__1_add32_err_0_size_310_depth_20__MED__D1.json,876bc51a15aca7d768fe04286bc4a9817d63bf01ce0cbee80fe06a2dddf3592e,,,
width32__1_add32_err_0_size_310_depth_20__MED__D2,32,1_add32_err_0_size_310_depth_20,MED__D2,D2,A,PASS,1,2026-10-03T22:24:00,2026-10-03T22:24:00,0.251,experiments/formal/results/width32__1_add32_err_0_size_310_depth_20__MED__D2.json,77883f1023795c32fcfba0d6aaec97a8e269062b4e3bd17422cd2b6fa2470bf2,,,
width32__1_add32_err_0_size_310_depth_20__MED__D3,32,1_add32_err_0_size_310_depth_20,MED__D3,D3,A,PASS,1,2026-10-03T22:24:00,2026-10-03T22:24:01,0.303,experiments/formal/results/width32__1_add32_err_0_size_310_depth_20__MED__D3.json,577d72f425c1b18f1e0e1c3e1d88146dc2234bd06dc0937ef6dae1bce681b21b,,,
width32__1_add32_err_0_size_310_depth_20__MED__D4,32,1_add32_err_0_size_310_depth_20,MED__D4,D4,A,PASS,1,2026-10-03T22:24:01,2026-10-03T22:24:01,0.245,experiments/formal/results/width32__1_add32_err_0_size_310_depth_20__MED__D4.json,79d782adcb95e69761438b50f284ae7ac0193130608a4af13301898e50013e47,,,
width32__1_add32_err_0_size_310_depth_20__MED__D5,32,1_add32_err_0_size_310_depth_20,MED__D5,D5,A,PASS,1,2026-10-03T22:24:01,2026-10-03T22:24:01,0.232,experiments/formal/results/width32__1_add32_err_0_size_310_depth_20__MED__D5.json,54265f962c6b8903feec65066ae6890dca61abe95c60effaf74b09fd92b6ad92,,,
width32__1_add32_err_0_size_310_depth_20__compile_ER,32,1_add32_err_0_size_310_depth_20,compile_ER,None,A,PASS,1,2026-10-03T22:23:54,2026-10-03T22:23:54,0.529,experiments/formal/results/width32__1_add32_err_0_size_310_depth_20__compile_ER.json,de8359fbe357679895fc02dfa638903e29659b40841893e1fc19ee87cdf14e84,,,
width32__1_add32_err_0_size_310_depth_20__compile_MED,32,1_add32_err_0_size_310_depth_20,compile_MED,None,A,PASS,1,2026-10-03T22:23:58,2026-10-03T22:23:59,1.093,experiments/formal/results/width32__1_add32_err_0_size_310_depth_20__compile_MED.json,8a92d261997bbe98d38f682ad4b7e6206b2901d4ef8eef7617415b9ccf8fc969,,,
width32__1_add32_err_0_size_310_depth_20__timing_K16,32,1_add32_err_0_size_310_depth_20,timing_K16,None,A,PASS,1,2026-10-03T22:24:01,2026-10-03T22:24:14,12.946,experiments/formal/results/width32__1_add32_err_0_size_310_depth_20__timing_K16.json,e3016107846f43f51470774c978e8de17370bfd71e5be89b593e5722d6c2e103,,,
width32__1_add32_err_0_size_310_depth_20__timing_K64,32,1_add32_err_0_size_310_depth_20,timing_K64,None,A,PASS,1,2026-10-03T22:24:14,2026-10-03T22:24:47,32.543,experiments/formal/results/width32__1_add32_err_0_size_310_depth_20__timing_K64.json,4a30409a9d1d405d1bd1ab18f872afbd8c72e3d24e6524bf46e4c8efd8b41f54,,,
width32__3_add32_err_0.00389099_size_290_depth_17__ER__D0,32,3_add32_err_0.00389099_size_290_depth_17,ER__D0,D0,A,PASS,1,2026-10-03T22:24:48,2026-10-03T22:24:48,0.24,experiments/formal/results/width32__3_add32_err_0.00389099_size_290_depth_17__ER__D0.json,240f09d4329e7b6097f1558670108fe47bbb0ae8af5c8956bbafa7205e819890,,,
width32__3_add32_err_0.00389099_size_290_depth_17__ER__D1,32,3_add32_err_0.00389099_size_290_depth_17,ER__D1,D1,A,PASS,1,2026-10-03T22:24:48,2026-10-03T22:24:48,0.232,experiments/formal/results/width32__3_add32_err_0.00389099_size_290_depth_17__ER__D1.json,24b02d66d611b05d1855647bc77eae61a75c390eebe1bf772ca23404607ac4d4,,,
width32__3_add32_err_0.00389099_size_290_depth_17__ER__D2,32,3_add32_err_0.00389099_size_290_depth_17,ER__D2,D2,A,PASS,1,2026-10-03T22:24:48,2026-10-03T22:24:49,0.243,experiments/formal/results/width32__3_add32_err_0.00389099_size_290_depth_17__ER__D2.json,045f2375b774b0aae5f6d471346a890e095b337dc2bb5e053560838650232216,,,
width32__3_add32_err_0.00389099_size_290_depth_17__ER__D3,32,3_add32_err_0.00389099_size_290_depth_17,ER__D3,D3,A,PASS,1,2026-10-03T22:24:49,2026-10-03T22:24:49,0.243,experiments/formal/results/width32__3_add32_err_0.00389099_size_290_depth_17__ER__D3.json,25e124a4f377b9de8341d72bbe94e9b654c69e67508f214cc636458609b31f38,,,
width32__3_add32_err_0.00389099_size_290_depth_17__ER__D4,32,3_add32_err_0.00389099_size_290_depth_17,ER__D4,D4,A,PASS,1,2026-10-03T22:24:49,2026-10-03T22:24:49,0.227,experiments/formal/results/width32__3_add32_err_0.00389099_size_290_depth_17__ER__D4.json,657901e89696cf9161745ec0f30e9b6f8aae2b4a1ed7e1fb01bd09e9c731c76c,,,
width32__3_add32_err_0.00389099_size_290_depth_17__ER__D5,32,3_add32_err_0.00389099_size_290_depth_17,ER__D5,D5,A,PASS,1,2026-10-03T22:24:49,2026-10-03T22:24:50,0.456,experiments/formal/results/width32__3_add32_err_0.00389099_size_290_depth_17__ER__D5.json,fe235d8b05d619a337e64c030f477befa41b9131c0d9b5095f87e6ea0a68bbdc,,,
width32__3_add32_err_0.00389099_size_290_depth_17__ER__R0,32,3_add32_err_0.00389099_size_290_depth_17,ER__R0,R0,A,PASS,1,2026-10-03T22:24:50,2026-10-03T22:24:50,0.549,experiments/formal/results/width32__3_add32_err_0.00389099_size_290_depth_17__ER__R0.json,62e66a56d6eec522a26cd38effbb3419e584cdc83e319942a52615e0e9600c24,,,
width32__3_add32_err_0.00389099_size_290_depth_17__ER__R1,32,3_add32_err_0.00389099_size_290_depth_17,ER__R1,R1,A,PASS,1,2026-10-03T22:24:50,2026-10-03T22:24:51,0.863,experiments/formal/results/width32__3_add32_err_0.00389099_size_290_depth_17__ER__R1.json,7b32442706e33185683aead40747569c08f6266dc06574a23f9a5fbf71cd04d3,,,
width32__3_add32_err_0.00389099_size_290_depth_17__ER__R2,32,3_add32_err_0.00389099_size_290_depth_17,ER__R2,R2,A,PASS,1,2026-10-03T22:24:51,2026-10-03T22:24:52,0.892,experiments/formal/results/width32__3_add32_err_0.00389099_size_290_depth_17__ER__R2.json,3e7eeaa70ac163d7d2807e54d1276c842c7f15a498aa0e70bbde4b94af828007,,,
width32__3_add32_err_0.00389099_size_290_depth_17__ER__R3,32,3_add32_err_0.00389099_size_290_depth_17,ER__R3,R3,A,PASS,1,2026-10-03T22:24:52,2026-10-03T22:24:53,1.068,experiments/formal/results/width32__3_add32_err_0.00389099_size_290_depth_17__ER__R3.json,d93e178ed67ab5b0179ade3500b45890fe0152b11e205ff8c0a12e42b2d430fd,,,
width32__3_add32_err_0.00389099_size_290_depth_17__ER__R4,32,3_add32_err_0.00389099_size_290_depth_17,ER__R4,R4,A,PASS,1,2026-10-03T22:24:53,2026-10-03T22:24:54,0.57,experiments/formal/results/width32__3_add32_err_0.00389099_size_290_depth_17__ER__R4.json,40bbd578eb99b7eac461f9022e89eaa5b5813ae6a78d0a28d64e27b17af8f32b,,,
width32__3_add32_err_0.00389099_size_290_depth_17__ER__R5,32,3_add32_err_0.00389099_size_290_depth_17,ER__R5,R5,A,PASS,1,2026-10-03T22:24:54,2026-10-03T22:24:55,0.66,experiments/formal/results/width32__3_add32_err_0.00389099_size_290_depth_17__ER__R5.json,01557567df6fe0b6d46c454b1fd56f220ea1a6320ff03bc7ad04e2ff71e8903b,,,
width32__3_add32_err_0.00389099_size_290_depth_17__ER__R6,32,3_add32_err_0.00389099_size_290_depth_17,ER__R6,R6,A,PASS,1,2026-10-03T22:24:55,2026-10-03T22:24:56,0.867,experiments/formal/results/width32__3_add32_err_0.00389099_size_290_depth_17__ER__R6.json,34d7e1c120c0d650ad4bc57cd0513bfc80a3315ca50d359d8b0048ceb9599365,,,
width32__3_add32_err_0.00389099_size_290_depth_17__ER__R7,32,3_add32_err_0.00389099_size_290_depth_17,ER__R7,R7,A,PASS,1,2026-10-03T22:24:56,2026-10-03T22:24:56,0.624,experiments/formal/results/width32__3_add32_err_0.00389099_size_290_depth_17__ER__R7.json,4103923d8eee5a8a9e3ff7f95f0f8b8d6344fd51684b53f17de409326c40477f,,,
width32__3_add32_err_0.00389099_size_290_depth_17__ER__R8,32,3_add32_err_0.00389099_size_290_depth_17,ER__R8,R8,A,PASS,1,2026-10-03T22:24:56,2026-10-03T22:24:57,1.07,experiments/formal/results/width32__3_add32_err_0.00389099_size_290_depth_17__ER__R8.json,47d39cfc28b9b1557442542ba3630e706d675a3045402f6e450bc577d0f177d7,,,
width32__3_add32_err_0.00389099_size_290_depth_17__ER__R9,32,3_add32_err_0.00389099_size_290_depth_17,ER__R9,R9,A,PASS,1,2026-10-03T22:24:57,2026-10-03T22:24:58,0.74,experiments/formal/results/width32__3_add32_err_0.00389099_size_290_depth_17__ER__R9.json,3dadead8a2d6c5166dbc2e1d31de7f22cb02fec6b8e78815d56cb7acc90ec75c,,,
width32__3_add32_err_0.00389099_size_290_depth_17__MED__D0,32,3_add32_err_0.00389099_size_290_depth_17,MED__D0,D0,A,PASS,1,2026-10-03T22:25:01,2026-10-03T22:25:01,0.61,experiments/formal/results/width32__3_add32_err_0.00389099_size_290_depth_17__MED__D0.json,2d97afb18acb26e580ae3d375239fd930d11824d68df887e589f38645708e7d1,,,
width32__3_add32_err_0.00389099_size_290_depth_17__MED__D1,32,3_add32_err_0.00389099_size_290_depth_17,MED__D1,D1,A,PASS,1,2026-10-03T22:25:01,2026-10-03T22:25:02,0.474,experiments/formal/results/width32__3_add32_err_0.00389099_size_290_depth_17__MED__D1.json,469c4f011212614510eb9fe71c7db1f3f613c04244197c9ab15d1bc98a5527d8,,,
width32__3_add32_err_0.00389099_size_290_depth_17__MED__D2,32,3_add32_err_0.00389099_size_290_depth_17,MED__D2,D2,A,PASS,1,2026-10-03T22:25:02,2026-10-03T22:25:09,7.522,experiments/formal/results/width32__3_add32_err_0.00389099_size_290_depth_17__MED__D2.json,3584007b46223c8bd9dc4d99466c2b24ee10bdad281adc47b1d755c9cfab9a79,,,
width32__3_add32_err_0.00389099_size_290_depth_17__MED__D3,32,3_add32_err_0.00389099_size_290_depth_17,MED__D3,D3,A,PASS,1,2026-10-03T22:25:10,2026-10-03T22:25:10,0.695,experiments/formal/results/width32__3_add32_err_0.00389099_size_290_depth_17__MED__D3.json,bf8a0305f4160a11bebfc42edee7072173a4b8d2dd46d46ccbbaa11cc6b9c73d,,,
width32__3_add32_err_0.00389099_size_290_depth_17__MED__D4,32,3_add32_err_0.00389099_size_290_depth_17,MED__D4,D4,A,PASS,1,2026-10-03T22:25:10,2026-10-03T22:25:11,0.92,experiments/formal/results/width32__3_add32_err_0.00389099_size_290_depth_17__MED__D4.json,e290c9627f745fdc99287e04d061228022cf6bea59c831f6b19d75bcbf68dc77,,,
width32__3_add32_err_0.00389099_size_290_depth_17__MED__D5,32,3_add32_err_0.00389099_size_290_depth_17,MED__D5,D5,A,PASS,1,2026-10-03T22:25:11,2026-10-03T22:25:12,0.359,experiments/formal/results/width32__3_add32_err_0.00389099_size_290_depth_17__MED__D5.json,314826438b5f212d01cf7564c92b28d02047ea20dac0f9e98d2e173ca0f7b093,,,
width32__3_add32_err_0.00389099_size_290_depth_17__compile_ER,32,3_add32_err_0.00389099_size_290_depth_17,compile_ER,None,A,PASS,1,2026-10-03T22:24:47,2026-10-03T22:24:48,0.886,experiments/formal/results/width32__3_add32_err_0.00389099_size_290_depth_17__compile_ER.json,e886bef6687c7513e547066c580e5be569cb88c4b11ca338302524a04b4a6358,,,
width32__3_add32_err_0.00389099_size_290_depth_17__compile_MED,32,3_add32_err_0.00389099_size_290_depth_17,compile_MED,None,A,PASS,1,2026-10-03T22:24:58,2026-10-03T22:25:01,2.498,experiments/formal/results/width32__3_add32_err_0.00389099_size_290_depth_17__compile_MED.json,df6d7cf03007271dd06ce8d17d182b3c3276f21a7c90b90a7f34ebedfd6fd731,,,
width32__3_add32_err_0.00389099_size_290_depth_17__timing_K16,32,3_add32_err_0.00389099_size_290_depth_17,timing_K16,None,A,PASS,1,2026-10-03T22:25:12,2026-10-03T22:25:17,4.754,experiments/formal/results/width32__3_add32_err_0.00389099_size_290_depth_17__timing_K16.json,c7ea806e570b88048b25b7fd9b2fd06c58ffb2e2c27f7be0a0e9477a894a03f0,,,
width32__3_add32_err_0.00389099_size_290_depth_17__timing_K64,32,3_add32_err_0.00389099_size_290_depth_17,timing_K64,None,A,PASS,1,2026-10-03T22:25:17,2026-10-03T22:25:35,18.434,experiments/formal/results/width32__3_add32_err_0.00389099_size_290_depth_17__timing_K64.json,5abf9361a4d5fe5bd2edc4f1954be2a4e668bcfddb0090a5f3b9e953d307d4d3,,,
width32__4_add32_err_0.0318451_size_286_depth_17__ER__D0,32,4_add32_err_0.0318451_size_286_depth_17,ER__D0,D0,A,PASS,1,2026-10-03T22:25:37,2026-10-03T22:25:37,0.251,experiments/formal/results/width32__4_add32_err_0.0318451_size_286_depth_17__ER__D0.json,b424e7376d93aeb717380ba9d50300cb59cb93a63ea205ba4bd7441c5a7d2fe0,,,
width32__4_add32_err_0.0318451_size_286_depth_17__ER__D1,32,4_add32_err_0.0318451_size_286_depth_17,ER__D1,D1,A,PASS,1,2026-10-03T22:25:37,2026-10-03T22:25:37,0.247,experiments/formal/results/width32__4_add32_err_0.0318451_size_286_depth_17__ER__D1.json,31b6b01310ae66664cc133c118f81865707b43dccf6fb4050d64282933334efb,,,
width32__4_add32_err_0.0318451_size_286_depth_17__ER__D2,32,4_add32_err_0.0318451_size_286_depth_17,ER__D2,D2,A,PASS,1,2026-10-03T22:25:37,2026-10-03T22:25:38,0.22,experiments/formal/results/width32__4_add32_err_0.0318451_size_286_depth_17__ER__D2.json,173d7ac67fd9a7f22c1b3f099e16f15cff5b056379556e19fd61a0e8e2d1d8e2,,,
width32__4_add32_err_0.0318451_size_286_depth_17__ER__D3,32,4_add32_err_0.0318451_size_286_depth_17,ER__D3,D3,A,PASS,1,2026-10-03T22:25:38,2026-10-03T22:25:38,0.222,experiments/formal/results/width32__4_add32_err_0.0318451_size_286_depth_17__ER__D3.json,5d36dc5248a94fc051f0a4da22ed61bb3cecad89e93365fab870e03f38106627,,,
width32__4_add32_err_0.0318451_size_286_depth_17__ER__D4,32,4_add32_err_0.0318451_size_286_depth_17,ER__D4,D4,A,PASS,1,2026-10-03T22:25:38,2026-10-03T22:25:38,0.302,experiments/formal/results/width32__4_add32_err_0.0318451_size_286_depth_17__ER__D4.json,65614560688612572864e9e18e8c48d663e094e83a83013c6e690ff43a12c0bb,,,
width32__4_add32_err_0.0318451_size_286_depth_17__ER__D5,32,4_add32_err_0.0318451_size_286_depth_17,ER__D5,D5,A,PASS,1,2026-10-03T22:25:38,2026-10-03T22:25:38,0.258,experiments/formal/results/width32__4_add32_err_0.0318451_size_286_depth_17__ER__D5.json,1f42794569316df6f8d6ffa563e6f881d7a3f78b20bdecbdfecd96530e5265de,,,
width32__4_add32_err_0.0318451_size_286_depth_17__ER__R0,32,4_add32_err_0.0318451_size_286_depth_17,ER__R0,R0,A,PASS,1,2026-10-03T22:25:38,2026-10-03T22:25:39,0.262,experiments/formal/results/width32__4_add32_err_0.0318451_size_286_depth_17__ER__R0.json,7a433334f7eeb31f72e92d1dd1a10fef8af1785df2bcdfdfbb35bad5ba65c444,,,
width32__4_add32_err_0.0318451_size_286_depth_17__ER__R1,32,4_add32_err_0.0318451_size_286_depth_17,ER__R1,R1,A,PASS,1,2026-10-03T22:25:39,2026-10-03T22:25:39,0.271,experiments/formal/results/width32__4_add32_err_0.0318451_size_286_depth_17__ER__R1.json,17e5765c2f47d3102eeb922441e63d5ea75f6a67102cc340098357e6001436d2,,,
width32__4_add32_err_0.0318451_size_286_depth_17__ER__R2,32,4_add32_err_0.0318451_size_286_depth_17,ER__R2,R2,A,PASS,1,2026-10-03T22:25:39,2026-10-03T22:25:39,0.255,experiments/formal/results/width32__4_add32_err_0.0318451_size_286_depth_17__ER__R2.json,d2a1e9c7030668708e95ce47643cd70e972fb1244a6bb2ed228b93e5439769e4,,,
width32__4_add32_err_0.0318451_size_286_depth_17__ER__R3,32,4_add32_err_0.0318451_size_286_depth_17,ER__R3,R3,A,PASS,1,2026-10-03T22:25:39,2026-10-03T22:25:40,0.237,experiments/formal/results/width32__4_add32_err_0.0318451_size_286_depth_17__ER__R3.json,5cc4cb5e8562dd2dc7aac325e7ad271c284c379e68271cec5381b71bfd1a6b2d,,,
width32__4_add32_err_0.0318451_size_286_depth_17__ER__R4,32,4_add32_err_0.0318451_size_286_depth_17,ER__R4,R4,A,PASS,1,2026-10-03T22:25:40,2026-10-03T22:25:40,0.232,experiments/formal/results/width32__4_add32_err_0.0318451_size_286_depth_17__ER__R4.json,b5b5b822ed7120216393e47fd842a080c3986c865b6255f99195c66aad5d278a,,,
width32__4_add32_err_0.0318451_size_286_depth_17__ER__R5,32,4_add32_err_0.0318451_size_286_depth_17,ER__R5,R5,A,PASS,1,2026-10-03T22:25:40,2026-10-03T22:25:40,0.235,experiments/formal/results/width32__4_add32_err_0.0318451_size_286_depth_17__ER__R5.json,f48c9d5d637bf930002adf2af4402964d4bac04d38098910844adba8cbb34b0d,,,
width32__4_add32_err_0.0318451_size_286_depth_17__ER__R6,32,4_add32_err_0.0318451_size_286_depth_17,ER__R6,R6,A,PASS,1,2026-10-03T22:25:40,2026-10-03T22:25:40,0.252,experiments/formal/results/width32__4_add32_err_0.0318451_size_286_depth_17__ER__R6.json,82f4c1c6ff654541659d842d79f9b430cb76b6fcf8c989d47ff801daec7c2156,,,
width32__4_add32_err_0.0318451_size_286_depth_17__ER__R7,32,4_add32_err_0.0318451_size_286_depth_17,ER__R7,R7,A,PASS,1,2026-10-03T22:25:40,2026-10-03T22:25:41,0.306,experiments/formal/results/width32__4_add32_err_0.0318451_size_286_depth_17__ER__R7.json,52f7e2210dd1275a8fd63636f8440a5463f90c4967d52f7cdc34eb4d5b89e2ce,,,
width32__4_add32_err_0.0318451_size_286_depth_17__ER__R8,32,4_add32_err_0.0318451_size_286_depth_17,ER__R8,R8,A,PASS,1,2026-10-03T22:25:41,2026-10-03T22:25:41,0.218,experiments/formal/results/width32__4_add32_err_0.0318451_size_286_depth_17__ER__R8.json,6925768018d5dedf134557c406c604f00f7f17a862affcd059c0f829f404a0f6,,,
width32__4_add32_err_0.0318451_size_286_depth_17__ER__R9,32,4_add32_err_0.0318451_size_286_depth_17,ER__R9,R9,A,PASS,1,2026-10-03T22:25:41,2026-10-03T22:25:41,0.278,experiments/formal/results/width32__4_add32_err_0.0318451_size_286_depth_17__ER__R9.json,c8390358f342f6452fba0ed3802eeda27b6b59ea7f3652af83bbc22dc8305ef2,,,
width32__4_add32_err_0.0318451_size_286_depth_17__MED__D0,32,4_add32_err_0.0318451_size_286_depth_17,MED__D0,D0,A,PASS,1,2026-10-03T22:25:44,2026-10-03T22:25:44,0.404,experiments/formal/results/width32__4_add32_err_0.0318451_size_286_depth_17__MED__D0.json,29b5eef257d95dd3989466220ffd2c546f39db8c397272c06e6391ae423e8c3c,,,
width32__4_add32_err_0.0318451_size_286_depth_17__MED__D1,32,4_add32_err_0.0318451_size_286_depth_17,MED__D1,D1,A,PASS,1,2026-10-03T22:25:44,2026-10-03T22:25:45,0.374,experiments/formal/results/width32__4_add32_err_0.0318451_size_286_depth_17__MED__D1.json,b4763631df4f6914ea7d34528e496fc2d055cf9badc2360de5cc15acd79ba6eb,,,
width32__4_add32_err_0.0318451_size_286_depth_17__MED__D2,32,4_add32_err_0.0318451_size_286_depth_17,MED__D2,D2,A,PASS,1,2026-10-03T22:25:45,2026-10-03T22:25:45,0.359,experiments/formal/results/width32__4_add32_err_0.0318451_size_286_depth_17__MED__D2.json,eac7fe4771b444a3c9cea355ca7cbc9c63774fbee4ed84d2ebe0209dda4e2afd,,,
width32__4_add32_err_0.0318451_size_286_depth_17__MED__D3,32,4_add32_err_0.0318451_size_286_depth_17,MED__D3,D3,A,PASS,1,2026-10-03T22:25:45,2026-10-03T22:25:46,0.343,experiments/formal/results/width32__4_add32_err_0.0318451_size_286_depth_17__MED__D3.json,df143dc39edbd0dc661bd0e613ec1c0ca9139be46ca9e27b63981249d5ffcd0b,,,
width32__4_add32_err_0.0318451_size_286_depth_17__MED__D4,32,4_add32_err_0.0318451_size_286_depth_17,MED__D4,D4,A,PASS,1,2026-10-03T22:25:46,2026-10-03T22:25:46,0.35,experiments/formal/results/width32__4_add32_err_0.0318451_size_286_depth_17__MED__D4.json,36c7fe9c839e3bfd653f3eba021eb3b05b16055f3b1857ab4736bc16e62bc60a,,,
width32__4_add32_err_0.0318451_size_286_depth_17__MED__D5,32,4_add32_err_0.0318451_size_286_depth_17,MED__D5,D5,A,PASS,1,2026-10-03T22:25:46,2026-10-03T22:25:47,0.347,experiments/formal/results/width32__4_add32_err_0.0318451_size_286_depth_17__MED__D5.json,cc1f0a33b42974902a73fe27d12f26dd1c9c28339391f006a2ed2046d1531cbc,,,
width32__4_add32_err_0.0318451_size_286_depth_17__compile_ER,32,4_add32_err_0.0318451_size_286_depth_17,compile_ER,None,A,PASS,1,2026-10-03T22:25:35,2026-10-03T22:25:37,1.619,experiments/formal/results/width32__4_add32_err_0.0318451_size_286_depth_17__compile_ER.json,e31d8fbeec3e5e6a94875051863ebc696297fbc311b8ba684cc6cd326d57e40b,,,
width32__4_add32_err_0.0318451_size_286_depth_17__compile_MED,32,4_add32_err_0.0318451_size_286_depth_17,compile_MED,None,A,PASS,1,2026-10-03T22:25:41,2026-10-03T22:25:44,2.521,experiments/formal/results/width32__4_add32_err_0.0318451_size_286_depth_17__compile_MED.json,a35f77c1192ab73d6696058e02076038e4ee167f69d3406e9dfabd39c31e87e7,,,
width32__4_add32_err_0.0318451_size_286_depth_17__timing_K16,32,4_add32_err_0.0318451_size_286_depth_17,timing_K16,None,A,PASS,1,2026-10-03T22:25:47,2026-10-03T22:25:53,6.662,experiments/formal/results/width32__4_add32_err_0.0318451_size_286_depth_17__timing_K16.json,e85247f38a9a23257f90e8b676cc2a9c24a92572a4e7b00ded881d7ea4dd5612,,,
width32__4_add32_err_0.0318451_size_286_depth_17__timing_K64,32,4_add32_err_0.0318451_size_286_depth_17,timing_K64,None,A,PASS,1,2026-10-03T22:25:53,2026-10-03T22:26:11,18.136,experiments/formal/results/width32__4_add32_err_0.0318451_size_286_depth_17__timing_K64.json,f8142fc77a67a2d738ab955bdebca400d727e7b5443bb9fd6ef661e6a4e421ac,,,
width32__5_add32_err_0.0593414_size_282_depth_17__ER__D0,32,5_add32_err_0.0593414_size_282_depth_17,ER__D0,D0,A,PASS,1,2026-10-03T22:26:13,2026-10-03T22:26:13,0.307,experiments/formal/results/width32__5_add32_err_0.0593414_size_282_depth_17__ER__D0.json,a115f24a6c912d7297b8602d40cb09e37ff3ee3ebbe65bfc4851fe447e75c691,,,
width32__5_add32_err_0.0593414_size_282_depth_17__ER__D1,32,5_add32_err_0.0593414_size_282_depth_17,ER__D1,D1,A,PASS,1,2026-10-03T22:26:13,2026-10-03T22:26:13,0.317,experiments/formal/results/width32__5_add32_err_0.0593414_size_282_depth_17__ER__D1.json,fb323d63ca46b29364bea3ea48a24e2dbce92f028ec4967f342baaf099832370,,,
width32__5_add32_err_0.0593414_size_282_depth_17__ER__D2,32,5_add32_err_0.0593414_size_282_depth_17,ER__D2,D2,A,PASS,1,2026-10-03T22:26:13,2026-10-03T22:26:14,0.352,experiments/formal/results/width32__5_add32_err_0.0593414_size_282_depth_17__ER__D2.json,0bbce4ee8bf31c9ae0431713aa787c73795cf18a3699cacf88462d16bb37de81,,,
width32__5_add32_err_0.0593414_size_282_depth_17__ER__D3,32,5_add32_err_0.0593414_size_282_depth_17,ER__D3,D3,A,PASS,1,2026-10-03T22:26:14,2026-10-03T22:26:14,0.326,experiments/formal/results/width32__5_add32_err_0.0593414_size_282_depth_17__ER__D3.json,412eb4cd5fed0120b6388f9154e481091a52d1208b7298749aa3a99a3fd36580,,,
width32__5_add32_err_0.0593414_size_282_depth_17__ER__D4,32,5_add32_err_0.0593414_size_282_depth_17,ER__D4,D4,A,PASS,1,2026-10-03T22:26:14,2026-10-03T22:26:14,0.341,experiments/formal/results/width32__5_add32_err_0.0593414_size_282_depth_17__ER__D4.json,cf17857fc4263344e71951ca937b6a1bded53fbf9d1e7ddbb54f038389117100,,,
width32__5_add32_err_0.0593414_size_282_depth_17__ER__D5,32,5_add32_err_0.0593414_size_282_depth_17,ER__D5,D5,A,PASS,1,2026-10-03T22:26:14,2026-10-03T22:26:15,0.365,experiments/formal/results/width32__5_add32_err_0.0593414_size_282_depth_17__ER__D5.json,a47f93135d0994ea5186de979f9da4a6317f6a603f1c4863a568b8fc16281654,,,
width32__5_add32_err_0.0593414_size_282_depth_17__ER__R0,32,5_add32_err_0.0593414_size_282_depth_17,ER__R0,R0,A,PASS,1,2026-10-03T22:26:15,2026-10-03T22:26:15,0.323,experiments/formal/results/width32__5_add32_err_0.0593414_size_282_depth_17__ER__R0.json,335eb4aef0b52332ae4af9b9851fbb53708337239f2682dafd60c87129fa9d8d,,,
width32__5_add32_err_0.0593414_size_282_depth_17__ER__R1,32,5_add32_err_0.0593414_size_282_depth_17,ER__R1,R1,A,PASS,1,2026-10-03T22:26:15,2026-10-03T22:26:15,0.323,experiments/formal/results/width32__5_add32_err_0.0593414_size_282_depth_17__ER__R1.json,795d579dfcd119c3c41c8a22a8269c7e24d150f9dedc57719b44f958b901658f,,,
width32__5_add32_err_0.0593414_size_282_depth_17__ER__R2,32,5_add32_err_0.0593414_size_282_depth_17,ER__R2,R2,A,PASS,1,2026-10-03T22:26:16,2026-10-03T22:26:16,0.339,experiments/formal/results/width32__5_add32_err_0.0593414_size_282_depth_17__ER__R2.json,54df7080ce4bc80b8b8b5d31412d41108020b55a41603e1987dc00cd37886e14,,,
width32__5_add32_err_0.0593414_size_282_depth_17__ER__R3,32,5_add32_err_0.0593414_size_282_depth_17,ER__R3,R3,A,PASS,1,2026-10-03T22:26:16,2026-10-03T22:26:16,0.344,experiments/formal/results/width32__5_add32_err_0.0593414_size_282_depth_17__ER__R3.json,ab9e75f95766739bcbcf9632b81f4c07277dacebab73ea9c077c8ec5df2597be,,,
width32__5_add32_err_0.0593414_size_282_depth_17__ER__R4,32,5_add32_err_0.0593414_size_282_depth_17,ER__R4,R4,A,PASS,1,2026-10-03T22:26:16,2026-10-03T22:26:17,0.33,experiments/formal/results/width32__5_add32_err_0.0593414_size_282_depth_17__ER__R4.json,d49ce2d561d1dc152cf0b26ae9e530bfe0e699171e19525fdb4ca6a00930311f,,,
width32__5_add32_err_0.0593414_size_282_depth_17__ER__R5,32,5_add32_err_0.0593414_size_282_depth_17,ER__R5,R5,A,PASS,1,2026-10-03T22:26:17,2026-10-03T22:26:17,0.393,experiments/formal/results/width32__5_add32_err_0.0593414_size_282_depth_17__ER__R5.json,1148e7e0d5e55d75c835fb233574cad21942d745eaefab25188e5156c14542aa,,,
width32__5_add32_err_0.0593414_size_282_depth_17__ER__R6,32,5_add32_err_0.0593414_size_282_depth_17,ER__R6,R6,A,PASS,1,2026-10-03T22:26:17,2026-10-03T22:26:18,0.45,experiments/formal/results/width32__5_add32_err_0.0593414_size_282_depth_17__ER__R6.json,33d7c29dd2fc182eedabd03666e24cdf7cee9fb87ec25795300ca11ee4eac281,,,
width32__5_add32_err_0.0593414_size_282_depth_17__ER__R7,32,5_add32_err_0.0593414_size_282_depth_17,ER__R7,R7,A,PASS,1,2026-10-03T22:26:18,2026-10-03T22:26:18,0.305,experiments/formal/results/width32__5_add32_err_0.0593414_size_282_depth_17__ER__R7.json,edd00e43824056a6963a7c0ec92d6b79e7ecb97cf1038745fec01ee59d2c9f15,,,
width32__5_add32_err_0.0593414_size_282_depth_17__ER__R8,32,5_add32_err_0.0593414_size_282_depth_17,ER__R8,R8,A,PASS,1,2026-10-03T22:26:18,2026-10-03T22:26:18,0.367,experiments/formal/results/width32__5_add32_err_0.0593414_size_282_depth_17__ER__R8.json,c4dd71aafea8765b3e85cae9d68a613a85fd7fd4089baab6dfb042f2ef435f73,,,
width32__5_add32_err_0.0593414_size_282_depth_17__ER__R9,32,5_add32_err_0.0593414_size_282_depth_17,ER__R9,R9,A,PASS,1,2026-10-03T22:26:19,2026-10-03T22:26:19,0.375,experiments/formal/results/width32__5_add32_err_0.0593414_size_282_depth_17__ER__R9.json,98277550a68ac6b35c7b2f96a89384709c7342cff54f0aed117a6f297e74cf84,,,
width32__5_add32_err_0.0593414_size_282_depth_17__MED__D0,32,5_add32_err_0.0593414_size_282_depth_17,MED__D0,D0,A,PASS,1,2026-10-03T22:26:23,2026-10-03T22:26:23,0.534,experiments/formal/results/width32__5_add32_err_0.0593414_size_282_depth_17__MED__D0.json,5f5478c669b3d51c8efa73a92039a358cf7e543725968aa644298b3130594c83,,,
width32__5_add32_err_0.0593414_size_282_depth_17__MED__D1,32,5_add32_err_0.0593414_size_282_depth_17,MED__D1,D1,A,PASS,1,2026-10-03T22:26:24,2026-10-03T22:26:24,0.519,experiments/formal/results/width32__5_add32_err_0.0593414_size_282_depth_17__MED__D1.json,290138d908a6c1da948b45345a72c873f4eb4cccb3644aa86c4f52a273ee8a57,,,
width32__5_add32_err_0.0593414_size_282_depth_17__MED__D2,32,5_add32_err_0.0593414_size_282_depth_17,MED__D2,D2,A,PASS,1,2026-10-03T22:26:24,2026-10-03T22:26:25,0.448,experiments/formal/results/width32__5_add32_err_0.0593414_size_282_depth_17__MED__D2.json,365cf74a53727ceb5fb812776b7c5cb20e4f56fccff468f0aff42ad3bf9b172b,,,
width32__5_add32_err_0.0593414_size_282_depth_17__MED__D3,32,5_add32_err_0.0593414_size_282_depth_17,MED__D3,D3,A,PASS,1,2026-10-03T22:26:25,2026-10-03T22:26:25,0.473,experiments/formal/results/width32__5_add32_err_0.0593414_size_282_depth_17__MED__D3.json,724398b6b1c0d0a05491fa1506b1c3d093a8b30ab3e9be2050c5be21cc4b851c,,,
width32__5_add32_err_0.0593414_size_282_depth_17__MED__D4,32,5_add32_err_0.0593414_size_282_depth_17,MED__D4,D4,A,PASS,1,2026-10-03T22:26:25,2026-10-03T22:26:26,0.826,experiments/formal/results/width32__5_add32_err_0.0593414_size_282_depth_17__MED__D4.json,733a98aafde4eb993c618d13ea9d91a731eb3353639ba892489b1bc1e8756ed0,,,
width32__5_add32_err_0.0593414_size_282_depth_17__MED__D5,32,5_add32_err_0.0593414_size_282_depth_17,MED__D5,D5,A,PASS,1,2026-10-03T22:26:26,2026-10-03T22:26:28,1.236,experiments/formal/results/width32__5_add32_err_0.0593414_size_282_depth_17__MED__D5.json,b261c3d0980858c63a4c90a2b77302b6faa68eef4a13cea6817fb5e24d157241,,,
width32__5_add32_err_0.0593414_size_282_depth_17__compile_ER,32,5_add32_err_0.0593414_size_282_depth_17,compile_ER,None,A,PASS,1,2026-10-03T22:26:11,2026-10-03T22:26:13,1.108,experiments/formal/results/width32__5_add32_err_0.0593414_size_282_depth_17__compile_ER.json,a691ce029533f385ad262a037e798d214f24adef371c9a832b95d75745601025,,,
width32__5_add32_err_0.0593414_size_282_depth_17__compile_MED,32,5_add32_err_0.0593414_size_282_depth_17,compile_MED,None,A,PASS,1,2026-10-03T22:26:19,2026-10-03T22:26:23,3.895,experiments/formal/results/width32__5_add32_err_0.0593414_size_282_depth_17__compile_MED.json,ca8a812ce95b25536b8bc177f22547f327b75df167dc953dd188fa7f2dc64ca4,,,
width32__5_add32_err_0.0593414_size_282_depth_17__timing_K16,32,5_add32_err_0.0593414_size_282_depth_17,timing_K16,None,A,PASS,1,2026-10-03T22:26:28,2026-10-03T22:26:38,10.789,experiments/formal/results/width32__5_add32_err_0.0593414_size_282_depth_17__timing_K16.json,2507080b880b98ec780843c48f35474046bb02602c569cefe90f6889ef6d13df,,,
width32__5_add32_err_0.0593414_size_282_depth_17__timing_K64,32,5_add32_err_0.0593414_size_282_depth_17,timing_K64,None,A,PASS,1,2026-10-03T22:26:39,2026-10-03T22:27:20,41.786,experiments/formal/results/width32__5_add32_err_0.0593414_size_282_depth_17__timing_K64.json,96b87fa4be4c1023ff149a210b5964cade86e7538083e2f726544f1681f1cb68,,,
width32__7_add32_err_0.114944_size_273_depth_17__ER__D0,32,7_add32_err_0.114944_size_273_depth_17,ER__D0,D0,A,PASS,1,2026-10-03T22:27:38,2026-10-03T22:27:39,0.984,experiments/formal/results/width32__7_add32_err_0.114944_size_273_depth_17__ER__D0.json,0a5a6c54d97111100b68d0f6930e7093462e5da1b488be6dfd53ce889eb984ef,,,
width32__7_add32_err_0.114944_size_273_depth_17__ER__D1,32,7_add32_err_0.114944_size_273_depth_17,ER__D1,D1,A,PASS,1,2026-10-03T22:27:39,2026-10-03T22:27:40,0.801,experiments/formal/results/width32__7_add32_err_0.114944_size_273_depth_17__ER__D1.json,5d7a6e4af2374c715a4efa249accfdee7a27da9c76622f87655bf0d33607a6b6,,,
width32__7_add32_err_0.114944_size_273_depth_17__ER__D2,32,7_add32_err_0.114944_size_273_depth_17,ER__D2,D2,A,PASS,1,2026-10-03T22:27:40,2026-10-03T22:27:41,0.963,experiments/formal/results/width32__7_add32_err_0.114944_size_273_depth_17__ER__D2.json,b88fc41a89246c440d48938b6d46ea69fe74a71115a2e97e1ceb81bb1b57aa8d,,,
width32__7_add32_err_0.114944_size_273_depth_17__ER__D3,32,7_add32_err_0.114944_size_273_depth_17,ER__D3,D3,A,PASS,1,2026-10-03T22:27:41,2026-10-03T22:27:42,0.675,experiments/formal/results/width32__7_add32_err_0.114944_size_273_depth_17__ER__D3.json,3e5eca517476ad318a492818bef25e776048d49cfdccc4e0396c135f9919498f,,,
width32__7_add32_err_0.114944_size_273_depth_17__ER__D4,32,7_add32_err_0.114944_size_273_depth_17,ER__D4,D4,A,PASS,1,2026-10-03T22:27:42,2026-10-03T22:27:43,1.041,experiments/formal/results/width32__7_add32_err_0.114944_size_273_depth_17__ER__D4.json,9554633efdfcbd784d6df1c75fe5e7ae1b18a4b9d4aa80fa6ac729e83277ea6e,,,
width32__7_add32_err_0.114944_size_273_depth_17__ER__D5,32,7_add32_err_0.114944_size_273_depth_17,ER__D5,D5,A,PASS,1,2026-10-03T22:27:43,2026-10-03T22:27:44,1.056,experiments/formal/results/width32__7_add32_err_0.114944_size_273_depth_17__ER__D5.json,09ca04bea84416010bf40b73c7e8360c194ae562d85e2168efbcc33b0afdfbd2,,,
width32__7_add32_err_0.114944_size_273_depth_17__ER__R0,32,7_add32_err_0.114944_size_273_depth_17,ER__R0,R0,A,PASS,1,2026-10-03T22:27:44,2026-10-03T22:27:45,1.012,experiments/formal/results/width32__7_add32_err_0.114944_size_273_depth_17__ER__R0.json,57e090a670331804cb6fc5741469ec6efde7ab0fa92b2db836f169f4fb7a1df7,,,
width32__7_add32_err_0.114944_size_273_depth_17__ER__R1,32,7_add32_err_0.114944_size_273_depth_17,ER__R1,R1,A,PASS,1,2026-10-03T22:27:45,2026-10-03T22:27:46,0.883,experiments/formal/results/width32__7_add32_err_0.114944_size_273_depth_17__ER__R1.json,7ac6e6a4d72969757f7e8c8eea29923e382f89e1e928d815d30283461d920f56,,,
width32__7_add32_err_0.114944_size_273_depth_17__ER__R2,32,7_add32_err_0.114944_size_273_depth_17,ER__R2,R2,A,PASS,1,2026-10-03T22:27:46,2026-10-03T22:27:47,0.524,experiments/formal/results/width32__7_add32_err_0.114944_size_273_depth_17__ER__R2.json,3e2c51b98f4bd91188f7a394b7dc24a609fb6298fcda13151137d33191218146,,,
width32__7_add32_err_0.114944_size_273_depth_17__ER__R3,32,7_add32_err_0.114944_size_273_depth_17,ER__R3,R3,A,PASS,1,2026-10-03T22:27:47,2026-10-03T22:27:48,0.769,experiments/formal/results/width32__7_add32_err_0.114944_size_273_depth_17__ER__R3.json,08107d7a09fdc7d151bb20d17b6128cdf3a68e0a1eb40b07b0daed370fed0455,,,
width32__7_add32_err_0.114944_size_273_depth_17__ER__R4,32,7_add32_err_0.114944_size_273_depth_17,ER__R4,R4,A,PASS,1,2026-10-03T22:27:48,2026-10-03T22:27:48,0.615,experiments/formal/results/width32__7_add32_err_0.114944_size_273_depth_17__ER__R4.json,a6d8535b8e042709eb046409fddf14442cd7b4ecdeb9d5c0eb7df666ce6be9ef,,,
width32__7_add32_err_0.114944_size_273_depth_17__ER__R5,32,7_add32_err_0.114944_size_273_depth_17,ER__R5,R5,A,PASS,1,2026-10-03T22:27:48,2026-10-03T22:27:49,0.787,experiments/formal/results/width32__7_add32_err_0.114944_size_273_depth_17__ER__R5.json,98e834af0f808ecb4a6e2fe8c3c7e286289514ac28b92a973ecb535043a745ef,,,
width32__7_add32_err_0.114944_size_273_depth_17__ER__R6,32,7_add32_err_0.114944_size_273_depth_17,ER__R6,R6,A,PASS,1,2026-10-03T22:27:49,2026-10-03T22:27:50,0.757,experiments/formal/results/width32__7_add32_err_0.114944_size_273_depth_17__ER__R6.json,caecad9e7d82d8007501cba7ab76e83f8a6f5b3478de9fa5002e55ce200d4363,,,
width32__7_add32_err_0.114944_size_273_depth_17__ER__R7,32,7_add32_err_0.114944_size_273_depth_17,ER__R7,R7,A,PASS,1,2026-10-03T22:27:50,2026-10-03T22:27:51,0.792,experiments/formal/results/width32__7_add32_err_0.114944_size_273_depth_17__ER__R7.json,86ee05d70ac8f3e303bb5f83ea9c79cef74ef87a00fc52121fc9cd12eb25e256,,,
width32__7_add32_err_0.114944_size_273_depth_17__ER__R8,32,7_add32_err_0.114944_size_273_depth_17,ER__R8,R8,A,PASS,1,2026-10-03T22:27:51,2026-10-03T22:27:52,0.946,experiments/formal/results/width32__7_add32_err_0.114944_size_273_depth_17__ER__R8.json,cb53ac72b50c0ad45870df07045b819e8d357fa1918fa037bd13e56e1d9cc381,,,
width32__7_add32_err_0.114944_size_273_depth_17__ER__R9,32,7_add32_err_0.114944_size_273_depth_17,ER__R9,R9,A,PASS,1,2026-10-03T22:27:52,2026-10-03T22:27:53,1.06,experiments/formal/results/width32__7_add32_err_0.114944_size_273_depth_17__ER__R9.json,57775686034d29964032f1af6ee5b5559bb4a6548f7f83c238124e76a735f177,,,
width32__7_add32_err_0.114944_size_273_depth_17__MED__D0,32,7_add32_err_0.114944_size_273_depth_17,MED__D0,D0,A,PASS,1,2026-10-03T22:28:02,2026-10-03T22:28:03,0.962,experiments/formal/results/width32__7_add32_err_0.114944_size_273_depth_17__MED__D0.json,65b938821b8f13206c34e58aa49c4ca568a1970ad08f025586ac1f5f9f520a32,,,
width32__7_add32_err_0.114944_size_273_depth_17__MED__D1,32,7_add32_err_0.114944_size_273_depth_17,MED__D1,D1,A,PASS,1,2026-10-03T22:28:03,2026-10-03T22:28:04,1.446,experiments/formal/results/width32__7_add32_err_0.114944_size_273_depth_17__MED__D1.json,aa16fb07ca31efd792d13838ff0dc5f2b37737e4e58fde0cd9f75d41f241c571,,,
width32__7_add32_err_0.114944_size_273_depth_17__MED__D2,32,7_add32_err_0.114944_size_273_depth_17,MED__D2,D2,A,PASS,1,2026-10-03T22:28:04,2026-10-03T22:28:07,2.368,experiments/formal/results/width32__7_add32_err_0.114944_size_273_depth_17__MED__D2.json,3e69121bf2d8606b3585cfa72f8369a2a9554e61f04c0df5b4384882c1179db3,,,
width32__7_add32_err_0.114944_size_273_depth_17__MED__D3,32,7_add32_err_0.114944_size_273_depth_17,MED__D3,D3,A,PASS,1,2026-10-03T22:28:07,2026-10-03T22:28:09,2.49,experiments/formal/results/width32__7_add32_err_0.114944_size_273_depth_17__MED__D3.json,af178795f948aa2b074b254edbf688c9d6074ca6c98a1e5fb716052adbe610fa,,,
width32__7_add32_err_0.114944_size_273_depth_17__MED__D4,32,7_add32_err_0.114944_size_273_depth_17,MED__D4,D4,A,PASS,1,2026-10-03T22:28:09,2026-10-03T22:28:10,0.998,experiments/formal/results/width32__7_add32_err_0.114944_size_273_depth_17__MED__D4.json,60d1de2dd6cd6bc940c031fc5d8ff026f2f6f29c817432e541e7e218d6d93d69,,,
width32__7_add32_err_0.114944_size_273_depth_17__MED__D5,32,7_add32_err_0.114944_size_273_depth_17,MED__D5,D5,A,PASS,1,2026-10-03T22:28:10,2026-10-03T22:28:13,2.4,experiments/formal/results/width32__7_add32_err_0.114944_size_273_depth_17__MED__D5.json,5dabbcbd4562376b819a7dc90ca4ac8f7f03116ea9f1d557f00dc0c8e0c1b9b1,,,
width32__7_add32_err_0.114944_size_273_depth_17__compile_ER,32,7_add32_err_0.114944_size_273_depth_17,compile_ER,None,A,PASS,1,2026-10-03T22:27:20,2026-10-03T22:27:38,17.796,experiments/formal/results/width32__7_add32_err_0.114944_size_273_depth_17__compile_ER.json,238ae999224a08a9623ee1e219760f1655c6e8afa5d74988a81251556463d814,,,
width32__7_add32_err_0.114944_size_273_depth_17__compile_MED,32,7_add32_err_0.114944_size_273_depth_17,compile_MED,None,A,PASS,1,2026-10-03T22:27:53,2026-10-03T22:28:01,8.494,experiments/formal/results/width32__7_add32_err_0.114944_size_273_depth_17__compile_MED.json,649adf7e1cb38bfa3ddc9eb3e09730c66a046fe1787ec79d385a940da8ec7a0d,,,
width32__7_add32_err_0.114944_size_273_depth_17__timing_K16,32,7_add32_err_0.114944_size_273_depth_17,timing_K16,None,A,PASS,1,2026-10-03T22:28:13,2026-10-03T22:28:44,31.392,experiments/formal/results/width32__7_add32_err_0.114944_size_273_depth_17__timing_K16.json,61d079c3ad9427b66492d8c5b38f2b3949726f06cedf7a5f9bbbb38cac0276da,,,
width32__7_add32_err_0.114944_size_273_depth_17__timing_K64,32,7_add32_err_0.114944_size_273_depth_17,timing_K64,None,A,PASS,1,2026-10-03T22:28:44,2026-10-03T22:29:31,47.002,experiments/formal/results/width32__7_add32_err_0.114944_size_273_depth_17__timing_K64.json,ef571d0c6ce2bb1c26240c1eb07cd1c6705d62228cb949d8b13ab26374eb2ca7,,,
width32__8_add32_err_0.14183_size_268_depth_17__ER__D0,32,8_add32_err_0.14183_size_268_depth_17,ER__D0,D0,A,PASS,1,2026-10-03T22:29:46,2026-10-03T22:29:47,0.532,experiments/formal/results/width32__8_add32_err_0.14183_size_268_depth_17__ER__D0.json,3bf8ba4adc0d3f50bab5f51cc7ab43827f97dcfb263c61aca3f7b069574cdb2d,,,
width32__8_add32_err_0.14183_size_268_depth_17__ER__D1,32,8_add32_err_0.14183_size_268_depth_17,ER__D1,D1,A,PASS,1,2026-10-03T22:29:47,2026-10-03T22:29:48,1.014,experiments/formal/results/width32__8_add32_err_0.14183_size_268_depth_17__ER__D1.json,e8b81340d20477896aaecd27cac9a13978bee27d00b8599da15d7a1bbe3f0a97,,,
width32__8_add32_err_0.14183_size_268_depth_17__ER__D2,32,8_add32_err_0.14183_size_268_depth_17,ER__D2,D2,A,PASS,1,2026-10-03T22:29:48,2026-10-03T22:29:48,0.688,experiments/formal/results/width32__8_add32_err_0.14183_size_268_depth_17__ER__D2.json,b154f9634ef2855275189893c25136094db7315b1e7d1b92ab02ea22b21a416c,,,
width32__8_add32_err_0.14183_size_268_depth_17__ER__D3,32,8_add32_err_0.14183_size_268_depth_17,ER__D3,D3,A,PASS,1,2026-10-03T22:29:48,2026-10-03T22:29:49,0.84,experiments/formal/results/width32__8_add32_err_0.14183_size_268_depth_17__ER__D3.json,56456ca09dbb4c96ac5ac570f6b28f06c409800e5a8fa78f8f8c5bfd2bf3a9b6,,,
width32__8_add32_err_0.14183_size_268_depth_17__ER__D4,32,8_add32_err_0.14183_size_268_depth_17,ER__D4,D4,A,PASS,1,2026-10-03T22:29:49,2026-10-03T22:29:50,0.944,experiments/formal/results/width32__8_add32_err_0.14183_size_268_depth_17__ER__D4.json,2daf88ca034206e7f4e0c54697032f70c5165b75781397086c31cf87b24d6138,,,
width32__8_add32_err_0.14183_size_268_depth_17__ER__D5,32,8_add32_err_0.14183_size_268_depth_17,ER__D5,D5,A,PASS,1,2026-10-03T22:29:50,2026-10-03T22:29:51,0.694,experiments/formal/results/width32__8_add32_err_0.14183_size_268_depth_17__ER__D5.json,5b003bcc2ac90a400a1eea08bc9a70ccff6dc2ed8ca334de8f20e113ecbde147,,,
width32__8_add32_err_0.14183_size_268_depth_17__ER__R0,32,8_add32_err_0.14183_size_268_depth_17,ER__R0,R0,A,PASS,1,2026-10-03T22:29:51,2026-10-03T22:29:52,0.77,experiments/formal/results/width32__8_add32_err_0.14183_size_268_depth_17__ER__R0.json,268a0f6df297585342e1c1bb543aea0465496aa88406407d1e6a9c87224d8e8f,,,
width32__8_add32_err_0.14183_size_268_depth_17__ER__R1,32,8_add32_err_0.14183_size_268_depth_17,ER__R1,R1,A,PASS,1,2026-10-03T22:29:52,2026-10-03T22:29:53,0.771,experiments/formal/results/width32__8_add32_err_0.14183_size_268_depth_17__ER__R1.json,1d587870d2bad1df19a1f10b2225535bf87cbdb3bd257e45170f87fbb69fcc8f,,,
width32__8_add32_err_0.14183_size_268_depth_17__ER__R2,32,8_add32_err_0.14183_size_268_depth_17,ER__R2,R2,A,PASS,1,2026-10-03T22:29:53,2026-10-03T22:29:54,0.93,experiments/formal/results/width32__8_add32_err_0.14183_size_268_depth_17__ER__R2.json,981080c3d483cf42cc39b43d4977945498d64d537dd2ac85239aff82416ba011,,,
width32__8_add32_err_0.14183_size_268_depth_17__ER__R3,32,8_add32_err_0.14183_size_268_depth_17,ER__R3,R3,A,PASS,1,2026-10-03T22:29:54,2026-10-03T22:29:55,1.026,experiments/formal/results/width32__8_add32_err_0.14183_size_268_depth_17__ER__R3.json,9d423577cc7d27a847e448c54de6b676a23d798ba46fa62f9bed35533bf75603,,,
width32__8_add32_err_0.14183_size_268_depth_17__ER__R4,32,8_add32_err_0.14183_size_268_depth_17,ER__R4,R4,A,PASS,1,2026-10-03T22:29:55,2026-10-03T22:29:55,0.507,experiments/formal/results/width32__8_add32_err_0.14183_size_268_depth_17__ER__R4.json,bb2a81335803f719295c2d16d1c46dc019af451e42f327be2f7ad3b96fbc30a4,,,
width32__8_add32_err_0.14183_size_268_depth_17__ER__R5,32,8_add32_err_0.14183_size_268_depth_17,ER__R5,R5,A,PASS,1,2026-10-03T22:29:55,2026-10-03T22:29:56,0.783,experiments/formal/results/width32__8_add32_err_0.14183_size_268_depth_17__ER__R5.json,5cd438ba7d2059b404407c54ccb9085c8b96073f43ad071351915997453108f8,,,
width32__8_add32_err_0.14183_size_268_depth_17__ER__R6,32,8_add32_err_0.14183_size_268_depth_17,ER__R6,R6,A,PASS,1,2026-10-03T22:29:56,2026-10-03T22:29:57,0.736,experiments/formal/results/width32__8_add32_err_0.14183_size_268_depth_17__ER__R6.json,037708a4a1c1dea5e7f82decbcf5ccc15e516223fb73894c28fd9e4dfbe76d6d,,,
width32__8_add32_err_0.14183_size_268_depth_17__ER__R7,32,8_add32_err_0.14183_size_268_depth_17,ER__R7,R7,A,PASS,1,2026-10-03T22:29:57,2026-10-03T22:29:58,0.644,experiments/formal/results/width32__8_add32_err_0.14183_size_268_depth_17__ER__R7.json,14d5f8c409af1afe48e8b061d504e8b93b487baa7ac975931f554f69076632aa,,,
width32__8_add32_err_0.14183_size_268_depth_17__ER__R8,32,8_add32_err_0.14183_size_268_depth_17,ER__R8,R8,A,PASS,1,2026-10-03T22:29:58,2026-10-03T22:29:58,0.641,experiments/formal/results/width32__8_add32_err_0.14183_size_268_depth_17__ER__R8.json,9cb1dd95db1be79a315e1c66906de117a237f744aed28fa611546a8d43f32500,,,
width32__8_add32_err_0.14183_size_268_depth_17__ER__R9,32,8_add32_err_0.14183_size_268_depth_17,ER__R9,R9,A,PASS,1,2026-10-03T22:29:59,2026-10-03T22:29:59,0.648,experiments/formal/results/width32__8_add32_err_0.14183_size_268_depth_17__ER__R9.json,e4250405637596cdafc319e854e8c1d79fd7ac1fd6c16a64aa0288470d878b7d,,,
width32__8_add32_err_0.14183_size_268_depth_17__MED__D0,32,8_add32_err_0.14183_size_268_depth_17,MED__D0,D0,A,PASS,1,2026-10-03T22:30:07,2026-10-03T22:30:10,3.057,experiments/formal/results/width32__8_add32_err_0.14183_size_268_depth_17__MED__D0.json,e3130cfff39f2c9a46c1d2a2fd36eb711abdd17d54a27338f27be7d3e0e81c36,,,
width32__8_add32_err_0.14183_size_268_depth_17__MED__D1,32,8_add32_err_0.14183_size_268_depth_17,MED__D1,D1,A,PASS,1,2026-10-03T22:30:10,2026-10-03T22:30:13,2.486,experiments/formal/results/width32__8_add32_err_0.14183_size_268_depth_17__MED__D1.json,e913005b189b9b964430b0db8b0e05c990b0c7e8ea78cb31fc1ad6c8395bf7bb,,,
width32__8_add32_err_0.14183_size_268_depth_17__MED__D2,32,8_add32_err_0.14183_size_268_depth_17,MED__D2,D2,A,PASS,1,2026-10-03T22:30:13,2026-10-03T22:30:15,2.271,experiments/formal/results/width32__8_add32_err_0.14183_size_268_depth_17__MED__D2.json,c20b31fa2efce82649399abf567710061aa78a5dd62ce77c18aeb1fdea297a67,,,
width32__8_add32_err_0.14183_size_268_depth_17__MED__D3,32,8_add32_err_0.14183_size_268_depth_17,MED__D3,D3,A,PASS,1,2026-10-03T22:30:15,2026-10-03T22:30:17,2.445,experiments/formal/results/width32__8_add32_err_0.14183_size_268_depth_17__MED__D3.json,27c9cca49e33d6f4158a4c7579728ea1f656f725a5487bcb2e04a86ab215791f,,,
width32__8_add32_err_0.14183_size_268_depth_17__MED__D4,32,8_add32_err_0.14183_size_268_depth_17,MED__D4,D4,A,PASS,1,2026-10-03T22:30:18,2026-10-03T22:30:20,2.353,experiments/formal/results/width32__8_add32_err_0.14183_size_268_depth_17__MED__D4.json,53abc89dff43c2ee16f5076893efde2b257c579ac12b1db934b9c0ad55fccf87,,,
width32__8_add32_err_0.14183_size_268_depth_17__MED__D5,32,8_add32_err_0.14183_size_268_depth_17,MED__D5,D5,A,PASS,1,2026-10-03T22:30:20,2026-10-03T22:30:23,2.607,experiments/formal/results/width32__8_add32_err_0.14183_size_268_depth_17__MED__D5.json,022346dc3acde41ad6b8b7692050e2b21789c33693ab6dc0d2c0993a98564ffe,,,
width32__8_add32_err_0.14183_size_268_depth_17__compile_ER,32,8_add32_err_0.14183_size_268_depth_17,compile_ER,None,A,PASS,1,2026-10-03T22:29:31,2026-10-03T22:29:46,14.706,experiments/formal/results/width32__8_add32_err_0.14183_size_268_depth_17__compile_ER.json,3ad811676682dab8a00b3e8d0e979bf7e419168908eb34eab3f810a99c6641c9,,,
width32__8_add32_err_0.14183_size_268_depth_17__compile_MED,32,8_add32_err_0.14183_size_268_depth_17,compile_MED,None,A,PASS,1,2026-10-03T22:30:00,2026-10-03T22:30:07,7.402,experiments/formal/results/width32__8_add32_err_0.14183_size_268_depth_17__compile_MED.json,b5632997848f8426b4046e28ea40a8eb90e04307586842f626b3145efcec033c,,,
width32__8_add32_err_0.14183_size_268_depth_17__timing_K16,32,8_add32_err_0.14183_size_268_depth_17,timing_K16,None,A,PASS,1,2026-10-03T22:30:23,2026-10-03T22:30:48,24.765,experiments/formal/results/width32__8_add32_err_0.14183_size_268_depth_17__timing_K16.json,b1f89a30bd9178a9d5490bef3fc1d59b79cca41314ecbe41bac6bfb1e068a041,,,
width32__8_add32_err_0.14183_size_268_depth_17__timing_K64,32,8_add32_err_0.14183_size_268_depth_17,timing_K64,None,A,PASS,1,2026-10-03T22:30:48,2026-10-03T22:31:40,52.065,experiments/formal/results/width32__8_add32_err_0.14183_size_268_depth_17__timing_K64.json,30a6d41b3a9234c7c9e7ecf7899bb75c5ed853044453fd08fde155fcaef31576,,,
width64__10_add64_err_0.0665131_size_574_depth_22__ER__D0,64,10_add64_err_0.0665131_size_574_depth_22,ER__D0,D0,B,PASS,1,2026-10-03T22:32:27,2026-10-03T22:32:28,0.741,experiments/formal/results/width64__10_add64_err_0.0665131_size_574_depth_22__ER__D0.json,afea6affcca5ccb255fac5de2c9384b0fa59274d0a69d3a5ddc71a98f4c84d76,,,
width64__10_add64_err_0.0665131_size_574_depth_22__ER__D1,64,10_add64_err_0.0665131_size_574_depth_22,ER__D1,D1,B,PASS,1,2026-10-03T22:32:28,2026-10-03T22:32:29,1.045,experiments/formal/results/width64__10_add64_err_0.0665131_size_574_depth_22__ER__D1.json,74ade65e0ea7fa9df9617b4e0dae6fd8fdb5178fea10f681ef6cbff0bcd0863e,,,
width64__10_add64_err_0.0665131_size_574_depth_22__ER__D2,64,10_add64_err_0.0665131_size_574_depth_22,ER__D2,D2,B,PASS,1,2026-10-03T22:32:29,2026-10-03T22:32:30,1.185,experiments/formal/results/width64__10_add64_err_0.0665131_size_574_depth_22__ER__D2.json,15e7e245f2608502f83fdb5641e3c5a4f8e7a44fff07be7dbde3fea6cee800fc,,,
width64__10_add64_err_0.0665131_size_574_depth_22__ER__D3,64,10_add64_err_0.0665131_size_574_depth_22,ER__D3,D3,B,PASS,1,2026-10-03T22:32:30,2026-10-03T22:32:31,0.804,experiments/formal/results/width64__10_add64_err_0.0665131_size_574_depth_22__ER__D3.json,e9a5ca76f9c058a1ef00731d64c4bcb3b6cd18355ce7fbb75af4399b2007051d,,,
width64__10_add64_err_0.0665131_size_574_depth_22__ER__D4,64,10_add64_err_0.0665131_size_574_depth_22,ER__D4,D4,B,PASS,1,2026-10-03T22:32:31,2026-10-03T22:32:32,0.815,experiments/formal/results/width64__10_add64_err_0.0665131_size_574_depth_22__ER__D4.json,5094f319badc57a1d104ac2dd0d6ebbb2ebf09cd675105831226e8c96afe53a3,,,
width64__10_add64_err_0.0665131_size_574_depth_22__ER__D5,64,10_add64_err_0.0665131_size_574_depth_22,ER__D5,D5,B,PASS,1,2026-10-03T22:32:32,2026-10-03T22:32:33,1.154,experiments/formal/results/width64__10_add64_err_0.0665131_size_574_depth_22__ER__D5.json,bdc4dab84b76e06dc122a18ed471383d9e0ffa8ad51a3d6447b79b4d2dc81b13,,,
width64__10_add64_err_0.0665131_size_574_depth_22__ER__R0,64,10_add64_err_0.0665131_size_574_depth_22,ER__R0,R0,B,PASS,1,2026-10-03T22:32:33,2026-10-03T22:32:34,1.34,experiments/formal/results/width64__10_add64_err_0.0665131_size_574_depth_22__ER__R0.json,a063b1b89cc357aa331d09bd7b09082753f40dc49506e7b341bdedcbd9b01c1f,,,
width64__10_add64_err_0.0665131_size_574_depth_22__ER__R1,64,10_add64_err_0.0665131_size_574_depth_22,ER__R1,R1,B,PASS,1,2026-10-03T22:32:34,2026-10-03T22:32:36,1.126,experiments/formal/results/width64__10_add64_err_0.0665131_size_574_depth_22__ER__R1.json,c86d06030cb20f01b5d327f1837c9865827f2d54c23e72b84b7dd7894331b99d,,,
width64__10_add64_err_0.0665131_size_574_depth_22__ER__R2,64,10_add64_err_0.0665131_size_574_depth_22,ER__R2,R2,B,PASS,1,2026-10-03T22:32:36,2026-10-03T22:32:37,0.992,experiments/formal/results/width64__10_add64_err_0.0665131_size_574_depth_22__ER__R2.json,d469eac116a4db0e1684331608abb7a5a4cae93f039b8c199f84364154b34fcb,,,
width64__10_add64_err_0.0665131_size_574_depth_22__ER__R3,64,10_add64_err_0.0665131_size_574_depth_22,ER__R3,R3,B,PASS,1,2026-10-03T22:32:37,2026-10-03T22:32:38,0.978,experiments/formal/results/width64__10_add64_err_0.0665131_size_574_depth_22__ER__R3.json,9724f94fb524e7d7ad72ac6f6197af7139955647f0377832e09021bdf8fa68a7,,,
width64__10_add64_err_0.0665131_size_574_depth_22__ER__R4,64,10_add64_err_0.0665131_size_574_depth_22,ER__R4,R4,B,PASS,1,2026-10-03T22:32:38,2026-10-03T22:32:39,0.877,experiments/formal/results/width64__10_add64_err_0.0665131_size_574_depth_22__ER__R4.json,a2882f1483d15b1115a1091a4c9b82594c9da51365238949be4050c2983d839a,,,
width64__10_add64_err_0.0665131_size_574_depth_22__ER__R5,64,10_add64_err_0.0665131_size_574_depth_22,ER__R5,R5,B,PASS,1,2026-10-03T22:32:39,2026-10-03T22:32:39,0.713,experiments/formal/results/width64__10_add64_err_0.0665131_size_574_depth_22__ER__R5.json,ccd1b4c9fc7ce547056ac7f4fd45b27afe0a2103a10a478d935ac21bd71ef1a3,,,
width64__10_add64_err_0.0665131_size_574_depth_22__ER__R6,64,10_add64_err_0.0665131_size_574_depth_22,ER__R6,R6,B,PASS,1,2026-10-03T22:32:39,2026-10-03T22:32:40,0.69,experiments/formal/results/width64__10_add64_err_0.0665131_size_574_depth_22__ER__R6.json,fc34ffb8dde5f32840e9c08e438ef001b672ecf9f4aa29dba353797a1c0acfb9,,,
width64__10_add64_err_0.0665131_size_574_depth_22__ER__R7,64,10_add64_err_0.0665131_size_574_depth_22,ER__R7,R7,B,PASS,1,2026-10-03T22:32:40,2026-10-03T22:32:41,0.838,experiments/formal/results/width64__10_add64_err_0.0665131_size_574_depth_22__ER__R7.json,02d0165c982affebc6352cdcec6efbfd16b5e6ffff91e35366b9a72c8473eacc,,,
width64__10_add64_err_0.0665131_size_574_depth_22__ER__R8,64,10_add64_err_0.0665131_size_574_depth_22,ER__R8,R8,B,PASS,1,2026-10-03T22:32:41,2026-10-03T22:32:42,1.124,experiments/formal/results/width64__10_add64_err_0.0665131_size_574_depth_22__ER__R8.json,aea8392bb479527b17a8c4e504e6f98a6381b4728a3305f4ca74d5ec6a9d2c0e,,,
width64__10_add64_err_0.0665131_size_574_depth_22__ER__R9,64,10_add64_err_0.0665131_size_574_depth_22,ER__R9,R9,B,PASS,1,2026-10-03T22:32:43,2026-10-03T22:32:43,0.846,experiments/formal/results/width64__10_add64_err_0.0665131_size_574_depth_22__ER__R9.json,f5862cf4c0bb796b4db1a160a1a4c48206eaec8ef360595b6622e52a6de6a416,,,
width64__10_add64_err_0.0665131_size_574_depth_22__MED__D0,64,10_add64_err_0.0665131_size_574_depth_22,MED__D0,D0,B,PASS,1,2026-10-03T22:33:36,2026-10-03T22:33:40,3.505,experiments/formal/results/width64__10_add64_err_0.0665131_size_574_depth_22__MED__D0.json,30474662291dff508d0687e5276b133ed46500e01aa61fe03020db6c0b21e276,,,
width64__10_add64_err_0.0665131_size_574_depth_22__MED__D1,64,10_add64_err_0.0665131_size_574_depth_22,MED__D1,D1,B,PASS,1,2026-10-03T22:33:40,2026-10-03T22:33:46,5.114,experiments/formal/results/width64__10_add64_err_0.0665131_size_574_depth_22__MED__D1.json,700237e292cfd903c2e6be762799d000d22e3e095ede44d738967465290afb3a,,,
width64__10_add64_err_0.0665131_size_574_depth_22__MED__D2,64,10_add64_err_0.0665131_size_574_depth_22,MED__D2,D2,B,PASS,1,2026-10-03T22:33:46,2026-10-03T22:33:47,1.057,experiments/formal/results/width64__10_add64_err_0.0665131_size_574_depth_22__MED__D2.json,fa91ae1919356978fb70d714f61e0b428304096a675a2c7e499974f836ac16b0,,,
width64__10_add64_err_0.0665131_size_574_depth_22__MED__D3,64,10_add64_err_0.0665131_size_574_depth_22,MED__D3,D3,B,PASS,1,2026-10-03T22:33:47,2026-10-03T22:33:48,1.011,experiments/formal/results/width64__10_add64_err_0.0665131_size_574_depth_22__MED__D3.json,b83cd663cd865a1190d8e477135d3d19c7d9ba5f84534b7d5894ebc65eb2d6bb,,,
width64__10_add64_err_0.0665131_size_574_depth_22__MED__D4,64,10_add64_err_0.0665131_size_574_depth_22,MED__D4,D4,B,PASS,1,2026-10-03T22:33:48,2026-10-03T22:33:49,1.065,experiments/formal/results/width64__10_add64_err_0.0665131_size_574_depth_22__MED__D4.json,1470e870744ae25fcecdc6407d119a82c86c4514584e29cdd88dfc97c3093c9e,,,
width64__10_add64_err_0.0665131_size_574_depth_22__MED__D5,64,10_add64_err_0.0665131_size_574_depth_22,MED__D5,D5,B,PASS,1,2026-10-03T22:33:49,2026-10-03T22:33:50,1.073,experiments/formal/results/width64__10_add64_err_0.0665131_size_574_depth_22__MED__D5.json,9940a67a9d356afbcad1f25ce444a26124c47261503bc8d9109a9311d8da6fb0,,,
width64__10_add64_err_0.0665131_size_574_depth_22__compile_ER,64,10_add64_err_0.0665131_size_574_depth_22,compile_ER,None,B,PASS,1,2026-10-03T22:31:40,2026-10-03T22:32:27,47.041,experiments/formal/results/width64__10_add64_err_0.0665131_size_574_depth_22__compile_ER.json,1722f28561203489031dc62988468a87a31395ac5115d276e2dd2a1a8ffaeb3b,,,
width64__10_add64_err_0.0665131_size_574_depth_22__compile_MED,64,10_add64_err_0.0665131_size_574_depth_22,compile_MED,None,B,PASS,1,2026-10-03T22:32:43,2026-10-03T22:33:36,52.739,experiments/formal/results/width64__10_add64_err_0.0665131_size_574_depth_22__compile_MED.json,8564a0749523b79fa74f5ffbeacd5f55ac4ad933f8963392d12b641be63c3489,,,
width64__10_add64_err_0.0665131_size_574_depth_22__timing_K16,64,10_add64_err_0.0665131_size_574_depth_22,timing_K16,None,B,PASS,1,2026-10-03T22:33:50,2026-10-03T22:35:07,76.788,experiments/formal/results/width64__10_add64_err_0.0665131_size_574_depth_22__timing_K16.json,29443ab27da29acb790b4f0f3617e2bbc17df65ebeffb69f6e7a180e10f88718,,,
width64__10_add64_err_0.0665131_size_574_depth_22__timing_K64,64,10_add64_err_0.0665131_size_574_depth_22,timing_K64,None,B,PASS,1,2026-10-03T22:35:07,2026-10-03T22:36:53,105.918,experiments/formal/results/width64__10_add64_err_0.0665131_size_574_depth_22__timing_K64.json,b0e19ea2a229f471de222832d947b6d8d2a052349a998bacc04ce5ade5e80832,,,
width64__11_add64_err_0.0929413_size_571_depth_22__ER__D0,64,11_add64_err_0.0929413_size_571_depth_22,ER__D0,D0,B,PASS,1,2026-10-03T22:37:40,2026-10-03T22:37:45,5.127,experiments/formal/results/width64__11_add64_err_0.0929413_size_571_depth_22__ER__D0.json,066825353849bf762c80bef258ddc3d773d43c27c1fdb4d2567f726971af82df,,,
width64__11_add64_err_0.0929413_size_571_depth_22__ER__D1,64,11_add64_err_0.0929413_size_571_depth_22,ER__D1,D1,B,PASS,1,2026-10-03T22:37:45,2026-10-03T22:37:49,3.824,experiments/formal/results/width64__11_add64_err_0.0929413_size_571_depth_22__ER__D1.json,22fb46e72b65df482e5553bf620c373de8ddfa67a043908d2dafba584d9b6db0,,,
width64__11_add64_err_0.0929413_size_571_depth_22__ER__D2,64,11_add64_err_0.0929413_size_571_depth_22,ER__D2,D2,B,PASS,1,2026-10-03T22:37:49,2026-10-03T22:37:51,2.125,experiments/formal/results/width64__11_add64_err_0.0929413_size_571_depth_22__ER__D2.json,59733f50f842c545c48831312f1550558be773f3375fd2c350395925f62289ef,,,
width64__11_add64_err_0.0929413_size_571_depth_22__ER__D3,64,11_add64_err_0.0929413_size_571_depth_22,ER__D3,D3,B,PASS,1,2026-10-03T22:37:51,2026-10-03T22:37:53,2.018,experiments/formal/results/width64__11_add64_err_0.0929413_size_571_depth_22__ER__D3.json,e79d3122795d199722f38e5e69dff90953a88af26e9cf3b2a7a335da95a330f6,,,
width64__11_add64_err_0.0929413_size_571_depth_22__ER__D4,64,11_add64_err_0.0929413_size_571_depth_22,ER__D4,D4,B,PASS,1,2026-10-03T22:37:54,2026-10-03T22:37:55,1.895,experiments/formal/results/width64__11_add64_err_0.0929413_size_571_depth_22__ER__D4.json,569a6a1022ca21035d8c631018fd883e4acac6d2af0ad6abac49b799e80675d8,,,
width64__11_add64_err_0.0929413_size_571_depth_22__ER__D5,64,11_add64_err_0.0929413_size_571_depth_22,ER__D5,D5,B,PASS,1,2026-10-03T22:37:55,2026-10-03T22:37:57,1.847,experiments/formal/results/width64__11_add64_err_0.0929413_size_571_depth_22__ER__D5.json,9aac3d4c3dc54a6b87f93be09abe3cb44cbc0c5cd2f8ed62af2d3768ea2f1a69,,,
width64__11_add64_err_0.0929413_size_571_depth_22__ER__R0,64,11_add64_err_0.0929413_size_571_depth_22,ER__R0,R0,B,PASS,1,2026-10-03T22:37:57,2026-10-03T22:37:59,1.811,experiments/formal/results/width64__11_add64_err_0.0929413_size_571_depth_22__ER__R0.json,6f8aa84df0ea3049a1bce0d40e2bb7e4214e72648e6f6c96ec59cc36ef46bfe9,,,
width64__11_add64_err_0.0929413_size_571_depth_22__ER__R1,64,11_add64_err_0.0929413_size_571_depth_22,ER__R1,R1,B,PASS,1,2026-10-03T22:37:59,2026-10-03T22:38:01,1.735,experiments/formal/results/width64__11_add64_err_0.0929413_size_571_depth_22__ER__R1.json,581c85d16e577967587cfe6678b111691bce19854a2d8523f62783ec1862ffe6,,,
width64__11_add64_err_0.0929413_size_571_depth_22__ER__R2,64,11_add64_err_0.0929413_size_571_depth_22,ER__R2,R2,B,PASS,1,2026-10-03T22:38:01,2026-10-03T22:38:03,1.76,experiments/formal/results/width64__11_add64_err_0.0929413_size_571_depth_22__ER__R2.json,79acf60d84f6eda898ea57ecec962155aad54cf882ea8dbce8b546dc8b58f8d0,,,
width64__11_add64_err_0.0929413_size_571_depth_22__ER__R3,64,11_add64_err_0.0929413_size_571_depth_22,ER__R3,R3,B,PASS,1,2026-10-03T22:38:03,2026-10-03T22:38:05,1.876,experiments/formal/results/width64__11_add64_err_0.0929413_size_571_depth_22__ER__R3.json,3cd8d9a36d64d8f894dc7f544e63d4abb7311c1b0ecd73a1a031f13f63962c4f,,,
width64__11_add64_err_0.0929413_size_571_depth_22__ER__R4,64,11_add64_err_0.0929413_size_571_depth_22,ER__R4,R4,B,PASS,1,2026-10-03T22:38:05,2026-10-03T22:38:07,1.924,experiments/formal/results/width64__11_add64_err_0.0929413_size_571_depth_22__ER__R4.json,315f3db264f2316187765e239d25842a52d8643881c4f1de22d5566d7976b9e6,,,
width64__11_add64_err_0.0929413_size_571_depth_22__ER__R5,64,11_add64_err_0.0929413_size_571_depth_22,ER__R5,R5,B,PASS,1,2026-10-03T22:38:07,2026-10-03T22:38:09,1.977,experiments/formal/results/width64__11_add64_err_0.0929413_size_571_depth_22__ER__R5.json,f40b86aee0f65461a4d3967562961f557093610734fff8cf5262f5a08a015b93,,,
width64__11_add64_err_0.0929413_size_571_depth_22__ER__R6,64,11_add64_err_0.0929413_size_571_depth_22,ER__R6,R6,B,PASS,1,2026-10-03T22:38:09,2026-10-03T22:38:11,1.858,experiments/formal/results/width64__11_add64_err_0.0929413_size_571_depth_22__ER__R6.json,5e367af1e2c6975a21d2f85964b39361fea936104129f4854cd52de9d8316b25,,,
width64__11_add64_err_0.0929413_size_571_depth_22__ER__R7,64,11_add64_err_0.0929413_size_571_depth_22,ER__R7,R7,B,PASS,1,2026-10-03T22:38:11,2026-10-03T22:38:12,1.816,experiments/formal/results/width64__11_add64_err_0.0929413_size_571_depth_22__ER__R7.json,0e1683d37c892713e7ebbeb88922d381e7d56adc7dc13a02fa4c34720ff59c7d,,,
width64__11_add64_err_0.0929413_size_571_depth_22__ER__R8,64,11_add64_err_0.0929413_size_571_depth_22,ER__R8,R8,B,PASS,1,2026-10-03T22:38:13,2026-10-03T22:38:14,1.872,experiments/formal/results/width64__11_add64_err_0.0929413_size_571_depth_22__ER__R8.json,56a37e1db6827537ed296a0515a6b54c09c5db0f324f4c20e4110bfe4fd73c19,,,
width64__11_add64_err_0.0929413_size_571_depth_22__ER__R9,64,11_add64_err_0.0929413_size_571_depth_22,ER__R9,R9,B,PASS,1,2026-10-03T22:38:14,2026-10-03T22:38:16,1.861,experiments/formal/results/width64__11_add64_err_0.0929413_size_571_depth_22__ER__R9.json,7c1bfff6a50e1510fd0fd70b06325ce03e1c9f52604bbc95599b5c32a38cffe2,,,
width64__11_add64_err_0.0929413_size_571_depth_22__MED__D0,64,11_add64_err_0.0929413_size_571_depth_22,MED__D0,D0,B,PASS,1,2026-10-03T22:38:40,2026-10-03T22:38:42,1.669,experiments/formal/results/width64__11_add64_err_0.0929413_size_571_depth_22__MED__D0.json,3aa4e5b2bff863ffb46013c453389b40c272ec56c037eb001bcf2691862ea783,,,
width64__11_add64_err_0.0929413_size_571_depth_22__MED__D1,64,11_add64_err_0.0929413_size_571_depth_22,MED__D1,D1,B,PASS,1,2026-10-03T22:38:42,2026-10-03T22:38:43,1.46,experiments/formal/results/width64__11_add64_err_0.0929413_size_571_depth_22__MED__D1.json,c06214d963d824efa93426e1957e68f422b3bfac64773f5dac1add36d92963b2,,,
width64__11_add64_err_0.0929413_size_571_depth_22__MED__D2,64,11_add64_err_0.0929413_size_571_depth_22,MED__D2,D2,B,PASS,1,2026-10-03T22:38:43,2026-10-03T22:38:45,1.689,experiments/formal/results/width64__11_add64_err_0.0929413_size_571_depth_22__MED__D2.json,6084b31b213bef1df71b472cf62c1575cd04d62f2c2e70add620ccc6bf08c33d,,,
width64__11_add64_err_0.0929413_size_571_depth_22__MED__D3,64,11_add64_err_0.0929413_size_571_depth_22,MED__D3,D3,B,PASS,1,2026-10-03T22:38:45,2026-10-03T22:38:46,1.478,experiments/formal/results/width64__11_add64_err_0.0929413_size_571_depth_22__MED__D3.json,2e4d56a4d9a862aa4c3bd0063d71a6dab70a1988429fe02da45c32dd02b9afd8,,,
width64__11_add64_err_0.0929413_size_571_depth_22__MED__D4,64,11_add64_err_0.0929413_size_571_depth_22,MED__D4,D4,B,PASS,1,2026-10-03T22:38:46,2026-10-03T22:38:48,1.44,experiments/formal/results/width64__11_add64_err_0.0929413_size_571_depth_22__MED__D4.json,051b524ebd69b32635a1c237d1b395c3bad186fa68d84d8e2bd307b38a4abdc9,,,
width64__11_add64_err_0.0929413_size_571_depth_22__MED__D5,64,11_add64_err_0.0929413_size_571_depth_22,MED__D5,D5,B,PASS,1,2026-10-03T22:38:48,2026-10-03T22:38:49,1.496,experiments/formal/results/width64__11_add64_err_0.0929413_size_571_depth_22__MED__D5.json,5a3e3a180f247a401ea59b82b45ed9df59eb88ac4a22da87c026b6c280f9bbb9,,,
width64__11_add64_err_0.0929413_size_571_depth_22__compile_ER,64,11_add64_err_0.0929413_size_571_depth_22,compile_ER,None,B,PASS,1,2026-10-03T22:36:53,2026-10-03T22:37:39,46.642,experiments/formal/results/width64__11_add64_err_0.0929413_size_571_depth_22__compile_ER.json,b46b9d1b699e7f116f1be65e02b3c96de098da4e91a4f690edbb1d997181f1e8,,,
width64__11_add64_err_0.0929413_size_571_depth_22__compile_MED,64,11_add64_err_0.0929413_size_571_depth_22,compile_MED,None,B,PASS,1,2026-10-03T22:38:16,2026-10-03T22:38:40,23.502,experiments/formal/results/width64__11_add64_err_0.0929413_size_571_depth_22__compile_MED.json,2fc99b7f27c48c8f1eb2d94b004f5ca24dd1aaa6f24fe77647ceea2213c2bbb4,,,
width64__11_add64_err_0.0929413_size_571_depth_22__timing_K16,64,11_add64_err_0.0929413_size_571_depth_22,timing_K16,None,B,PASS,1,2026-10-03T22:38:49,2026-10-03T22:39:36,47.059,experiments/formal/results/width64__11_add64_err_0.0929413_size_571_depth_22__timing_K16.json,a3844437248038154cc9f89b74e0080db43f89d0466448a25bd67b52fcc4fa7a,,,
width64__11_add64_err_0.0929413_size_571_depth_22__timing_K64,64,11_add64_err_0.0929413_size_571_depth_22,timing_K64,None,B,PASS,1,2026-10-03T22:39:36,2026-10-03T22:41:53,136.027,experiments/formal/results/width64__11_add64_err_0.0929413_size_571_depth_22__timing_K64.json,351b039e59fcff0c0c4bdecc98347f14f537b03a7b539aaed05da52eae855b2e,,,
width64__1_add64_err_0_size_630_depth_22__ER__D0,64,1_add64_err_0_size_630_depth_22,ER__D0,D0,B,PASS,1,2026-10-03T22:41:54,2026-10-03T22:41:55,0.411,experiments/formal/results/width64__1_add64_err_0_size_630_depth_22__ER__D0.json,50bb13d6b60a7c42249d22362cdf701bb357e3b741c97dc9fdc46ba0a9afbf6d,,,
width64__1_add64_err_0_size_630_depth_22__ER__D1,64,1_add64_err_0_size_630_depth_22,ER__D1,D1,B,PASS,1,2026-10-03T22:41:55,2026-10-03T22:41:55,0.382,experiments/formal/results/width64__1_add64_err_0_size_630_depth_22__ER__D1.json,c5d554c2c356d320e1d11fbf9023f24b44fa2a1311abd9ebc38459d645876849,,,
width64__1_add64_err_0_size_630_depth_22__ER__D2,64,1_add64_err_0_size_630_depth_22,ER__D2,D2,B,PASS,1,2026-10-03T22:41:55,2026-10-03T22:41:55,0.374,experiments/formal/results/width64__1_add64_err_0_size_630_depth_22__ER__D2.json,45370bdc0fa9cb1a7764ad6e62eba54ea4244519358d2cc281c1ad3b27b371ed,,,
width64__1_add64_err_0_size_630_depth_22__ER__D3,64,1_add64_err_0_size_630_depth_22,ER__D3,D3,B,PASS,1,2026-10-03T22:41:55,2026-10-03T22:41:56,0.378,experiments/formal/results/width64__1_add64_err_0_size_630_depth_22__ER__D3.json,5b964efe7569804a2a150f933e421cf1430215535eff889daaf878b66652743f,,,
width64__1_add64_err_0_size_630_depth_22__ER__D4,64,1_add64_err_0_size_630_depth_22,ER__D4,D4,B,PASS,1,2026-10-03T22:41:56,2026-10-03T22:41:56,0.449,experiments/formal/results/width64__1_add64_err_0_size_630_depth_22__ER__D4.json,db488d660fc182c6a3bbebbe89b0e33947f24766a724014145adef26cedd147c,,,
width64__1_add64_err_0_size_630_depth_22__ER__D5,64,1_add64_err_0_size_630_depth_22,ER__D5,D5,B,PASS,1,2026-10-03T22:41:56,2026-10-03T22:41:57,0.383,experiments/formal/results/width64__1_add64_err_0_size_630_depth_22__ER__D5.json,beba71d98dd72aac9d6fb147a0d1554bde2d16d3e554c23b25d550048d01abb6,,,
width64__1_add64_err_0_size_630_depth_22__ER__R0,64,1_add64_err_0_size_630_depth_22,ER__R0,R0,B,PASS,1,2026-10-03T22:41:57,2026-10-03T22:41:57,0.442,experiments/formal/results/width64__1_add64_err_0_size_630_depth_22__ER__R0.json,9dae7c88aef6a3c01401a25f9d577727f7f4300a3509c70737c06ed1b52a62ce,,,
width64__1_add64_err_0_size_630_depth_22__ER__R1,64,1_add64_err_0_size_630_depth_22,ER__R1,R1,B,PASS,1,2026-10-03T22:41:57,2026-10-03T22:41:58,0.387,experiments/formal/results/width64__1_add64_err_0_size_630_depth_22__ER__R1.json,09e045e98f38bc3136750a4f82d8ecd4ce0e0e0a733b2627027031f92013eaf8,,,
width64__1_add64_err_0_size_630_depth_22__ER__R2,64,1_add64_err_0_size_630_depth_22,ER__R2,R2,B,PASS,1,2026-10-03T22:41:58,2026-10-03T22:41:58,0.387,experiments/formal/results/width64__1_add64_err_0_size_630_depth_22__ER__R2.json,8481cb72c47f445869d113642d8695fed6e6049b49ee867d8132bda2fae9477d,,,
width64__1_add64_err_0_size_630_depth_22__ER__R3,64,1_add64_err_0_size_630_depth_22,ER__R3,R3,B,PASS,1,2026-10-03T22:41:58,2026-10-03T22:41:59,0.445,experiments/formal/results/width64__1_add64_err_0_size_630_depth_22__ER__R3.json,7cb89270a4dd9c1b27387084b434252c2bb14e6258bcaa3ff491e61dd3adf337,,,
width64__1_add64_err_0_size_630_depth_22__ER__R4,64,1_add64_err_0_size_630_depth_22,ER__R4,R4,B,PASS,1,2026-10-03T22:41:59,2026-10-03T22:41:59,0.422,experiments/formal/results/width64__1_add64_err_0_size_630_depth_22__ER__R4.json,675c9b7a015c1c75ea09a0b8acf3e6a8e52b336c592bab75383aa9568a86f350,,,
width64__1_add64_err_0_size_630_depth_22__ER__R5,64,1_add64_err_0_size_630_depth_22,ER__R5,R5,B,PASS,1,2026-10-03T22:41:59,2026-10-03T22:41:59,0.387,experiments/formal/results/width64__1_add64_err_0_size_630_depth_22__ER__R5.json,19ea1a942bf16d8e3fdba7a5ef37190c52baccc58c12b7a05b899e91c1d40f27,,,
width64__1_add64_err_0_size_630_depth_22__ER__R6,64,1_add64_err_0_size_630_depth_22,ER__R6,R6,B,PASS,1,2026-10-03T22:41:59,2026-10-03T22:42:00,0.393,experiments/formal/results/width64__1_add64_err_0_size_630_depth_22__ER__R6.json,67be0895cb081e8dc8d02c5aef0b34e7fd4c6129ba1cec8678112ba363863f77,,,
width64__1_add64_err_0_size_630_depth_22__ER__R7,64,1_add64_err_0_size_630_depth_22,ER__R7,R7,B,PASS,1,2026-10-03T22:42:00,2026-10-03T22:42:00,0.39,experiments/formal/results/width64__1_add64_err_0_size_630_depth_22__ER__R7.json,1fc6f1c65d8075347c46e48115195b1447e64473590c50c13662befb1740a2dd,,,
width64__1_add64_err_0_size_630_depth_22__ER__R8,64,1_add64_err_0_size_630_depth_22,ER__R8,R8,B,PASS,1,2026-10-03T22:42:00,2026-10-03T22:42:01,0.399,experiments/formal/results/width64__1_add64_err_0_size_630_depth_22__ER__R8.json,ac15e67cd9179b065cc17868c645d143ddf5b8a920416ea2b1a2b589b32c15be,,,
width64__1_add64_err_0_size_630_depth_22__ER__R9,64,1_add64_err_0_size_630_depth_22,ER__R9,R9,B,PASS,1,2026-10-03T22:42:01,2026-10-03T22:42:01,0.398,experiments/formal/results/width64__1_add64_err_0_size_630_depth_22__ER__R9.json,e5439e872af94960ab85230a586136ad71429fc949b15fdc0f7e51428b42ab97,,,
width64__1_add64_err_0_size_630_depth_22__MED__D0,64,1_add64_err_0_size_630_depth_22,MED__D0,D0,B,PASS,1,2026-10-03T22:42:04,2026-10-03T22:42:05,0.477,experiments/formal/results/width64__1_add64_err_0_size_630_depth_22__MED__D0.json,fadfe67f2cb08535e41276ad282ea915ce6ee964e090523124402be515de0b0f,,,
width64__1_add64_err_0_size_630_depth_22__MED__D1,64,1_add64_err_0_size_630_depth_22,MED__D1,D1,B,PASS,1,2026-10-03T22:42:05,2026-10-03T22:42:05,0.338,experiments/formal/results/width64__1_add64_err_0_size_630_depth_22__MED__D1.json,3bb274c8e302bc56e857f8f84781fcc196a12d4f065da63593cc3a8656012796,,,
width64__1_add64_err_0_size_630_depth_22__MED__D2,64,1_add64_err_0_size_630_depth_22,MED__D2,D2,B,PASS,1,2026-10-03T22:42:05,2026-10-03T22:42:06,0.345,experiments/formal/results/width64__1_add64_err_0_size_630_depth_22__MED__D2.json,d9e59f2a552da580bbb6251009df390d4f382ce41f6c9037ba833534e02bc689,,,
width64__1_add64_err_0_size_630_depth_22__MED__D3,64,1_add64_err_0_size_630_depth_22,MED__D3,D3,B,PASS,1,2026-10-03T22:42:06,2026-10-03T22:42:06,0.36,experiments/formal/results/width64__1_add64_err_0_size_630_depth_22__MED__D3.json,953b5e16355a1b88cce2b116afb2e47ad3a84ff9eacb68294c7b74ad69d51ece,,,
width64__1_add64_err_0_size_630_depth_22__MED__D4,64,1_add64_err_0_size_630_depth_22,MED__D4,D4,B,PASS,1,2026-10-03T22:42:06,2026-10-03T22:42:06,0.336,experiments/formal/results/width64__1_add64_err_0_size_630_depth_22__MED__D4.json,34ab370aa094b73883a0bc58e243c160e154e0ea8a93be47f38e1c2fa196347e,,,
width64__1_add64_err_0_size_630_depth_22__MED__D5,64,1_add64_err_0_size_630_depth_22,MED__D5,D5,B,PASS,1,2026-10-03T22:42:07,2026-10-03T22:42:07,0.371,experiments/formal/results/width64__1_add64_err_0_size_630_depth_22__MED__D5.json,b91fd275f077a1e8208462180c3e683913a37f4a37a1f5a5aadcccd5b727e175,,,
width64__1_add64_err_0_size_630_depth_22__compile_ER,64,1_add64_err_0_size_630_depth_22,compile_ER,None,B,PASS,1,2026-10-03T22:41:53,2026-10-03T22:41:54,1.613,experiments/formal/results/width64__1_add64_err_0_size_630_depth_22__compile_ER.json,ccf496d2c338ed6265d8185583e760da07249dc49d153c44dbb150cc173a7f21,,,
width64__1_add64_err_0_size_630_depth_22__compile_MED,64,1_add64_err_0_size_630_depth_22,compile_MED,None,B,PASS,1,2026-10-03T22:42:01,2026-10-03T22:42:04,3.062,experiments/formal/results/width64__1_add64_err_0_size_630_depth_22__compile_MED.json,fca6b2cb9dde35e26815624dbd3221362a3b96f6bead0dcfe048170016f8a2d7,,,
width64__1_add64_err_0_size_630_depth_22__timing_K16,64,1_add64_err_0_size_630_depth_22,timing_K16,None,B,PASS,1,2026-10-03T22:42:07,2026-10-03T22:42:15,8.248,experiments/formal/results/width64__1_add64_err_0_size_630_depth_22__timing_K16.json,649d5b13c229c18898aa8486bed65ccf42bbcec198661f589cbebbebb8047fc7,,,
width64__1_add64_err_0_size_630_depth_22__timing_K64,64,1_add64_err_0_size_630_depth_22,timing_K64,None,B,PASS,1,2026-10-03T22:42:15,2026-10-03T22:42:43,28.108,experiments/formal/results/width64__1_add64_err_0_size_630_depth_22__timing_K64.json,ea4f079902deb85ee04a7ccb488864ebfd3ba115d9b9241296789d40cd2e316b,,,
width64__2_add64_err_1.52588e-05_size_616_depth_22__ER__D0,64,2_add64_err_1.52588e-05_size_616_depth_22,ER__D0,D0,B,PASS,1,2026-10-03T22:43:03,2026-10-03T22:43:04,0.568,experiments/formal/results/width64__2_add64_err_1.52588e-05_size_616_depth_22__ER__D0.json,77ac361ebdedbd4e78de037f3141df6834d00759ba67fe69b4f6a1671463a5b4,,,
width64__2_add64_err_1.52588e-05_size_616_depth_22__ER__D1,64,2_add64_err_1.52588e-05_size_616_depth_22,ER__D1,D1,B,PASS,1,2026-10-03T22:43:04,2026-10-03T22:43:04,0.563,experiments/formal/results/width64__2_add64_err_1.52588e-05_size_616_depth_22__ER__D1.json,f48889a50c7a3bfe9bf490d24ed79e542ce432e3f32b4ca5140eb28dd2b98afd,,,
width64__2_add64_err_1.52588e-05_size_616_depth_22__ER__D2,64,2_add64_err_1.52588e-05_size_616_depth_22,ER__D2,D2,B,PASS,1,2026-10-03T22:43:05,2026-10-03T22:43:05,0.552,experiments/formal/results/width64__2_add64_err_1.52588e-05_size_616_depth_22__ER__D2.json,6bfd9ea61f33c2fb974d44aa71d8a0460972158f0df12a126531fc648e09551d,,,
width64__2_add64_err_1.52588e-05_size_616_depth_22__ER__D3,64,2_add64_err_1.52588e-05_size_616_depth_22,ER__D3,D3,B,PASS,1,2026-10-03T22:43:05,2026-10-03T22:43:06,0.539,experiments/formal/results/width64__2_add64_err_1.52588e-05_size_616_depth_22__ER__D3.json,24d4b117888a5b41c79185af95a254c9bb8c5f1387fa4a12bf0d05b6ba70f522,,,
width64__2_add64_err_1.52588e-05_size_616_depth_22__ER__D4,64,2_add64_err_1.52588e-05_size_616_depth_22,ER__D4,D4,B,PASS,1,2026-10-03T22:43:06,2026-10-03T22:43:06,0.563,experiments/formal/results/width64__2_add64_err_1.52588e-05_size_616_depth_22__ER__D4.json,9f25cec9344906646584b49ee92b1147247e3d318bc861eeba171f8fb568828f,,,
width64__2_add64_err_1.52588e-05_size_616_depth_22__ER__D5,64,2_add64_err_1.52588e-05_size_616_depth_22,ER__D5,D5,B,PASS,1,2026-10-03T22:43:06,2026-10-03T22:43:07,0.66,experiments/formal/results/width64__2_add64_err_1.52588e-05_size_616_depth_22__ER__D5.json,d7e898d31b7d2927568e80a135bbb4f71b4b21adca706a8a8e64633678ff0ab5,,,
width64__2_add64_err_1.52588e-05_size_616_depth_22__ER__R0,64,2_add64_err_1.52588e-05_size_616_depth_22,ER__R0,R0,B,PASS,1,2026-10-03T22:43:07,2026-10-03T22:43:08,0.543,experiments/formal/results/width64__2_add64_err_1.52588e-05_size_616_depth_22__ER__R0.json,b7e2d5bc541b095e0eec287e5bd18c00b93f12b27a79f589ace3240f763622e0,,,
width64__2_add64_err_1.52588e-05_size_616_depth_22__ER__R1,64,2_add64_err_1.52588e-05_size_616_depth_22,ER__R1,R1,B,PASS,1,2026-10-03T22:43:08,2026-10-03T22:43:08,0.558,experiments/formal/results/width64__2_add64_err_1.52588e-05_size_616_depth_22__ER__R1.json,a606ca110e122b76e1aa2f79d7ed5a5e9f0e7d26d154241e61012797541b1217,,,
width64__2_add64_err_1.52588e-05_size_616_depth_22__ER__R2,64,2_add64_err_1.52588e-05_size_616_depth_22,ER__R2,R2,B,PASS,1,2026-10-03T22:43:08,2026-10-03T22:43:09,0.619,experiments/formal/results/width64__2_add64_err_1.52588e-05_size_616_depth_22__ER__R2.json,e0fa98ce54dad0ee425bb3afd86bf7c26e9aa9e937bf7f1de23c5c9870e95807,,,
width64__2_add64_err_1.52588e-05_size_616_depth_22__ER__R3,64,2_add64_err_1.52588e-05_size_616_depth_22,ER__R3,R3,B,PASS,1,2026-10-03T22:43:09,2026-10-03T22:43:09,0.589,experiments/formal/results/width64__2_add64_err_1.52588e-05_size_616_depth_22__ER__R3.json,a047f22f60aef8b477dffd8a36e5781369a8530806fffaabc4d9bc3884a78e07,,,
width64__2_add64_err_1.52588e-05_size_616_depth_22__ER__R4,64,2_add64_err_1.52588e-05_size_616_depth_22,ER__R4,R4,B,PASS,1,2026-10-03T22:43:09,2026-10-03T22:43:10,0.672,experiments/formal/results/width64__2_add64_err_1.52588e-05_size_616_depth_22__ER__R4.json,0042674fbe28d21619c2510c15e5ad802b05288671b4c49619f3f9542c42169b,,,
width64__2_add64_err_1.52588e-05_size_616_depth_22__ER__R5,64,2_add64_err_1.52588e-05_size_616_depth_22,ER__R5,R5,B,PASS,1,2026-10-03T22:43:10,2026-10-03T22:43:11,0.67,experiments/formal/results/width64__2_add64_err_1.52588e-05_size_616_depth_22__ER__R5.json,678a0c10d401845dc6fc3293aaa458addbaaf7bf6a1ef203d50b94df736e123d,,,
width64__2_add64_err_1.52588e-05_size_616_depth_22__ER__R6,64,2_add64_err_1.52588e-05_size_616_depth_22,ER__R6,R6,B,PASS,1,2026-10-03T22:43:11,2026-10-03T22:43:12,0.68,experiments/formal/results/width64__2_add64_err_1.52588e-05_size_616_depth_22__ER__R6.json,a45c216e762c59d3e5a14110d20f2da4ff8d7426a4ce55439f66e71fad3398fe,,,
width64__2_add64_err_1.52588e-05_size_616_depth_22__ER__R7,64,2_add64_err_1.52588e-05_size_616_depth_22,ER__R7,R7,B,PASS,1,2026-10-03T22:43:12,2026-10-03T22:43:12,0.546,experiments/formal/results/width64__2_add64_err_1.52588e-05_size_616_depth_22__ER__R7.json,52507eed11a51b740d65593c0eb05e5db4de73731f49f39643a8ac232637b9be,,,
width64__2_add64_err_1.52588e-05_size_616_depth_22__ER__R8,64,2_add64_err_1.52588e-05_size_616_depth_22,ER__R8,R8,B,PASS,1,2026-10-03T22:43:12,2026-10-03T22:43:13,0.825,experiments/formal/results/width64__2_add64_err_1.52588e-05_size_616_depth_22__ER__R8.json,059c0feef47295dbaa7fecaf3dc7227784918bec5a88e62b71887ec9e3d0e6bc,,,
width64__2_add64_err_1.52588e-05_size_616_depth_22__ER__R9,64,2_add64_err_1.52588e-05_size_616_depth_22,ER__R9,R9,B,PASS,1,2026-10-03T22:43:13,2026-10-03T22:43:14,0.558,experiments/formal/results/width64__2_add64_err_1.52588e-05_size_616_depth_22__ER__R9.json,9f8e9cd2f106a9f34614c52db4a76467bc04db5c397640afad5919a5033c43c7,,,
width64__2_add64_err_1.52588e-05_size_616_depth_22__MED__D0,64,2_add64_err_1.52588e-05_size_616_depth_22,MED__D0,D0,B,PASS,1,2026-10-03T22:43:24,2026-10-03T22:43:25,0.951,experiments/formal/results/width64__2_add64_err_1.52588e-05_size_616_depth_22__MED__D0.json,3cc8e34ecdef461c7ce6cecb791044cbad126a3248257cdd937c7b7836c2e2fe,,,
width64__2_add64_err_1.52588e-05_size_616_depth_22__MED__D1,64,2_add64_err_1.52588e-05_size_616_depth_22,MED__D1,D1,B,PASS,1,2026-10-03T22:43:25,2026-10-03T22:43:26,0.922,experiments/formal/results/width64__2_add64_err_1.52588e-05_size_616_depth_22__MED__D1.json,dde94f887d536a5af4c4ea6a66d3164ce807c3056bfe086e6c22cbd8ad059dd5,,,
width64__2_add64_err_1.52588e-05_size_616_depth_22__MED__D2,64,2_add64_err_1.52588e-05_size_616_depth_22,MED__D2,D2,B,PASS,1,2026-10-03T22:43:26,2026-10-03T22:43:27,0.849,experiments/formal/results/width64__2_add64_err_1.52588e-05_size_616_depth_22__MED__D2.json,4c539b113306f62e89346a760a062c6ed9d719a23228facc798a8056edef5ac3,,,
width64__2_add64_err_1.52588e-05_size_616_depth_22__MED__D3,64,2_add64_err_1.52588e-05_size_616_depth_22,MED__D3,D3,B,PASS,1,2026-10-03T22:43:27,2026-10-03T22:43:28,0.729,experiments/formal/results/width64__2_add64_err_1.52588e-05_size_616_depth_22__MED__D3.json,1f4a8d1d48b87106d86ec1a8adb8da6ff68fa2b2d792b033008bc99bfcc189fd,,,
width64__2_add64_err_1.52588e-05_size_616_depth_22__MED__D4,64,2_add64_err_1.52588e-05_size_616_depth_22,MED__D4,D4,B,PASS,1,2026-10-03T22:43:28,2026-10-03T22:43:28,0.758,experiments/formal/results/width64__2_add64_err_1.52588e-05_size_616_depth_22__MED__D4.json,9e94fc9866a4bb1cc4d73954044b0f9a0ec2c027597a8ce9b46b7716d4b6667f,,,
width64__2_add64_err_1.52588e-05_size_616_depth_22__MED__D5,64,2_add64_err_1.52588e-05_size_616_depth_22,MED__D5,D5,B,PASS,1,2026-10-03T22:43:28,2026-10-03T22:43:29,0.948,experiments/formal/results/width64__2_add64_err_1.52588e-05_size_616_depth_22__MED__D5.json,e9005c69042d9f54ebf26ce204c2b1b2e7bc665e05ef32fc52516e82861e7d5d,,,
width64__2_add64_err_1.52588e-05_size_616_depth_22__compile_ER,64,2_add64_err_1.52588e-05_size_616_depth_22,compile_ER,None,B,PASS,1,2026-10-03T22:42:43,2026-10-03T22:43:03,19.943,experiments/formal/results/width64__2_add64_err_1.52588e-05_size_616_depth_22__compile_ER.json,a3d103c7e9c2856d3a999fea7da4c7a4c7256c66a1fc85992c3fa88a6a602091,,,
width64__2_add64_err_1.52588e-05_size_616_depth_22__compile_MED,64,2_add64_err_1.52588e-05_size_616_depth_22,compile_MED,None,B,PASS,1,2026-10-03T22:43:14,2026-10-03T22:43:24,10.073,experiments/formal/results/width64__2_add64_err_1.52588e-05_size_616_depth_22__compile_MED.json,de641e961cea8c8e98e70f60be14756ccc29362b729afc1ac767f0b7eb953657,,,
width64__2_add64_err_1.52588e-05_size_616_depth_22__timing_K16,64,2_add64_err_1.52588e-05_size_616_depth_22,timing_K16,None,B,PASS,1,2026-10-03T22:43:29,2026-10-03T22:43:58,28.277,experiments/formal/results/width64__2_add64_err_1.52588e-05_size_616_depth_22__timing_K16.json,7f35b6f050f7ac3763eba3830f9742fd1a73d640f83f9566a7be210deb78e1c2,,,
width64__2_add64_err_1.52588e-05_size_616_depth_22__timing_K64,64,2_add64_err_1.52588e-05_size_616_depth_22,timing_K64,None,B,PASS,1,2026-10-03T22:43:58,2026-10-03T22:44:53,54.906,experiments/formal/results/width64__2_add64_err_1.52588e-05_size_616_depth_22__timing_K64.json,8b41def8507eb0b4626a1a59f7b4f4df0ce16103283f5f410f6ed422270ae148,,,
width64__3_add64_err_0.00190735_size_612_depth_22__ER__D0,64,3_add64_err_0.00190735_size_612_depth_22,ER__D0,D0,B,PASS,1,2026-10-03T22:45:07,2026-10-03T22:45:07,0.643,experiments/formal/results/width64__3_add64_err_0.00190735_size_612_depth_22__ER__D0.json,54f53a6be335baf4db1afb335ba8ada07bb64edcdeca09af8d229364fdf151dd,,,
width64__3_add64_err_0.00190735_size_612_depth_22__ER__D1,64,3_add64_err_0.00190735_size_612_depth_22,ER__D1,D1,B,PASS,1,2026-10-03T22:45:07,2026-10-03T22:45:08,0.645,experiments/formal/results/width64__3_add64_err_0.00190735_size_612_depth_22__ER__D1.json,03d7b39d7f177411a90374e2d7ea6e9c0be66ffa1b10525aee21dd1f43a701a9,,,
width64__3_add64_err_0.00190735_size_612_depth_22__ER__D2,64,3_add64_err_0.00190735_size_612_depth_22,ER__D2,D2,B,PASS,1,2026-10-03T22:45:08,2026-10-03T22:45:08,0.556,experiments/formal/results/width64__3_add64_err_0.00190735_size_612_depth_22__ER__D2.json,f0cbb4bd9915475f025379092c5d75324c7554495ac3ba67aa1e1f7315558f27,,,
width64__3_add64_err_0.00190735_size_612_depth_22__ER__D3,64,3_add64_err_0.00190735_size_612_depth_22,ER__D3,D3,B,PASS,1,2026-10-03T22:45:08,2026-10-03T22:45:09,0.582,experiments/formal/results/width64__3_add64_err_0.00190735_size_612_depth_22__ER__D3.json,cc1bda88ee13cc0213d0ac4fe68f2b024ba0f0c8940fa3cf322e2957841cfd1c,,,
width64__3_add64_err_0.00190735_size_612_depth_22__ER__D4,64,3_add64_err_0.00190735_size_612_depth_22,ER__D4,D4,B,PASS,1,2026-10-03T22:45:09,2026-10-03T22:45:10,0.617,experiments/formal/results/width64__3_add64_err_0.00190735_size_612_depth_22__ER__D4.json,496e47b1aaf8a794ad479e2e7ac5a1af65770595ebab8a95057a9ace7d7fb68d,,,
width64__3_add64_err_0.00190735_size_612_depth_22__ER__D5,64,3_add64_err_0.00190735_size_612_depth_22,ER__D5,D5,B,PASS,1,2026-10-03T22:45:10,2026-10-03T22:45:10,0.619,experiments/formal/results/width64__3_add64_err_0.00190735_size_612_depth_22__ER__D5.json,4483d4fda1bb73554102e5680fa463bec730275158babdf8a8f530ca3579a5ab,,,
width64__3_add64_err_0.00190735_size_612_depth_22__ER__R0,64,3_add64_err_0.00190735_size_612_depth_22,ER__R0,R0,B,PASS,1,2026-10-03T22:45:10,2026-10-03T22:45:11,0.704,experiments/formal/results/width64__3_add64_err_0.00190735_size_612_depth_22__ER__R0.json,6e12c88818e39412c3f98351e9e205c06e7abb5e7e182373b062fd88e68ee82f,,,
width64__3_add64_err_0.00190735_size_612_depth_22__ER__R1,64,3_add64_err_0.00190735_size_612_depth_22,ER__R1,R1,B,PASS,1,2026-10-03T22:45:11,2026-10-03T22:45:12,0.866,experiments/formal/results/width64__3_add64_err_0.00190735_size_612_depth_22__ER__R1.json,ef1f03d740aa289a59123198ce4407c90dda9b36327d7571cbe447a0e7c54971,,,
width64__3_add64_err_0.00190735_size_612_depth_22__ER__R2,64,3_add64_err_0.00190735_size_612_depth_22,ER__R2,R2,B,PASS,1,2026-10-03T22:45:12,2026-10-03T22:45:13,0.657,experiments/formal/results/width64__3_add64_err_0.00190735_size_612_depth_22__ER__R2.json,0bcfd6974a5d3c7fd298b493abf3dce09505e05c4259048e03fd89d2edd87321,,,
width64__3_add64_err_0.00190735_size_612_depth_22__ER__R3,64,3_add64_err_0.00190735_size_612_depth_22,ER__R3,R3,B,PASS,1,2026-10-03T22:45:13,2026-10-03T22:45:13,0.717,experiments/formal/results/width64__3_add64_err_0.00190735_size_612_depth_22__ER__R3.json,79a327115bf82e5a6a050ad2b2436b2a95508f4388e07b686934216fbd0b5309,,,
width64__3_add64_err_0.00190735_size_612_depth_22__ER__R4,64,3_add64_err_0.00190735_size_612_depth_22,ER__R4,R4,B,PASS,1,2026-10-03T22:45:14,2026-10-03T22:45:14,0.745,experiments/formal/results/width64__3_add64_err_0.00190735_size_612_depth_22__ER__R4.json,30ae163fc691cf5b60fa551ac12376a011ca113782c6d48eeed90bbe77ce10c6,,,
width64__3_add64_err_0.00190735_size_612_depth_22__ER__R5,64,3_add64_err_0.00190735_size_612_depth_22,ER__R5,R5,B,PASS,1,2026-10-03T22:45:14,2026-10-03T22:45:15,0.601,experiments/formal/results/width64__3_add64_err_0.00190735_size_612_depth_22__ER__R5.json,97b3af23999bece2ecf34c6837b111f70205a154fe2f22f1b63a7216aa1965ed,,,
width64__3_add64_err_0.00190735_size_612_depth_22__ER__R6,64,3_add64_err_0.00190735_size_612_depth_22,ER__R6,R6,B,PASS,1,2026-10-03T22:45:15,2026-10-03T22:45:16,0.725,experiments/formal/results/width64__3_add64_err_0.00190735_size_612_depth_22__ER__R6.json,b4a5826d34527ab33cec79b7ea992e4852adc1711307a6d874826e59e4b7bee8,,,
width64__3_add64_err_0.00190735_size_612_depth_22__ER__R7,64,3_add64_err_0.00190735_size_612_depth_22,ER__R7,R7,B,PASS,1,2026-10-03T22:45:16,2026-10-03T22:45:16,0.599,experiments/formal/results/width64__3_add64_err_0.00190735_size_612_depth_22__ER__R7.json,356aea3b8b2a211a63c8d45ef9731f14bacd95f7973fed48445aa66807f6d117,,,
width64__3_add64_err_0.00190735_size_612_depth_22__ER__R8,64,3_add64_err_0.00190735_size_612_depth_22,ER__R8,R8,B,PASS,1,2026-10-03T22:45:16,2026-10-03T22:45:17,0.732,experiments/formal/results/width64__3_add64_err_0.00190735_size_612_depth_22__ER__R8.json,bc03661a56b62e68ea5413c55b74de08fc59431198c0b9893f88b7e214ff72c1,,,
width64__3_add64_err_0.00190735_size_612_depth_22__ER__R9,64,3_add64_err_0.00190735_size_612_depth_22,ER__R9,R9,B,PASS,1,2026-10-03T22:45:17,2026-10-03T22:45:18,0.656,experiments/formal/results/width64__3_add64_err_0.00190735_size_612_depth_22__ER__R9.json,6566904df2fdf837c0cce870fe8995678f3473d4fc4155aa8a54f55521baa259,,,
width64__3_add64_err_0.00190735_size_612_depth_22__MED__D0,64,3_add64_err_0.00190735_size_612_depth_22,MED__D0,D0,B,PASS,1,2026-10-03T22:45:28,2026-10-03T22:45:29,0.825,experiments/formal/results/width64__3_add64_err_0.00190735_size_612_depth_22__MED__D0.json,7e034d4697ca815e35932997f3b813f0895a52b82c47de6ca4055aad2eb9b869,,,
width64__3_add64_err_0.00190735_size_612_depth_22__MED__D1,64,3_add64_err_0.00190735_size_612_depth_22,MED__D1,D1,B,PASS,1,2026-10-03T22:45:29,2026-10-03T22:45:30,0.918,experiments/formal/results/width64__3_add64_err_0.00190735_size_612_depth_22__MED__D1.json,ca24f43def1b56afa653d4b6138ac14b7af957bf2643991743a300f638970669,,,
width64__3_add64_err_0.00190735_size_612_depth_22__MED__D2,64,3_add64_err_0.00190735_size_612_depth_22,MED__D2,D2,B,PASS,1,2026-10-03T22:45:30,2026-10-03T22:45:30,0.782,experiments/formal/results/width64__3_add64_err_0.00190735_size_612_depth_22__MED__D2.json,14bf43e0dfc5d446eb2bb8a88d29caa582329463a4e5e7f5ded173eb18b61072,,,
width64__3_add64_err_0.00190735_size_612_depth_22__MED__D3,64,3_add64_err_0.00190735_size_612_depth_22,MED__D3,D3,B,PASS,1,2026-10-03T22:45:30,2026-10-03T22:45:31,0.88,experiments/formal/results/width64__3_add64_err_0.00190735_size_612_depth_22__MED__D3.json,f2bece78d493aafc0974156e78ecf95a34b700d690b6af4f7ff9b26eff1229ae,,,
width64__3_add64_err_0.00190735_size_612_depth_22__MED__D4,64,3_add64_err_0.00190735_size_612_depth_22,MED__D4,D4,B,PASS,1,2026-10-03T22:45:31,2026-10-03T22:45:32,0.718,experiments/formal/results/width64__3_add64_err_0.00190735_size_612_depth_22__MED__D4.json,e2f792b944d16692fb03a11447620679803db2e34fcc88d951a0a8ab16a04352,,,
width64__3_add64_err_0.00190735_size_612_depth_22__MED__D5,64,3_add64_err_0.00190735_size_612_depth_22,MED__D5,D5,B,PASS,1,2026-10-03T22:45:32,2026-10-03T22:45:33,0.732,experiments/formal/results/width64__3_add64_err_0.00190735_size_612_depth_22__MED__D5.json,3e3a7d779ae0e9e3f984ac49c640761d49671d668dfcf12aba4c0927d4b90319,,,
width64__3_add64_err_0.00190735_size_612_depth_22__compile_ER,64,3_add64_err_0.00190735_size_612_depth_22,compile_ER,None,B,PASS,1,2026-10-03T22:44:53,2026-10-03T22:45:07,13.843,experiments/formal/results/width64__3_add64_err_0.00190735_size_612_depth_22__compile_ER.json,23a09608ba868be4b8e6771385435467a872d91a8d162cdc164335173a9cdf1d,,,
width64__3_add64_err_0.00190735_size_612_depth_22__compile_MED,64,3_add64_err_0.00190735_size_612_depth_22,compile_MED,None,B,PASS,1,2026-10-03T22:45:18,2026-10-03T22:45:28,9.781,experiments/formal/results/width64__3_add64_err_0.00190735_size_612_depth_22__compile_MED.json,dd82537732fdb81d5e7da0d6dd4550debca1cc06157056614c5b54831d434016,,,
width64__3_add64_err_0.00190735_size_612_depth_22__timing_K16,64,3_add64_err_0.00190735_size_612_depth_22,timing_K16,None,B,PASS,1,2026-10-03T22:45:33,2026-10-03T22:45:55,22.236,experiments/formal/results/width64__3_add64_err_0.00190735_size_612_depth_22__timing_K16.json,35c5926101acef43555ab9fbcfb934f4e1a121a141140b97d9ca610c64dc6b5d,,,
width64__3_add64_err_0.00190735_size_612_depth_22__timing_K64,64,3_add64_err_0.00190735_size_612_depth_22,timing_K64,None,B,PASS,1,2026-10-03T22:45:55,2026-10-03T22:46:46,51.013,experiments/formal/results/width64__3_add64_err_0.00190735_size_612_depth_22__timing_K64.json,83fa037e46d656d59a06cd629e974e9ad5f7e2d1a97e0abea505d209d0f065d8,,,
width64__4_add64_err_0.00386047_size_605_depth_22__ER__D0,64,4_add64_err_0.00386047_size_605_depth_22,ER__D0,D0,B,PASS,1,2026-10-03T22:47:34,2026-10-03T22:47:35,1.035,experiments/formal/results/width64__4_add64_err_0.00386047_size_605_depth_22__ER__D0.json,1db345d84236a4ec9f8a22d48805d1b8c171780086867380a5dc99cd88f5b713,,,
width64__4_add64_err_0.00386047_size_605_depth_22__ER__D1,64,4_add64_err_0.00386047_size_605_depth_22,ER__D1,D1,B,PASS,1,2026-10-03T22:47:35,2026-10-03T22:47:36,0.784,experiments/formal/results/width64__4_add64_err_0.00386047_size_605_depth_22__ER__D1.json,f4a568896367b8a684faa3a248efda4b5993a85c98b93def3c9350e6779aa3e6,,,
width64__4_add64_err_0.00386047_size_605_depth_22__ER__D2,64,4_add64_err_0.00386047_size_605_depth_22,ER__D2,D2,B,PASS,1,2026-10-03T22:47:36,2026-10-03T22:47:37,0.863,experiments/formal/results/width64__4_add64_err_0.00386047_size_605_depth_22__ER__D2.json,c2ea9eeead3348eff5eab7f77f772c0daa384ceadc610b3443f6eb4e367870b3,,,
width64__4_add64_err_0.00386047_size_605_depth_22__ER__D3,64,4_add64_err_0.00386047_size_605_depth_22,ER__D3,D3,B,PASS,1,2026-10-03T22:47:37,2026-10-03T22:47:38,1.011,experiments/formal/results/width64__4_add64_err_0.00386047_size_605_depth_22__ER__D3.json,133fc1c7c16d2ae98b07d559ea3acf1e1bb823da69234b5b814a07d06e9bca9d,,,
width64__4_add64_err_0.00386047_size_605_depth_22__ER__D4,64,4_add64_err_0.00386047_size_605_depth_22,ER__D4,D4,B,PASS,1,2026-10-03T22:47:38,2026-10-03T22:47:39,0.954,experiments/formal/results/width64__4_add64_err_0.00386047_size_605_depth_22__ER__D4.json,22f4ebdf02ccb46d2b360c6822c8014d9129b358a150173e33b87526f37dc37a,,,
width64__4_add64_err_0.00386047_size_605_depth_22__ER__D5,64,4_add64_err_0.00386047_size_605_depth_22,ER__D5,D5,B,PASS,1,2026-10-03T22:47:39,2026-10-03T22:47:40,0.813,experiments/formal/results/width64__4_add64_err_0.00386047_size_605_depth_22__ER__D5.json,db86d497a074dcfac7ff2ba66fa1dbf905388f6415099a0a1f63fe4b5ded6201,,,
width64__4_add64_err_0.00386047_size_605_depth_22__ER__R0,64,4_add64_err_0.00386047_size_605_depth_22,ER__R0,R0,B,PASS,1,2026-10-03T22:47:40,2026-10-03T22:47:41,0.777,experiments/formal/results/width64__4_add64_err_0.00386047_size_605_depth_22__ER__R0.json,ef828f254fcb64a7fbffcb02bfd47c44f550e006e0ccab7fd512a9cab6763fb6,,,
width64__4_add64_err_0.00386047_size_605_depth_22__ER__R1,64,4_add64_err_0.00386047_size_605_depth_22,ER__R1,R1,B,PASS,1,2026-10-03T22:47:41,2026-10-03T22:47:41,0.9,experiments/formal/results/width64__4_add64_err_0.00386047_size_605_depth_22__ER__R1.json,bc1cf16225c60269ac1d856b0f77d330a65cb1779d281ffe3ef6c4d3735eba88,,,
width64__4_add64_err_0.00386047_size_605_depth_22__ER__R2,64,4_add64_err_0.00386047_size_605_depth_22,ER__R2,R2,B,PASS,1,2026-10-03T22:47:41,2026-10-03T22:47:42,0.76,experiments/formal/results/width64__4_add64_err_0.00386047_size_605_depth_22__ER__R2.json,aa68ef2cfb641d69faa9120d818d5a8aab7bba7496c00a96849115e1d94dff1d,,,
width64__4_add64_err_0.00386047_size_605_depth_22__ER__R3,64,4_add64_err_0.00386047_size_605_depth_22,ER__R3,R3,B,PASS,1,2026-10-03T22:47:42,2026-10-03T22:47:43,1.145,experiments/formal/results/width64__4_add64_err_0.00386047_size_605_depth_22__ER__R3.json,45c84ca0b9410f0dd112bc39961b62ab97d20159efe33a5a2c90171f33a59234,,,
width64__4_add64_err_0.00386047_size_605_depth_22__ER__R4,64,4_add64_err_0.00386047_size_605_depth_22,ER__R4,R4,B,PASS,1,2026-10-03T22:47:44,2026-10-03T22:47:45,0.863,experiments/formal/results/width64__4_add64_err_0.00386047_size_605_depth_22__ER__R4.json,0e0b76ef59afc1c8f0a983c7fa8e7d1412c9207223f28ebf7a5d27aa2373d27f,,,
width64__4_add64_err_0.00386047_size_605_depth_22__ER__R5,64,4_add64_err_0.00386047_size_605_depth_22,ER__R5,R5,B,PASS,1,2026-10-03T22:47:45,2026-10-03T22:47:46,0.933,experiments/formal/results/width64__4_add64_err_0.00386047_size_605_depth_22__ER__R5.json,8737c6951c3681e51272c52f12882b55bcf9b18a267be97013989740c62743c7,,,
width64__4_add64_err_0.00386047_size_605_depth_22__ER__R6,64,4_add64_err_0.00386047_size_605_depth_22,ER__R6,R6,B,PASS,1,2026-10-03T22:47:46,2026-10-03T22:47:46,0.824,experiments/formal/results/width64__4_add64_err_0.00386047_size_605_depth_22__ER__R6.json,2616f6f54475192dad2f46f71c066cb7a4b8ba7fb9d9ede4f7913d27751b9cd0,,,
width64__4_add64_err_0.00386047_size_605_depth_22__ER__R7,64,4_add64_err_0.00386047_size_605_depth_22,ER__R7,R7,B,PASS,1,2026-10-03T22:47:46,2026-10-03T22:47:47,0.981,experiments/formal/results/width64__4_add64_err_0.00386047_size_605_depth_22__ER__R7.json,74a2b698b8e29222fe2225a0d4247c2c1a0ec51217d0f9c043148adfc9768e58,,,
width64__4_add64_err_0.00386047_size_605_depth_22__ER__R8,64,4_add64_err_0.00386047_size_605_depth_22,ER__R8,R8,B,PASS,1,2026-10-03T22:47:47,2026-10-03T22:47:48,0.795,experiments/formal/results/width64__4_add64_err_0.00386047_size_605_depth_22__ER__R8.json,e1261817d110adb8a39ceceb8d5e6aab8655763a51af638cf48ed2974eabbe72,,,
width64__4_add64_err_0.00386047_size_605_depth_22__ER__R9,64,4_add64_err_0.00386047_size_605_depth_22,ER__R9,R9,B,PASS,1,2026-10-03T22:47:48,2026-10-03T22:47:49,0.806,experiments/formal/results/width64__4_add64_err_0.00386047_size_605_depth_22__ER__R9.json,75e6c0e2b98d11885b01a089bb6827785e7cc36166ff45a91861530a20fe2406,,,
width64__4_add64_err_0.00386047_size_605_depth_22__MED__D0,64,4_add64_err_0.00386047_size_605_depth_22,MED__D0,D0,B,PASS,1,2026-10-03T22:47:59,2026-10-03T22:48:00,0.993,experiments/formal/results/width64__4_add64_err_0.00386047_size_605_depth_22__MED__D0.json,8428abfe5b7bb56f401c59f1b3d05e7b34d3c93ac0a90c631bd6434b2ee47626,,,
width64__4_add64_err_0.00386047_size_605_depth_22__MED__D1,64,4_add64_err_0.00386047_size_605_depth_22,MED__D1,D1,B,PASS,1,2026-10-03T22:48:00,2026-10-03T22:48:01,1.154,experiments/formal/results/width64__4_add64_err_0.00386047_size_605_depth_22__MED__D1.json,30106856bcf1f15a09702ef54baed67dd53d12aa4cb29340368bd9940f7664f4,,,
width64__4_add64_err_0.00386047_size_605_depth_22__MED__D2,64,4_add64_err_0.00386047_size_605_depth_22,MED__D2,D2,B,PASS,1,2026-10-03T22:48:01,2026-10-03T22:48:02,0.97,experiments/formal/results/width64__4_add64_err_0.00386047_size_605_depth_22__MED__D2.json,760621576f5da03db4ce61ac98dcf7e2ddc6ff0c42db07ece6570fb509b14d36,,,
width64__4_add64_err_0.00386047_size_605_depth_22__MED__D3,64,4_add64_err_0.00386047_size_605_depth_22,MED__D3,D3,B,PASS,1,2026-10-03T22:48:02,2026-10-03T22:48:03,0.972,experiments/formal/results/width64__4_add64_err_0.00386047_size_605_depth_22__MED__D3.json,9d34c2bd1c040707dd797c798a6c2b63afd6ad8d753633bdc24312e467a66d85,,,
width64__4_add64_err_0.00386047_size_605_depth_22__MED__D4,64,4_add64_err_0.00386047_size_605_depth_22,MED__D4,D4,B,PASS,1,2026-10-03T22:48:03,2026-10-03T22:48:04,1.151,experiments/formal/results/width64__4_add64_err_0.00386047_size_605_depth_22__MED__D4.json,ba2a356a81a3d716c40ca2722dc5faca8cf8af544a396ad78c7ec14463f87747,,,
width64__4_add64_err_0.00386047_size_605_depth_22__MED__D5,64,4_add64_err_0.00386047_size_605_depth_22,MED__D5,D5,B,PASS,1,2026-10-03T22:48:04,2026-10-03T22:48:05,0.918,experiments/formal/results/width64__4_add64_err_0.00386047_size_605_depth_22__MED__D5.json,68deb6dcdf40e2b8b3004760751ace1d00d045d196c8acda96acc2790ae1cf38,,,
width64__4_add64_err_0.00386047_size_605_depth_22__compile_ER,64,4_add64_err_0.00386047_size_605_depth_22,compile_ER,None,B,PASS,1,2026-10-03T22:46:46,2026-10-03T22:47:34,47.661,experiments/formal/results/width64__4_add64_err_0.00386047_size_605_depth_22__compile_ER.json,0862b2bff8d6be4410f2438302cf5b6a081fd620fd80b697f7ab0403a703a74a,,,
width64__4_add64_err_0.00386047_size_605_depth_22__compile_MED,64,4_add64_err_0.00386047_size_605_depth_22,compile_MED,None,B,PASS,1,2026-10-03T22:47:49,2026-10-03T22:47:59,9.653,experiments/formal/results/width64__4_add64_err_0.00386047_size_605_depth_22__compile_MED.json,b16d103800f919b069689715b7c2ce00b46879ac53824b7f9c8c2ff3dfffa4e7,,,
width64__4_add64_err_0.00386047_size_605_depth_22__timing_K16,64,4_add64_err_0.00386047_size_605_depth_22,timing_K16,None,B,PASS,1,2026-10-03T22:48:05,2026-10-03T22:49:05,59.845,experiments/formal/results/width64__4_add64_err_0.00386047_size_605_depth_22__timing_K16.json,6894913bbee3969185fb414cacb270a0143c8be0a9c8746b05ac98fc9137bb2e,,,
width64__4_add64_err_0.00386047_size_605_depth_22__timing_K64,64,4_add64_err_0.00386047_size_605_depth_22,timing_K64,None,B,PASS,1,2026-10-03T22:49:05,2026-10-03T22:50:44,98.551,experiments/formal/results/width64__4_add64_err_0.00386047_size_605_depth_22__timing_K64.json,9f76a962f7289f2027d83af1323df9c39e9e2c5db3083df76d40edd0e39dd86c,,,
width64__5_add64_err_0.0058136_size_596_depth_22__ER__D0,64,5_add64_err_0.0058136_size_596_depth_22,ER__D0,D0,B,PASS,1,2026-10-03T22:51:01,2026-10-03T22:51:02,1.02,experiments/formal/results/width64__5_add64_err_0.0058136_size_596_depth_22__ER__D0.json,2dd1a8ad2a6740c7298828930d593ac9e8241202b042a507e033189c7de69caa,,,
width64__5_add64_err_0.0058136_size_596_depth_22__ER__D1,64,5_add64_err_0.0058136_size_596_depth_22,ER__D1,D1,B,PASS,1,2026-10-03T22:51:02,2026-10-03T22:51:03,0.849,experiments/formal/results/width64__5_add64_err_0.0058136_size_596_depth_22__ER__D1.json,66c4bd99131524f5c30bd41ab07ca8db77735bcf80de72dd07ca4c9f2eb9be98,,,
width64__5_add64_err_0.0058136_size_596_depth_22__ER__D2,64,5_add64_err_0.0058136_size_596_depth_22,ER__D2,D2,B,PASS,1,2026-10-03T22:51:03,2026-10-03T22:51:04,0.721,experiments/formal/results/width64__5_add64_err_0.0058136_size_596_depth_22__ER__D2.json,b0a20ae8dd0583bdce29e535bffc27985871c1cccac18c7a871a4320f26731cf,,,
width64__5_add64_err_0.0058136_size_596_depth_22__ER__D3,64,5_add64_err_0.0058136_size_596_depth_22,ER__D3,D3,B,PASS,1,2026-10-03T22:51:04,2026-10-03T22:51:04,0.788,experiments/formal/results/width64__5_add64_err_0.0058136_size_596_depth_22__ER__D3.json,d80a57d1ac1c3f84f918bf4196aae6bb92c9265a1afbab522133478e92430d61,,,
width64__5_add64_err_0.0058136_size_596_depth_22__ER__D4,64,5_add64_err_0.0058136_size_596_depth_22,ER__D4,D4,B,PASS,1,2026-10-03T22:51:04,2026-10-03T22:51:05,0.938,experiments/formal/results/width64__5_add64_err_0.0058136_size_596_depth_22__ER__D4.json,a24711d767a0f597824e01ade0a2ab43f296bffc6874af8bd9a146a371db846a,,,
width64__5_add64_err_0.0058136_size_596_depth_22__ER__D5,64,5_add64_err_0.0058136_size_596_depth_22,ER__D5,D5,B,PASS,1,2026-10-03T22:51:05,2026-10-03T22:51:06,0.972,experiments/formal/results/width64__5_add64_err_0.0058136_size_596_depth_22__ER__D5.json,7460ac2c0448b22dd9cb5fef2c826f2973ba62190119058f60208ea5e70b4ab4,,,
width64__5_add64_err_0.0058136_size_596_depth_22__ER__R0,64,5_add64_err_0.0058136_size_596_depth_22,ER__R0,R0,B,PASS,1,2026-10-03T22:51:06,2026-10-03T22:51:07,0.706,experiments/formal/results/width64__5_add64_err_0.0058136_size_596_depth_22__ER__R0.json,5784a246e4f4954a1ce8b0c52b2d9454094cdd9561a65bc95092cd4186d6a95b,,,
width64__5_add64_err_0.0058136_size_596_depth_22__ER__R1,64,5_add64_err_0.0058136_size_596_depth_22,ER__R1,R1,B,PASS,1,2026-10-03T22:51:07,2026-10-03T22:51:08,0.753,experiments/formal/results/width64__5_add64_err_0.0058136_size_596_depth_22__ER__R1.json,33651ed3fbcd68a333315902c53d699c00f8b4589b87d7bd8a50ae59e950d867,,,
width64__5_add64_err_0.0058136_size_596_depth_22__ER__R2,64,5_add64_err_0.0058136_size_596_depth_22,ER__R2,R2,B,PASS,1,2026-10-03T22:51:08,2026-10-03T22:51:09,0.844,experiments/formal/results/width64__5_add64_err_0.0058136_size_596_depth_22__ER__R2.json,03e672648761c6a5dc11b393b3ee67f0e7076608d32866b508acc7b02521c3fb,,,
width64__5_add64_err_0.0058136_size_596_depth_22__ER__R3,64,5_add64_err_0.0058136_size_596_depth_22,ER__R3,R3,B,PASS,1,2026-10-03T22:51:09,2026-10-03T22:51:10,0.686,experiments/formal/results/width64__5_add64_err_0.0058136_size_596_depth_22__ER__R3.json,b358d809efca6dc8e75a1b31060027b4be9902bd9b1bdb6fd075fd3923aad1ee,,,
width64__5_add64_err_0.0058136_size_596_depth_22__ER__R4,64,5_add64_err_0.0058136_size_596_depth_22,ER__R4,R4,B,PASS,1,2026-10-03T22:51:10,2026-10-03T22:51:10,0.673,experiments/formal/results/width64__5_add64_err_0.0058136_size_596_depth_22__ER__R4.json,fc268f5dafc28e27294585984d96a6cb47583bca357d3f88319ddf8bf799ac07,,,
width64__5_add64_err_0.0058136_size_596_depth_22__ER__R5,64,5_add64_err_0.0058136_size_596_depth_22,ER__R5,R5,B,PASS,1,2026-10-03T22:51:10,2026-10-03T22:51:11,0.729,experiments/formal/results/width64__5_add64_err_0.0058136_size_596_depth_22__ER__R5.json,f2832205e051e941942915764f913133b6e80da46fb44543c7f27d04b58d38d7,,,
width64__5_add64_err_0.0058136_size_596_depth_22__ER__R6,64,5_add64_err_0.0058136_size_596_depth_22,ER__R6,R6,B,PASS,1,2026-10-03T22:51:11,2026-10-03T22:51:12,0.714,experiments/formal/results/width64__5_add64_err_0.0058136_size_596_depth_22__ER__R6.json,4c1a15cd573e34cb078ea2fad1d4c7e825a1f5c7879bc25c83f8c70155476f60,,,
width64__5_add64_err_0.0058136_size_596_depth_22__ER__R7,64,5_add64_err_0.0058136_size_596_depth_22,ER__R7,R7,B,PASS,1,2026-10-03T22:51:12,2026-10-03T22:51:13,0.724,experiments/formal/results/width64__5_add64_err_0.0058136_size_596_depth_22__ER__R7.json,8979cc0ad9a35c1a44baeacd73a12934541b664cb935c426d502ee5794f53124,,,
width64__5_add64_err_0.0058136_size_596_depth_22__ER__R8,64,5_add64_err_0.0058136_size_596_depth_22,ER__R8,R8,B,PASS,1,2026-10-03T22:51:13,2026-10-03T22:51:13,0.656,experiments/formal/results/width64__5_add64_err_0.0058136_size_596_depth_22__ER__R8.json,6d0360c9687a2e08d147bd7f5a05540b999538fb5b9567db8df6fd09eaf8ac1e,,,
width64__5_add64_err_0.0058136_size_596_depth_22__ER__R9,64,5_add64_err_0.0058136_size_596_depth_22,ER__R9,R9,B,PASS,1,2026-10-03T22:51:13,2026-10-03T22:51:14,0.761,experiments/formal/results/width64__5_add64_err_0.0058136_size_596_depth_22__ER__R9.json,e2a99d31e2855e557c16c5a00507392fdabb09bec747f1bc0744f063389334cd,,,
width64__5_add64_err_0.0058136_size_596_depth_22__MED__D0,64,5_add64_err_0.0058136_size_596_depth_22,MED__D0,D0,B,PASS,1,2026-10-03T22:51:26,2026-10-03T22:51:27,1.172,experiments/formal/results/width64__5_add64_err_0.0058136_size_596_depth_22__MED__D0.json,c956451bb921cbc1cd16901881289277074b639acbfded779fc09b2c9a42b05a,,,
width64__5_add64_err_0.0058136_size_596_depth_22__MED__D1,64,5_add64_err_0.0058136_size_596_depth_22,MED__D1,D1,B,PASS,1,2026-10-03T22:51:27,2026-10-03T22:51:28,1.021,experiments/formal/results/width64__5_add64_err_0.0058136_size_596_depth_22__MED__D1.json,5f6a95aebc253d4549e7dd5c3b9fa609003003028a891c7ccf19faae67d87215,,,
width64__5_add64_err_0.0058136_size_596_depth_22__MED__D2,64,5_add64_err_0.0058136_size_596_depth_22,MED__D2,D2,B,PASS,1,2026-10-03T22:51:28,2026-10-03T22:51:29,1.003,experiments/formal/results/width64__5_add64_err_0.0058136_size_596_depth_22__MED__D2.json,966e0b3a11626d8a0dd371aca888426b94154a7d2ed2a87fac571ea9ee4e5a54,,,
width64__5_add64_err_0.0058136_size_596_depth_22__MED__D3,64,5_add64_err_0.0058136_size_596_depth_22,MED__D3,D3,B,PASS,1,2026-10-03T22:51:29,2026-10-03T22:51:30,1.034,experiments/formal/results/width64__5_add64_err_0.0058136_size_596_depth_22__MED__D3.json,a20082cf11e00a3cc01c92030a692940c7306592028b58685ef5004b5e75f230,,,
width64__5_add64_err_0.0058136_size_596_depth_22__MED__D4,64,5_add64_err_0.0058136_size_596_depth_22,MED__D4,D4,B,PASS,1,2026-10-03T22:51:30,2026-10-03T22:51:31,0.909,experiments/formal/results/width64__5_add64_err_0.0058136_size_596_depth_22__MED__D4.json,fe12effb3870900e2584df256d89044e5c4d4c81f894ed7a9c715d6e340b06ea,,,
width64__5_add64_err_0.0058136_size_596_depth_22__MED__D5,64,5_add64_err_0.0058136_size_596_depth_22,MED__D5,D5,B,PASS,1,2026-10-03T22:51:31,2026-10-03T22:51:32,1.099,experiments/formal/results/width64__5_add64_err_0.0058136_size_596_depth_22__MED__D5.json,fd8ffc478fed87726728692de8e782b131ece8410582f395a26eaea95b6f1e61,,,
width64__5_add64_err_0.0058136_size_596_depth_22__compile_ER,64,5_add64_err_0.0058136_size_596_depth_22,compile_ER,None,B,PASS,1,2026-10-03T22:50:44,2026-10-03T22:51:01,16.994,experiments/formal/results/width64__5_add64_err_0.0058136_size_596_depth_22__compile_ER.json,68c4926598eeac73cb79cdb3d20dc001f604e3ccbf363d387d6515eb86cec027,,,
width64__5_add64_err_0.0058136_size_596_depth_22__compile_MED,64,5_add64_err_0.0058136_size_596_depth_22,compile_MED,None,B,PASS,1,2026-10-03T22:51:14,2026-10-03T22:51:26,11.454,experiments/formal/results/width64__5_add64_err_0.0058136_size_596_depth_22__compile_MED.json,3dd56d27e7e647881a02168677c38e0d5a2a716e0692415786c5169808434565,,,
width64__5_add64_err_0.0058136_size_596_depth_22__timing_K16,64,5_add64_err_0.0058136_size_596_depth_22,timing_K16,None,B,PASS,1,2026-10-03T22:51:32,2026-10-03T22:52:05,32.771,experiments/formal/results/width64__5_add64_err_0.0058136_size_596_depth_22__timing_K16.json,b5bef89ad974226b6d1039e6398805bc08e4ea073f8bc6817bcb27ff57635054,,,
width64__5_add64_err_0.0058136_size_596_depth_22__timing_K64,64,5_add64_err_0.0058136_size_596_depth_22,timing_K64,None,B,PASS,1,2026-10-03T22:52:05,2026-10-03T22:53:12,66.505,experiments/formal/results/width64__5_add64_err_0.0058136_size_596_depth_22__timing_K64.json,37a05bb1b78c9b6a051cce1a0c68f090fff04e4e1a8fe0595ef3486b2a81afd7,,,
width64__6_add64_err_0.00787354_size_594_depth_22__ER__D0,64,6_add64_err_0.00787354_size_594_depth_22,ER__D0,D0,B,PASS,1,2026-10-03T22:53:24,2026-10-03T22:53:25,0.659,experiments/formal/results/width64__6_add64_err_0.00787354_size_594_depth_22__ER__D0.json,8e81df1151fa6d41ad1939d0c23a4869b462824c3d85377c836d4f3c78865d46,,,
width64__6_add64_err_0.00787354_size_594_depth_22__ER__D1,64,6_add64_err_0.00787354_size_594_depth_22,ER__D1,D1,B,PASS,1,2026-10-03T22:53:25,2026-10-03T22:53:25,0.651,experiments/formal/results/width64__6_add64_err_0.00787354_size_594_depth_22__ER__D1.json,97d0c87f8f39db69e83f0b515e1b172ff8195bc4eba9ad88353484da69cea53e,,,
width64__6_add64_err_0.00787354_size_594_depth_22__ER__D2,64,6_add64_err_0.00787354_size_594_depth_22,ER__D2,D2,B,PASS,1,2026-10-03T22:53:25,2026-10-03T22:53:26,0.607,experiments/formal/results/width64__6_add64_err_0.00787354_size_594_depth_22__ER__D2.json,d6f3c1ff48d07f0a395aed9b91ac027a140a7f6955966f9f247fe59bcc7dbcd1,,,
width64__6_add64_err_0.00787354_size_594_depth_22__ER__D3,64,6_add64_err_0.00787354_size_594_depth_22,ER__D3,D3,B,PASS,1,2026-10-03T22:53:26,2026-10-03T22:53:27,0.704,experiments/formal/results/width64__6_add64_err_0.00787354_size_594_depth_22__ER__D3.json,50423042c2e738e25b2a39e694f55fb379d2c42d8fca67ac4fb9a6cebe4e1295,,,
width64__6_add64_err_0.00787354_size_594_depth_22__ER__D4,64,6_add64_err_0.00787354_size_594_depth_22,ER__D4,D4,B,PASS,1,2026-10-03T22:53:27,2026-10-03T22:53:27,0.632,experiments/formal/results/width64__6_add64_err_0.00787354_size_594_depth_22__ER__D4.json,e4edb44621eea70b3c60c46b04111ce2e4921deff4a08338d846b233c25de3c7,,,
width64__6_add64_err_0.00787354_size_594_depth_22__ER__D5,64,6_add64_err_0.00787354_size_594_depth_22,ER__D5,D5,B,PASS,1,2026-10-03T22:53:27,2026-10-03T22:53:28,0.646,experiments/formal/results/width64__6_add64_err_0.00787354_size_594_depth_22__ER__D5.json,2707eb9e9b614e8a5a82afb39c665b255cd617e221fc06e1f311f908ba0ed6ea,,,
width64__6_add64_err_0.00787354_size_594_depth_22__ER__R0,64,6_add64_err_0.00787354_size_594_depth_22,ER__R0,R0,B,PASS,1,2026-10-03T22:53:28,2026-10-03T22:53:29,0.637,experiments/formal/results/width64__6_add64_err_0.00787354_size_594_depth_22__ER__R0.json,0f446073ba99fcf366b9ec10d04159361953ba530bbba84638eb04efc2b78650,,,
width64__6_add64_err_0.00787354_size_594_depth_22__ER__R1,64,6_add64_err_0.00787354_size_594_depth_22,ER__R1,R1,B,PASS,1,2026-10-03T22:53:29,2026-10-03T22:53:30,0.716,experiments/formal/results/width64__6_add64_err_0.00787354_size_594_depth_22__ER__R1.json,785efb29a7fa39665fb942c26172b47411e88b59ba16a33a3c8265952d8f6e05,,,
width64__6_add64_err_0.00787354_size_594_depth_22__ER__R2,64,6_add64_err_0.00787354_size_594_depth_22,ER__R2,R2,B,PASS,1,2026-10-03T22:53:30,2026-10-03T22:53:30,0.616,experiments/formal/results/width64__6_add64_err_0.00787354_size_594_depth_22__ER__R2.json,c2390c883f46a656c0d650fa3e9663f91fbaf737fcc677d1683b7133d5b7c35e,,,
width64__6_add64_err_0.00787354_size_594_depth_22__ER__R3,64,6_add64_err_0.00787354_size_594_depth_22,ER__R3,R3,B,PASS,1,2026-10-03T22:53:30,2026-10-03T22:53:31,0.674,experiments/formal/results/width64__6_add64_err_0.00787354_size_594_depth_22__ER__R3.json,2d4e15b43ffa8bb051c36522552b6fa691afba464a566c69ef55e8146a4b7fac,,,
width64__6_add64_err_0.00787354_size_594_depth_22__ER__R4,64,6_add64_err_0.00787354_size_594_depth_22,ER__R4,R4,B,PASS,1,2026-10-03T22:53:31,2026-10-03T22:53:32,0.624,experiments/formal/results/width64__6_add64_err_0.00787354_size_594_depth_22__ER__R4.json,2026026934692a7ed498d8051b16cbe1c5fd15eb93bb8485e88e7850d054a1c5,,,
width64__6_add64_err_0.00787354_size_594_depth_22__ER__R5,64,6_add64_err_0.00787354_size_594_depth_22,ER__R5,R5,B,PASS,1,2026-10-03T22:53:32,2026-10-03T22:53:32,0.651,experiments/formal/results/width64__6_add64_err_0.00787354_size_594_depth_22__ER__R5.json,e67f4b03f5f06dc346aaf05a465337630767d8f051c7c1668b85dac19da69a5a,,,
width64__6_add64_err_0.00787354_size_594_depth_22__ER__R6,64,6_add64_err_0.00787354_size_594_depth_22,ER__R6,R6,B,PASS,1,2026-10-03T22:53:32,2026-10-03T22:53:33,0.662,experiments/formal/results/width64__6_add64_err_0.00787354_size_594_depth_22__ER__R6.json,691d4c7d7c61052722110a4b9f464af8fe491537fba6bab3374d1c5be615d1a5,,,
width64__6_add64_err_0.00787354_size_594_depth_22__ER__R7,64,6_add64_err_0.00787354_size_594_depth_22,ER__R7,R7,B,PASS,1,2026-10-03T22:53:33,2026-10-03T22:53:34,0.648,experiments/formal/results/width64__6_add64_err_0.00787354_size_594_depth_22__ER__R7.json,d4e926cd12d5e7d5fbcb3af12d0d7b04ef98a72f4807b073bafd98771dd877fe,,,
width64__6_add64_err_0.00787354_size_594_depth_22__ER__R8,64,6_add64_err_0.00787354_size_594_depth_22,ER__R8,R8,B,PASS,1,2026-10-03T22:53:34,2026-10-03T22:53:35,0.703,experiments/formal/results/width64__6_add64_err_0.00787354_size_594_depth_22__ER__R8.json,5081005877d4c3269ac4cfbee72353f23330c6b6977d365d94b34033f909cfb4,,,
width64__6_add64_err_0.00787354_size_594_depth_22__ER__R9,64,6_add64_err_0.00787354_size_594_depth_22,ER__R9,R9,B,PASS,1,2026-10-03T22:53:35,2026-10-03T22:53:35,0.618,experiments/formal/results/width64__6_add64_err_0.00787354_size_594_depth_22__ER__R9.json,47b227aaa21f1af6312b86f3ea7b0643a4b1ef3f1a43057ef7fa209d294dbce4,,,
width64__6_add64_err_0.00787354_size_594_depth_22__MED__D0,64,6_add64_err_0.00787354_size_594_depth_22,MED__D0,D0,B,PASS,1,2026-10-03T22:53:47,2026-10-03T22:53:48,1.117,experiments/formal/results/width64__6_add64_err_0.00787354_size_594_depth_22__MED__D0.json,86e77e4ae57c7a47c76c503118c8305b977948720803fae2ecc0405c62b8b3ae,,,
width64__6_add64_err_0.00787354_size_594_depth_22__MED__D1,64,6_add64_err_0.00787354_size_594_depth_22,MED__D1,D1,B,PASS,1,2026-10-03T22:53:48,2026-10-03T22:53:49,1.092,experiments/formal/results/width64__6_add64_err_0.00787354_size_594_depth_22__MED__D1.json,eaf8676e24874fd32d64614c8604309d1112bb60e1403d4ab3a0ab573ee4b049,,,
width64__6_add64_err_0.00787354_size_594_depth_22__MED__D2,64,6_add64_err_0.00787354_size_594_depth_22,MED__D2,D2,B,PASS,1,2026-10-03T22:53:49,2026-10-03T22:53:51,1.677,experiments/formal/results/width64__6_add64_err_0.00787354_size_594_depth_22__MED__D2.json,a09d2891b4d6795804df7767ca30e5ffaffca7f29622ffa9a9df52a9816d44a0,,,
width64__6_add64_err_0.00787354_size_594_depth_22__MED__D3,64,6_add64_err_0.00787354_size_594_depth_22,MED__D3,D3,B,PASS,1,2026-10-03T22:53:51,2026-10-03T22:53:52,1.052,experiments/formal/results/width64__6_add64_err_0.00787354_size_594_depth_22__MED__D3.json,69fe8df233f166ac610b9150b76453e6deb3fdf10c4791f527d202232ac61a5a,,,
width64__6_add64_err_0.00787354_size_594_depth_22__MED__D4,64,6_add64_err_0.00787354_size_594_depth_22,MED__D4,D4,B,PASS,1,2026-10-03T22:53:52,2026-10-03T22:53:53,1.085,experiments/formal/results/width64__6_add64_err_0.00787354_size_594_depth_22__MED__D4.json,6cb252bca13f3bb920f7ecbe56ff3845653787c86b904f5a46a4170c2935a8f1,,,
width64__6_add64_err_0.00787354_size_594_depth_22__MED__D5,64,6_add64_err_0.00787354_size_594_depth_22,MED__D5,D5,B,PASS,1,2026-10-03T22:53:53,2026-10-03T22:53:54,1.307,experiments/formal/results/width64__6_add64_err_0.00787354_size_594_depth_22__MED__D5.json,005a3751e2478b832dbcc18af98ae98cfb508cff754880fe910702bd709438c7,,,
width64__6_add64_err_0.00787354_size_594_depth_22__compile_ER,64,6_add64_err_0.00787354_size_594_depth_22,compile_ER,None,B,PASS,1,2026-10-03T22:53:12,2026-10-03T22:53:24,12.37,experiments/formal/results/width64__6_add64_err_0.00787354_size_594_depth_22__compile_ER.json,9311c3fca3f13f10d5f4bfe8c2a326dfd6ee457acd88bf8aa209a6d03d131bb7,,,
width64__6_add64_err_0.00787354_size_594_depth_22__compile_MED,64,6_add64_err_0.00787354_size_594_depth_22,compile_MED,None,B,PASS,1,2026-10-03T22:53:35,2026-10-03T22:53:47,11.643,experiments/formal/results/width64__6_add64_err_0.00787354_size_594_depth_22__compile_MED.json,046992d94e802b7365b54807f8a18374945f22d5d6836bacffe65a6fce70d02c,,,
width64__6_add64_err_0.00787354_size_594_depth_22__timing_K16,64,6_add64_err_0.00787354_size_594_depth_22,timing_K16,None,B,PASS,1,2026-10-03T22:53:54,2026-10-03T22:54:17,22.601,experiments/formal/results/width64__6_add64_err_0.00787354_size_594_depth_22__timing_K16.json,f4cc5282562e01193aa7e5a746d541e81bfee22c38b6e7ca2888bd8d5174d781,,,
width64__6_add64_err_0.00787354_size_594_depth_22__timing_K64,64,6_add64_err_0.00787354_size_594_depth_22,timing_K64,None,B,PASS,1,2026-10-03T22:54:17,2026-10-03T22:55:12,54.549,experiments/formal/results/width64__6_add64_err_0.00787354_size_594_depth_22__timing_K64.json,7a3071f804b52a61c11b1038b130ad07592a2c4e555f4f60dff99958a12f6f18,,,
width64__7_add64_err_0.0100861_size_585_depth_22__ER__D0,64,7_add64_err_0.0100861_size_585_depth_22,ER__D0,D0,B,PASS,1,2026-10-03T22:55:21,2026-10-03T22:55:22,0.837,experiments/formal/results/width64__7_add64_err_0.0100861_size_585_depth_22__ER__D0.json,759373746519360c53f9a361c7def7343a42e419ccbc05ae7fbb1fb20f808c3f,,,
width64__7_add64_err_0.0100861_size_585_depth_22__ER__D1,64,7_add64_err_0.0100861_size_585_depth_22,ER__D1,D1,B,PASS,1,2026-10-03T22:55:22,2026-10-03T22:55:23,0.875,experiments/formal/results/width64__7_add64_err_0.0100861_size_585_depth_22__ER__D1.json,c4713c52d5747e7e59037f23a8de67ad5b04f89bd9343f2ac8944fa663c7179c,,,
width64__7_add64_err_0.0100861_size_585_depth_22__ER__D2,64,7_add64_err_0.0100861_size_585_depth_22,ER__D2,D2,B,PASS,1,2026-10-03T22:55:23,2026-10-03T22:55:24,0.819,experiments/formal/results/width64__7_add64_err_0.0100861_size_585_depth_22__ER__D2.json,b18d96c2b6bad428931f26a632cbebfffb8784f825e94d26861071a71b6b74c7,,,
width64__7_add64_err_0.0100861_size_585_depth_22__ER__D3,64,7_add64_err_0.0100861_size_585_depth_22,ER__D3,D3,B,PASS,1,2026-10-03T22:55:24,2026-10-03T22:55:25,0.733,experiments/formal/results/width64__7_add64_err_0.0100861_size_585_depth_22__ER__D3.json,05d0f3ed945ab9a50e0a0075f4e636da852a792298253d3e35342f89fbdee476,,,
width64__7_add64_err_0.0100861_size_585_depth_22__ER__D4,64,7_add64_err_0.0100861_size_585_depth_22,ER__D4,D4,B,PASS,1,2026-10-03T22:55:25,2026-10-03T22:55:26,0.953,experiments/formal/results/width64__7_add64_err_0.0100861_size_585_depth_22__ER__D4.json,d0768483e76a6773d744f35157c3f52575543b5cfb7c3728b1130478122e04f2,,,
width64__7_add64_err_0.0100861_size_585_depth_22__ER__D5,64,7_add64_err_0.0100861_size_585_depth_22,ER__D5,D5,B,PASS,1,2026-10-03T22:55:26,2026-10-03T22:55:27,0.848,experiments/formal/results/width64__7_add64_err_0.0100861_size_585_depth_22__ER__D5.json,c0233f5edbb7f13328ad51e616791b07b86ce308120391050ab1f1c0a1bd69cb,,,
width64__7_add64_err_0.0100861_size_585_depth_22__ER__R0,64,7_add64_err_0.0100861_size_585_depth_22,ER__R0,R0,B,PASS,1,2026-10-03T22:55:27,2026-10-03T22:55:28,0.938,experiments/formal/results/width64__7_add64_err_0.0100861_size_585_depth_22__ER__R0.json,c510eed37ca07107e2e08c98538f414bb23f9390a3548eaa443fb369cf8869fd,,,
width64__7_add64_err_0.0100861_size_585_depth_22__ER__R1,64,7_add64_err_0.0100861_size_585_depth_22,ER__R1,R1,B,PASS,1,2026-10-03T22:55:28,2026-10-03T22:55:29,0.887,experiments/formal/results/width64__7_add64_err_0.0100861_size_585_depth_22__ER__R1.json,9792d9d1ae43022691acee8d7665185d3493390757a1e1452a458d8d5638afbc,,,
width64__7_add64_err_0.0100861_size_585_depth_22__ER__R2,64,7_add64_err_0.0100861_size_585_depth_22,ER__R2,R2,B,PASS,1,2026-10-03T22:55:29,2026-10-03T22:55:30,0.807,experiments/formal/results/width64__7_add64_err_0.0100861_size_585_depth_22__ER__R2.json,057bb72571ee58fc813c4a2cfbbf6b8ecb83623b400ea92953997d9893a85a7b,,,
width64__7_add64_err_0.0100861_size_585_depth_22__ER__R3,64,7_add64_err_0.0100861_size_585_depth_22,ER__R3,R3,B,PASS,1,2026-10-03T22:55:30,2026-10-03T22:55:31,0.747,experiments/formal/results/width64__7_add64_err_0.0100861_size_585_depth_22__ER__R3.json,a8c06712ee8aa8de33b083ba877d892d5586714822ae9d965189f68354312be8,,,
width64__7_add64_err_0.0100861_size_585_depth_22__ER__R4,64,7_add64_err_0.0100861_size_585_depth_22,ER__R4,R4,B,PASS,1,2026-10-03T22:55:31,2026-10-03T22:55:31,0.842,experiments/formal/results/width64__7_add64_err_0.0100861_size_585_depth_22__ER__R4.json,d596efe008db1a432f8c860077124352836acde5a0cfc1f2b94c32656d1a4e08,,,
width64__7_add64_err_0.0100861_size_585_depth_22__ER__R5,64,7_add64_err_0.0100861_size_585_depth_22,ER__R5,R5,B,PASS,1,2026-10-03T22:55:31,2026-10-03T22:55:32,0.727,experiments/formal/results/width64__7_add64_err_0.0100861_size_585_depth_22__ER__R5.json,9e24c43da38131e541ef456b425a1fffd1c43a9c71aa2b33e2ba13457040385c,,,
width64__7_add64_err_0.0100861_size_585_depth_22__ER__R6,64,7_add64_err_0.0100861_size_585_depth_22,ER__R6,R6,B,PASS,1,2026-10-03T22:55:32,2026-10-03T22:55:33,0.712,experiments/formal/results/width64__7_add64_err_0.0100861_size_585_depth_22__ER__R6.json,9597b4f9b4f1be20c93081c9c54ae8a60ea820dfb3c429f4df25958a9951318b,,,
width64__7_add64_err_0.0100861_size_585_depth_22__ER__R7,64,7_add64_err_0.0100861_size_585_depth_22,ER__R7,R7,B,PASS,1,2026-10-03T22:55:33,2026-10-03T22:55:34,0.777,experiments/formal/results/width64__7_add64_err_0.0100861_size_585_depth_22__ER__R7.json,eca26dd2e69c6ccc23cc762fc8a64107e2be2de4a8c9c01fc07592545d730e18,,,
width64__7_add64_err_0.0100861_size_585_depth_22__ER__R8,64,7_add64_err_0.0100861_size_585_depth_22,ER__R8,R8,B,PASS,1,2026-10-03T22:55:34,2026-10-03T22:55:35,0.73,experiments/formal/results/width64__7_add64_err_0.0100861_size_585_depth_22__ER__R8.json,a461ef6cc26d15152a5d781171cfefd1317f4c1905b392b3fa3462d2ba96095c,,,
width64__7_add64_err_0.0100861_size_585_depth_22__ER__R9,64,7_add64_err_0.0100861_size_585_depth_22,ER__R9,R9,B,PASS,1,2026-10-03T22:55:35,2026-10-03T22:55:35,0.704,experiments/formal/results/width64__7_add64_err_0.0100861_size_585_depth_22__ER__R9.json,2399fcc227aee31d4c8869aae055051871f60443daa3f8a528a938e7d6bd2f27,,,
width64__7_add64_err_0.0100861_size_585_depth_22__MED__D0,64,7_add64_err_0.0100861_size_585_depth_22,MED__D0,D0,B,PASS,1,2026-10-03T22:55:48,2026-10-03T22:55:49,1.426,experiments/formal/results/width64__7_add64_err_0.0100861_size_585_depth_22__MED__D0.json,566d510897217dfe94e1de498dacb897b79cb3767b3ff99f588e2743af7e1fd3,,,
width64__7_add64_err_0.0100861_size_585_depth_22__MED__D1,64,7_add64_err_0.0100861_size_585_depth_22,MED__D1,D1,B,PASS,1,2026-10-03T22:55:49,2026-10-03T22:55:51,1.245,experiments/formal/results/width64__7_add64_err_0.0100861_size_585_depth_22__MED__D1.json,36d927b39b9b5d0e07ba4d9faba0d1d80b756a056d126b04c1f93116e9d3b2b2,,,
width64__7_add64_err_0.0100861_size_585_depth_22__MED__D2,64,7_add64_err_0.0100861_size_585_depth_22,MED__D2,D2,B,PASS,1,2026-10-03T22:55:51,2026-10-03T22:55:52,1.431,experiments/formal/results/width64__7_add64_err_0.0100861_size_585_depth_22__MED__D2.json,7934e4167969e08d65d6a755b6fbf67a37b3b9ff620cf0a07821bf5c8b893d61,,,
width64__7_add64_err_0.0100861_size_585_depth_22__MED__D3,64,7_add64_err_0.0100861_size_585_depth_22,MED__D3,D3,B,PASS,1,2026-10-03T22:55:52,2026-10-03T22:55:54,1.552,experiments/formal/results/width64__7_add64_err_0.0100861_size_585_depth_22__MED__D3.json,3f391043db570eee7f1fb51244af421b61550f40cf96e157a66c799613d3734e,,,
width64__7_add64_err_0.0100861_size_585_depth_22__MED__D4,64,7_add64_err_0.0100861_size_585_depth_22,MED__D4,D4,B,PASS,1,2026-10-03T22:55:54,2026-10-03T22:55:55,1.402,experiments/formal/results/width64__7_add64_err_0.0100861_size_585_depth_22__MED__D4.json,070ebd4a7deb0187567175276d45736d630cb3e4269455380d8e987f99439bb8,,,
width64__7_add64_err_0.0100861_size_585_depth_22__MED__D5,64,7_add64_err_0.0100861_size_585_depth_22,MED__D5,D5,B,PASS,1,2026-10-03T22:55:55,2026-10-03T22:55:57,1.393,experiments/formal/results/width64__7_add64_err_0.0100861_size_585_depth_22__MED__D5.json,6e4c69ac10cfd6c6f4a892a9042e75f02fedccd049ae5a9e88ed4561f550db21,,,
width64__7_add64_err_0.0100861_size_585_depth_22__compile_ER,64,7_add64_err_0.0100861_size_585_depth_22,compile_ER,None,B,PASS,1,2026-10-03T22:55:12,2026-10-03T22:55:21,9.701,experiments/formal/results/width64__7_add64_err_0.0100861_size_585_depth_22__compile_ER.json,4d22218002b0c07055f4d9c758e05e10ad6d496bdd673b9fe7f4bd877c5bd3a8,,,
width64__7_add64_err_0.0100861_size_585_depth_22__compile_MED,64,7_add64_err_0.0100861_size_585_depth_22,compile_MED,None,B,PASS,1,2026-10-03T22:55:35,2026-10-03T22:55:48,12.694,experiments/formal/results/width64__7_add64_err_0.0100861_size_585_depth_22__compile_MED.json,f3455c542ecd14494237b0350e657805d160d4d28df21ebec5b5a33fe20ce304,,,
width64__7_add64_err_0.0100861_size_585_depth_22__timing_K16,64,7_add64_err_0.0100861_size_585_depth_22,timing_K16,None,B,PASS,1,2026-10-03T22:55:57,2026-10-03T22:56:19,22.191,experiments/formal/results/width64__7_add64_err_0.0100861_size_585_depth_22__timing_K16.json,ebfa3f5955051f101a6334a8854291f00eb74695337fe99152da6bd595807a4c,,,
width64__7_add64_err_0.0100861_size_585_depth_22__timing_K64,64,7_add64_err_0.0100861_size_585_depth_22,timing_K64,None,B,PASS,1,2026-10-03T22:56:19,2026-10-03T22:57:19,60.424,experiments/formal/results/width64__7_add64_err_0.0100861_size_585_depth_22__timing_K64.json,7017bd80fe91c88ace30ce38a79eaecd982ce3f04a646d3ef684d9bc05077bcd,,,
width64__8_add64_err_0.0155334_size_581_depth_22__ER__D0,64,8_add64_err_0.0155334_size_581_depth_22,ER__D0,D0,B,PASS,1,2026-10-03T22:57:47,2026-10-03T22:57:47,0.741,experiments/formal/results/width64__8_add64_err_0.0155334_size_581_depth_22__ER__D0.json,5208fe52d9a12a79147b8cc9b394be0fbf5559f4d75c0dda6ee29d7865e9e897,,,
width64__8_add64_err_0.0155334_size_581_depth_22__ER__D1,64,8_add64_err_0.0155334_size_581_depth_22,ER__D1,D1,B,PASS,1,2026-10-03T22:57:48,2026-10-03T22:57:48,0.784,experiments/formal/results/width64__8_add64_err_0.0155334_size_581_depth_22__ER__D1.json,d4c3625a1b779606daba80c2e35f70ff9f12d76cd015bf76835f464dc39918af,,,
width64__8_add64_err_0.0155334_size_581_depth_22__ER__D2,64,8_add64_err_0.0155334_size_581_depth_22,ER__D2,D2,B,PASS,1,2026-10-03T22:57:48,2026-10-03T22:57:49,0.775,experiments/formal/results/width64__8_add64_err_0.0155334_size_581_depth_22__ER__D2.json,60b9b9ff6ea722bdeffeab08eb7fe72b9cb310e3b967b4aa23f9718e68edb636,,,
width64__8_add64_err_0.0155334_size_581_depth_22__ER__D3,64,8_add64_err_0.0155334_size_581_depth_22,ER__D3,D3,B,PASS,1,2026-10-03T22:57:49,2026-10-03T22:57:50,0.747,experiments/formal/results/width64__8_add64_err_0.0155334_size_581_depth_22__ER__D3.json,3290428979872744f6402c3380c589e5b3b3a2ec84bf86af33913f69bc663fc4,,,
width64__8_add64_err_0.0155334_size_581_depth_22__ER__D4,64,8_add64_err_0.0155334_size_581_depth_22,ER__D4,D4,B,PASS,1,2026-10-03T22:57:50,2026-10-03T22:57:51,0.798,experiments/formal/results/width64__8_add64_err_0.0155334_size_581_depth_22__ER__D4.json,5b959b55ca5f383a0ed61b569d96470bf0b393a4d662343e8d23919803fff747,,,
width64__8_add64_err_0.0155334_size_581_depth_22__ER__D5,64,8_add64_err_0.0155334_size_581_depth_22,ER__D5,D5,B,PASS,1,2026-10-03T22:57:51,2026-10-03T22:57:52,0.776,experiments/formal/results/width64__8_add64_err_0.0155334_size_581_depth_22__ER__D5.json,a042f0e43f5a6cdd3bea45314b3e4221cbfe8780cbae90de1e0bacb2cf949473,,,
width64__8_add64_err_0.0155334_size_581_depth_22__ER__R0,64,8_add64_err_0.0155334_size_581_depth_22,ER__R0,R0,B,PASS,1,2026-10-03T22:57:52,2026-10-03T22:57:52,0.572,experiments/formal/results/width64__8_add64_err_0.0155334_size_581_depth_22__ER__R0.json,e695d58ece10aef08b6cc1b32d3870096db31469cf723a34ceca02648e71162e,,,
width64__8_add64_err_0.0155334_size_581_depth_22__ER__R1,64,8_add64_err_0.0155334_size_581_depth_22,ER__R1,R1,B,PASS,1,2026-10-03T22:57:52,2026-10-03T22:57:53,0.81,experiments/formal/results/width64__8_add64_err_0.0155334_size_581_depth_22__ER__R1.json,ee2d4479c7b1be5098483a5cf9f4ae7d9168ba081f98c323e9d7618017b1424f,,,
width64__8_add64_err_0.0155334_size_581_depth_22__ER__R2,64,8_add64_err_0.0155334_size_581_depth_22,ER__R2,R2,B,PASS,1,2026-10-03T22:57:53,2026-10-03T22:57:54,0.901,experiments/formal/results/width64__8_add64_err_0.0155334_size_581_depth_22__ER__R2.json,ed3172d47d78d6a93319c1348bc46cbe25e9ceaece9e7f571a0907beeda8ee99,,,
width64__8_add64_err_0.0155334_size_581_depth_22__ER__R3,64,8_add64_err_0.0155334_size_581_depth_22,ER__R3,R3,B,PASS,1,2026-10-03T22:57:54,2026-10-03T22:57:55,0.806,experiments/formal/results/width64__8_add64_err_0.0155334_size_581_depth_22__ER__R3.json,d3d2ed9061e33359c6d9a736e635a0726ab0cb90c165a03e4f74c5ba2ed245ea,,,
width64__8_add64_err_0.0155334_size_581_depth_22__ER__R4,64,8_add64_err_0.0155334_size_581_depth_22,ER__R4,R4,B,PASS,1,2026-10-03T22:57:55,2026-10-03T22:57:56,0.823,experiments/formal/results/width64__8_add64_err_0.0155334_size_581_depth_22__ER__R4.json,edfc7b8ec17b2f53787aa1cefaf2e36a3a938a6c70dfec7a1e2032453a2128ee,,,
width64__8_add64_err_0.0155334_size_581_depth_22__ER__R5,64,8_add64_err_0.0155334_size_581_depth_22,ER__R5,R5,B,PASS,1,2026-10-03T22:57:56,2026-10-03T22:57:57,0.846,experiments/formal/results/width64__8_add64_err_0.0155334_size_581_depth_22__ER__R5.json,8bc309deaa4178a6979a69f88abbc7e63004045d4ebc5f9b0058bc4812ce14d8,,,
width64__8_add64_err_0.0155334_size_581_depth_22__ER__R6,64,8_add64_err_0.0155334_size_581_depth_22,ER__R6,R6,B,PASS,1,2026-10-03T22:57:57,2026-10-03T22:57:57,0.692,experiments/formal/results/width64__8_add64_err_0.0155334_size_581_depth_22__ER__R6.json,ec97378fb8daf70fcc1fff72fe60fa0d76107f09e726e91fba3bc86b5766373d,,,
width64__8_add64_err_0.0155334_size_581_depth_22__ER__R7,64,8_add64_err_0.0155334_size_581_depth_22,ER__R7,R7,B,PASS,1,2026-10-03T22:57:58,2026-10-03T22:57:58,0.869,experiments/formal/results/width64__8_add64_err_0.0155334_size_581_depth_22__ER__R7.json,100dc55a537f8b7b56c07deb9e509b0482ada013f8974ff42fdc7030ec68586a,,,
width64__8_add64_err_0.0155334_size_581_depth_22__ER__R8,64,8_add64_err_0.0155334_size_581_depth_22,ER__R8,R8,B,PASS,1,2026-10-03T22:57:58,2026-10-03T22:57:59,0.903,experiments/formal/results/width64__8_add64_err_0.0155334_size_581_depth_22__ER__R8.json,3099ec6062d440ee86f847ad49106df1b554dfa8c624bd527350c0f829a4a977,,,
width64__8_add64_err_0.0155334_size_581_depth_22__ER__R9,64,8_add64_err_0.0155334_size_581_depth_22,ER__R9,R9,B,PASS,1,2026-10-03T22:57:59,2026-10-03T22:58:00,0.791,experiments/formal/results/width64__8_add64_err_0.0155334_size_581_depth_22__ER__R9.json,c2943f2f63e3e4c1606f5fa82f078e8a7fc2c79e475a2a8ea7ee60799fd97cf3,,,
width64__8_add64_err_0.0155334_size_581_depth_22__MED__D0,64,8_add64_err_0.0155334_size_581_depth_22,MED__D0,D0,B,PASS,1,2026-10-03T23:01:55,2026-10-03T23:02:14,19.551,experiments/formal/results/width64__8_add64_err_0.0155334_size_581_depth_22__MED__D0.json,ede49895bc72ba996096826a019fb859b420d964f9f36a7289d80605355dd800,,,
width64__8_add64_err_0.0155334_size_581_depth_22__MED__D1,64,8_add64_err_0.0155334_size_581_depth_22,MED__D1,D1,B,PASS,1,2026-10-03T23:02:15,2026-10-03T23:02:35,20.602,experiments/formal/results/width64__8_add64_err_0.0155334_size_581_depth_22__MED__D1.json,0deaa2dd96264aa92cacba234a6e74912ee750b01faee236edab656e6b7b8599,,,
width64__8_add64_err_0.0155334_size_581_depth_22__MED__D2,64,8_add64_err_0.0155334_size_581_depth_22,MED__D2,D2,B,PASS,1,2026-10-03T23:02:35,2026-10-03T23:02:56,20.605,experiments/formal/results/width64__8_add64_err_0.0155334_size_581_depth_22__MED__D2.json,6c27de25cffd1c262c2b29a7e5f4504d7253d1c7e4ba8fd3abadafebda7c3191,,,
width64__8_add64_err_0.0155334_size_581_depth_22__MED__D3,64,8_add64_err_0.0155334_size_581_depth_22,MED__D3,D3,B,PASS,1,2026-10-03T23:02:56,2026-10-03T23:03:16,20.527,experiments/formal/results/width64__8_add64_err_0.0155334_size_581_depth_22__MED__D3.json,a7f48eabea1c9f62c19f2b0c7a51e9ed0fcea4f1f0c52fe247a672189757190a,,,
width64__8_add64_err_0.0155334_size_581_depth_22__MED__D4,64,8_add64_err_0.0155334_size_581_depth_22,MED__D4,D4,B,PASS,1,2026-10-03T23:03:16,2026-10-03T23:03:37,21.107,experiments/formal/results/width64__8_add64_err_0.0155334_size_581_depth_22__MED__D4.json,a4baba3e3534fccaf72a5f3b9e9976f0184f904b88e9013f81106b60bd469580,,,
width64__8_add64_err_0.0155334_size_581_depth_22__MED__D5,64,8_add64_err_0.0155334_size_581_depth_22,MED__D5,D5,B,PASS,1,2026-10-03T23:03:38,2026-10-03T23:03:58,20.883,experiments/formal/results/width64__8_add64_err_0.0155334_size_581_depth_22__MED__D5.json,cb261ff211521434145971e4abc0ffdf69d428b8b0fbe4ac0bfcb4b23f96fdbd,,,
width64__8_add64_err_0.0155334_size_581_depth_22__compile_ER,64,8_add64_err_0.0155334_size_581_depth_22,compile_ER,None,B,PASS,1,2026-10-03T22:57:19,2026-10-03T22:57:47,27.213,experiments/formal/results/width64__8_add64_err_0.0155334_size_581_depth_22__compile_ER.json,5d35f840ce104e36fc901a7eb892c77c1c5e79d9f2b81f316171cbd02921353d,,,
width64__8_add64_err_0.0155334_size_581_depth_22__compile_MED,64,8_add64_err_0.0155334_size_581_depth_22,compile_MED,None,B,PASS,1,2026-10-03T22:58:00,2026-10-03T23:01:55,234.674,experiments/formal/results/width64__8_add64_err_0.0155334_size_581_depth_22__compile_MED.json,43c866880e4775b746b23c7eb1d6ab4f17b3c142afa06fb277752445c8fb12cf,,,
width64__8_add64_err_0.0155334_size_581_depth_22__timing_K16,64,8_add64_err_0.0155334_size_581_depth_22,timing_K16,None,B,PASS,1,2026-10-03T23:03:58,2026-10-03T23:04:35,36.438,experiments/formal/results/width64__8_add64_err_0.0155334_size_581_depth_22__timing_K16.json,7657b4706012211baa81396c31d88d52c63014d9aebb98f36ebf7a916afa7de7,,,
width64__8_add64_err_0.0155334_size_581_depth_22__timing_K64,64,8_add64_err_0.0155334_size_581_depth_22,timing_K64,None,B,PASS,1,2026-10-03T23:04:35,2026-10-03T23:05:49,73.74,experiments/formal/results/width64__8_add64_err_0.0155334_size_581_depth_22__timing_K64.json,d8fae386df9fa0dbf15df27c8d8fbdccb73b7423e81a0c73c0b2c88cdf1e68f4,,,
width8__1_add8_err_0.0299377_size_63_depth_12__ER__D0,8,1_add8_err_0.0299377_size_63_depth_12,ER__D0,D0,A,PASS,1,2026-10-03T21:58:10,2026-10-03T21:58:10,0.147,experiments/formal/results/width8__1_add8_err_0.0299377_size_63_depth_12__ER__D0.json,0d564913d9c763c9233c3cf618028963071f7d17de050e05381aa4edb1f180ea,,,
width8__1_add8_err_0.0299377_size_63_depth_12__ER__D1,8,1_add8_err_0.0299377_size_63_depth_12,ER__D1,D1,A,PASS,1,2026-10-03T21:58:10,2026-10-03T21:58:10,0.197,experiments/formal/results/width8__1_add8_err_0.0299377_size_63_depth_12__ER__D1.json,5e88ca4698fd120dd5f0ae6aba3e6badecfa5daa086b1559501dbcc445f388d9,,,
width8__1_add8_err_0.0299377_size_63_depth_12__ER__D2,8,1_add8_err_0.0299377_size_63_depth_12,ER__D2,D2,A,PASS,1,2026-10-03T21:58:10,2026-10-03T21:58:10,0.132,experiments/formal/results/width8__1_add8_err_0.0299377_size_63_depth_12__ER__D2.json,fd98d8a8af029e021a79b0a31cfb86b9a5a1d1d8af8eca104a4956e2c32f9c8a,,,
width8__1_add8_err_0.0299377_size_63_depth_12__ER__D3,8,1_add8_err_0.0299377_size_63_depth_12,ER__D3,D3,A,PASS,1,2026-10-03T21:58:10,2026-10-03T21:58:10,0.111,experiments/formal/results/width8__1_add8_err_0.0299377_size_63_depth_12__ER__D3.json,6c0d3c964f7b60c08ddb81afbf37689fd59653a000c0ece65cbff18d54686f70,,,
width8__1_add8_err_0.0299377_size_63_depth_12__ER__D4,8,1_add8_err_0.0299377_size_63_depth_12,ER__D4,D4,A,PASS,1,2026-10-03T21:58:10,2026-10-03T21:58:11,0.127,experiments/formal/results/width8__1_add8_err_0.0299377_size_63_depth_12__ER__D4.json,1a7cb64023d9a7c9a450dbd5af62ceef549c889e67c589732b6eabcb453ac6ad,,,
width8__1_add8_err_0.0299377_size_63_depth_12__ER__D5,8,1_add8_err_0.0299377_size_63_depth_12,ER__D5,D5,A,PASS,1,2026-10-03T21:58:11,2026-10-03T21:58:11,0.123,experiments/formal/results/width8__1_add8_err_0.0299377_size_63_depth_12__ER__D5.json,4c86035eb0cf14630f5103dd8842ff1d14c35a00b215ed99d838ae752423c83a,,,
width8__1_add8_err_0.0299377_size_63_depth_12__ER__R0,8,1_add8_err_0.0299377_size_63_depth_12,ER__R0,R0,A,PASS,1,2026-10-03T21:58:11,2026-10-03T21:58:11,0.138,experiments/formal/results/width8__1_add8_err_0.0299377_size_63_depth_12__ER__R0.json,0f17da54aac50a6be2760c74f10a2d81d380652dfcdce27ec8ff3dd135222d8b,,,
width8__1_add8_err_0.0299377_size_63_depth_12__ER__R1,8,1_add8_err_0.0299377_size_63_depth_12,ER__R1,R1,A,PASS,1,2026-10-03T21:58:11,2026-10-03T21:58:11,0.146,experiments/formal/results/width8__1_add8_err_0.0299377_size_63_depth_12__ER__R1.json,b6e48961086a092c2d13ef6dd4a5b52d3fe11e1e27c823ef7889296e2fc91227,,,
width8__1_add8_err_0.0299377_size_63_depth_12__ER__R2,8,1_add8_err_0.0299377_size_63_depth_12,ER__R2,R2,A,PASS,1,2026-10-03T21:58:11,2026-10-03T21:58:11,0.129,experiments/formal/results/width8__1_add8_err_0.0299377_size_63_depth_12__ER__R2.json,3ce4fa110f1d9e20cece599795d9677c62b1e5c7375039c0c260fed31d50dafb,,,
width8__1_add8_err_0.0299377_size_63_depth_12__ER__R3,8,1_add8_err_0.0299377_size_63_depth_12,ER__R3,R3,A,PASS,1,2026-10-03T21:58:11,2026-10-03T21:58:11,0.172,experiments/formal/results/width8__1_add8_err_0.0299377_size_63_depth_12__ER__R3.json,7c27be1f2f05d9ee701bea6f8fa59552dd8da00ad9ef15c43a4db5790f96888e,,,
width8__1_add8_err_0.0299377_size_63_depth_12__ER__R4,8,1_add8_err_0.0299377_size_63_depth_12,ER__R4,R4,A,PASS,1,2026-10-03T21:58:11,2026-10-03T21:58:12,0.152,experiments/formal/results/width8__1_add8_err_0.0299377_size_63_depth_12__ER__R4.json,8470d56e3a8526d9dc60ce1c10211defaa8c6ee49fd2d2ae3aa14f41ee741a9d,,,
width8__1_add8_err_0.0299377_size_63_depth_12__ER__R5,8,1_add8_err_0.0299377_size_63_depth_12,ER__R5,R5,A,PASS,1,2026-10-03T21:58:12,2026-10-03T21:58:14,2.591,experiments/formal/results/width8__1_add8_err_0.0299377_size_63_depth_12__ER__R5.json,15ff7e617cc5ac8636b3f8714a0643bf69f6a5b7ef5cf96cdb21cf5eb0ad0b86,,,
width8__1_add8_err_0.0299377_size_63_depth_12__ER__R6,8,1_add8_err_0.0299377_size_63_depth_12,ER__R6,R6,A,PASS,1,2026-10-03T21:58:14,2026-10-03T21:58:18,4.318,experiments/formal/results/width8__1_add8_err_0.0299377_size_63_depth_12__ER__R6.json,8194943cca23b897030a83b58b1ad1da22aba13827c758a81d8b37fda80b9847,,,
width8__1_add8_err_0.0299377_size_63_depth_12__ER__R7,8,1_add8_err_0.0299377_size_63_depth_12,ER__R7,R7,A,PASS,1,2026-10-03T21:58:19,2026-10-03T21:58:21,2.537,experiments/formal/results/width8__1_add8_err_0.0299377_size_63_depth_12__ER__R7.json,52dba7726772e05381d28bab5016934bfa193342f0e2ce21d87c3690234df2d5,,,
width8__1_add8_err_0.0299377_size_63_depth_12__ER__R8,8,1_add8_err_0.0299377_size_63_depth_12,ER__R8,R8,A,PASS,1,2026-10-03T21:58:21,2026-10-03T21:58:22,0.301,experiments/formal/results/width8__1_add8_err_0.0299377_size_63_depth_12__ER__R8.json,5ea3bce98c322d7daa19e644d0f74314a8b1f1c84fcc075681eda09e5f9027e8,,,
width8__1_add8_err_0.0299377_size_63_depth_12__ER__R9,8,1_add8_err_0.0299377_size_63_depth_12,ER__R9,R9,A,PASS,1,2026-10-03T21:58:22,2026-10-03T21:58:22,0.413,experiments/formal/results/width8__1_add8_err_0.0299377_size_63_depth_12__ER__R9.json,612542d716865b891270e794ba3af1fcf7ee8f0353d4dd9791da3b980671a18e,,,
width8__1_add8_err_0.0299377_size_63_depth_12__MED__D0,8,1_add8_err_0.0299377_size_63_depth_12,MED__D0,D0,A,PASS,1,2026-10-04T06:49:03,2026-10-04T06:49:12,9.163,experiments/formal/results/width8__1_add8_err_0.0299377_size_63_depth_12__MED__D0.json,10753934e62fd54d661bf20336b4d7ee11a95d14c192aedaa57682337f4183c9,,,
width8__1_add8_err_0.0299377_size_63_depth_12__MED__D1,8,1_add8_err_0.0299377_size_63_depth_12,MED__D1,D1,A,PASS,1,2026-10-04T06:53:11,2026-10-04T06:53:16,4.955,experiments/formal/results/width8__1_add8_err_0.0299377_size_63_depth_12__MED__D1.json,f8735b5227bca542789894bbc3911c15361237d2c1980f63c00ca488be17f412,,,
width8__1_add8_err_0.0299377_size_63_depth_12__MED__D2,8,1_add8_err_0.0299377_size_63_depth_12,MED__D2,D2,A,PASS,1,2026-10-04T06:53:16,2026-10-04T06:53:16,0.154,experiments/formal/results/width8__1_add8_err_0.0299377_size_63_depth_12__MED__D2.json,aa421b77a35f58ec814bf106b4d712a25eec22c873bc4fdd59433aeb31c19c32,,,
width8__1_add8_err_0.0299377_size_63_depth_12__MED__D3,8,1_add8_err_0.0299377_size_63_depth_12,MED__D3,D3,A,PASS,1,2026-10-04T06:53:16,2026-10-04T06:53:16,0.141,experiments/formal/results/width8__1_add8_err_0.0299377_size_63_depth_12__MED__D3.json,fb9d488d1e10db37ba6012fe491fef88e43c0820e5a251c54284973e57a1303d,,,
width8__1_add8_err_0.0299377_size_63_depth_12__MED__D4,8,1_add8_err_0.0299377_size_63_depth_12,MED__D4,D4,A,PASS,1,2026-10-04T06:53:16,2026-10-04T06:53:16,0.152,experiments/formal/results/width8__1_add8_err_0.0299377_size_63_depth_12__MED__D4.json,fd119869aed1e3ce83f57dedf96b1442901fd98e7bcb0ea2c706d4bdbdfbe9c5,,,
width8__1_add8_err_0.0299377_size_63_depth_12__MED__D5,8,1_add8_err_0.0299377_size_63_depth_12,MED__D5,D5,A,PASS,1,2026-10-04T06:53:16,2026-10-04T06:53:16,0.143,experiments/formal/results/width8__1_add8_err_0.0299377_size_63_depth_12__MED__D5.json,3fabba96d96205ac26a6d3c74dcc72cd03a6dcfe0dd17ad606bc8d2f81403f87,,,
width8__1_add8_err_0.0299377_size_63_depth_12__compile_ER,8,1_add8_err_0.0299377_size_63_depth_12,compile_ER,None,A,PASS,1,2026-10-03T21:58:07,2026-10-03T21:58:10,2.259,experiments/formal/results/width8__1_add8_err_0.0299377_size_63_depth_12__compile_ER.json,e1b9f667064f89de554913060dbcc091979c53f1e6219167aa23740e464b44d4,,,
width8__1_add8_err_0.0299377_size_63_depth_12__compile_MED,8,1_add8_err_0.0299377_size_63_depth_12,compile_MED,None,A,PASS,1,2026-10-03T22:06:39,2026-10-03T22:06:41,2.313,experiments/formal/results/width8__1_add8_err_0.0299377_size_63_depth_12__compile_MED.json,da03665b5e27a036be24a4005e115af40eb7e421ffbf31370bc7dbe69daac318,,,
width8__1_add8_err_0.0299377_size_63_depth_12__timing_K16,8,1_add8_err_0.0299377_size_63_depth_12,timing_K16,None,A,PASS,1,2026-10-03T21:58:53,2026-10-03T21:58:57,4.025,experiments/formal/results/width8__1_add8_err_0.0299377_size_63_depth_12__timing_K16.json,78d330d486f99cf6e2c30dd37abbebc79e51e3efe672b231a307fe843b85e00e,,,
width8__1_add8_err_0.0299377_size_63_depth_12__timing_K64,8,1_add8_err_0.0299377_size_63_depth_12,timing_K64,None,A,PASS,1,2026-10-03T21:58:57,2026-10-03T21:59:26,28.628,experiments/formal/results/width8__1_add8_err_0.0299377_size_63_depth_12__timing_K64.json,863d2671caebf5a48b36a644610e810c6d70e0b5bb0ebf58c3784dbd1e1ae5a7,,,
width8__2_add8_err_0.11734_size_59_depth_10__ER__D0,8,2_add8_err_0.11734_size_59_depth_10,ER__D0,D0,A,PASS,1,2026-10-03T21:59:26,2026-10-03T21:59:26,0.138,experiments/formal/results/width8__2_add8_err_0.11734_size_59_depth_10__ER__D0.json,26ea0f662ab0fc13e8ad06c012ef90ddc6fd285f59c270ffbfbd3344cd77e571,,,
width8__2_add8_err_0.11734_size_59_depth_10__ER__D1,8,2_add8_err_0.11734_size_59_depth_10,ER__D1,D1,A,PASS,1,2026-10-03T21:59:26,2026-10-03T21:59:26,0.124,experiments/formal/results/width8__2_add8_err_0.11734_size_59_depth_10__ER__D1.json,0008d79f7890b5fbc00887e0f5dc7aba769a20dfeef51796c6a72441c6fa932b,,,
width8__2_add8_err_0.11734_size_59_depth_10__ER__D2,8,2_add8_err_0.11734_size_59_depth_10,ER__D2,D2,A,PASS,1,2026-10-03T21:59:26,2026-10-03T21:59:26,0.143,experiments/formal/results/width8__2_add8_err_0.11734_size_59_depth_10__ER__D2.json,36c6a49d9c65afd4c49aa44286e5c761a8ed2a6ffa841652bddcee1782d90b5b,,,
width8__2_add8_err_0.11734_size_59_depth_10__ER__D3,8,2_add8_err_0.11734_size_59_depth_10,ER__D3,D3,A,PASS,1,2026-10-03T21:59:26,2026-10-03T21:59:26,0.133,experiments/formal/results/width8__2_add8_err_0.11734_size_59_depth_10__ER__D3.json,c6bfe2535eefe8229b8756f9f47f7292fafa0bef87db21480ef5f49f7e095683,,,
width8__2_add8_err_0.11734_size_59_depth_10__ER__D4,8,2_add8_err_0.11734_size_59_depth_10,ER__D4,D4,A,PASS,1,2026-10-03T21:59:26,2026-10-03T21:59:27,0.198,experiments/formal/results/width8__2_add8_err_0.11734_size_59_depth_10__ER__D4.json,7881e9617db97900359011c8d1aaaf230931d48d3ac23ec8ad67f5760162e51f,,,
width8__2_add8_err_0.11734_size_59_depth_10__ER__D5,8,2_add8_err_0.11734_size_59_depth_10,ER__D5,D5,A,PASS,1,2026-10-03T21:59:27,2026-10-03T21:59:27,0.172,experiments/formal/results/width8__2_add8_err_0.11734_size_59_depth_10__ER__D5.json,e54838d64707fea7f52a49bccbbf7e65902aa3f2201d7dd63dc2f87949690978,,,
width8__2_add8_err_0.11734_size_59_depth_10__ER__R0,8,2_add8_err_0.11734_size_59_depth_10,ER__R0,R0,A,PASS,1,2026-10-03T21:59:27,2026-10-03T21:59:28,0.978,experiments/formal/results/width8__2_add8_err_0.11734_size_59_depth_10__ER__R0.json,af4ce7d3d95d90cc766d1ec3c4243b1a24d1e10168a7d868e0c5e4935cd1e67c,,,
width8__2_add8_err_0.11734_size_59_depth_10__ER__R1,8,2_add8_err_0.11734_size_59_depth_10,ER__R1,R1,A,PASS,1,2026-10-03T21:59:29,2026-10-03T21:59:33,4.855,experiments/formal/results/width8__2_add8_err_0.11734_size_59_depth_10__ER__R1.json,992372d19bc20fcd4a4d574eb63db166561eb383cdfec241ff08940f45d06710,,,
width8__2_add8_err_0.11734_size_59_depth_10__ER__R2,8,2_add8_err_0.11734_size_59_depth_10,ER__R2,R2,A,PASS,1,2026-10-03T21:59:33,2026-10-03T21:59:36,2.899,experiments/formal/results/width8__2_add8_err_0.11734_size_59_depth_10__ER__R2.json,d691310a8ab9e0639479346397c553ece5e50411f695a15bc8d3fca63df7f8ce,,,
width8__2_add8_err_0.11734_size_59_depth_10__ER__R3,8,2_add8_err_0.11734_size_59_depth_10,ER__R3,R3,A,PASS,1,2026-10-03T21:59:37,2026-10-03T21:59:37,0.214,experiments/formal/results/width8__2_add8_err_0.11734_size_59_depth_10__ER__R3.json,1ab5ca73532041de7ad8918fb55ec1be5956d4d3ae9aa7fc419ba53dcdb4e924,,,
width8__2_add8_err_0.11734_size_59_depth_10__ER__R4,8,2_add8_err_0.11734_size_59_depth_10,ER__R4,R4,A,PASS,1,2026-10-03T21:59:37,2026-10-03T21:59:38,0.763,experiments/formal/results/width8__2_add8_err_0.11734_size_59_depth_10__ER__R4.json,3a72c438511a95d8e2ce38f23ac9ac5714a9bf1a544465ae14fb0530be62a44a,,,
width8__2_add8_err_0.11734_size_59_depth_10__ER__R5,8,2_add8_err_0.11734_size_59_depth_10,ER__R5,R5,A,PASS,1,2026-10-03T21:59:38,2026-10-03T21:59:39,0.759,experiments/formal/results/width8__2_add8_err_0.11734_size_59_depth_10__ER__R5.json,4951ceb6b68ba365c213d46b096b03689391e19443e2a44908f5a0c3b76114c3,,,
width8__2_add8_err_0.11734_size_59_depth_10__ER__R6,8,2_add8_err_0.11734_size_59_depth_10,ER__R6,R6,A,PASS,1,2026-10-03T21:59:39,2026-10-03T21:59:40,1.139,experiments/formal/results/width8__2_add8_err_0.11734_size_59_depth_10__ER__R6.json,8ed87e662acf9872b095e32c214fb76894fef3fb658f6dca408b489c8cf2b52f,,,
width8__2_add8_err_0.11734_size_59_depth_10__ER__R7,8,2_add8_err_0.11734_size_59_depth_10,ER__R7,R7,A,PASS,1,2026-10-03T21:59:40,2026-10-03T21:59:41,1.17,experiments/formal/results/width8__2_add8_err_0.11734_size_59_depth_10__ER__R7.json,350e59b4edd96330dad0ff46a0f2c6e296daefd01a616aa335af4780c55d89de,,,
width8__2_add8_err_0.11734_size_59_depth_10__ER__R8,8,2_add8_err_0.11734_size_59_depth_10,ER__R8,R8,A,PASS,1,2026-10-03T21:59:41,2026-10-03T21:59:41,0.161,experiments/formal/results/width8__2_add8_err_0.11734_size_59_depth_10__ER__R8.json,acbd8467c696a97fa52568b5aa836e1a5d3fff9110ed4e233e2668c1c72af915,,,
width8__2_add8_err_0.11734_size_59_depth_10__ER__R9,8,2_add8_err_0.11734_size_59_depth_10,ER__R9,R9,A,PASS,1,2026-10-03T21:59:41,2026-10-03T21:59:41,0.173,experiments/formal/results/width8__2_add8_err_0.11734_size_59_depth_10__ER__R9.json,c808bfb34c85eed86cb11c2f8284af27c08be6ef2eb946d75628f8b64fb61ec2,,,
width8__2_add8_err_0.11734_size_59_depth_10__MED__D0,8,2_add8_err_0.11734_size_59_depth_10,MED__D0,D0,A,PASS,1,2026-10-04T06:53:16,2026-10-04T06:53:16,0.148,experiments/formal/results/width8__2_add8_err_0.11734_size_59_depth_10__MED__D0.json,e7a86b0fd563a707301242ef8da61dbc36f4b407d72d829f0c89f6f141d9a05e,,,
width8__2_add8_err_0.11734_size_59_depth_10__MED__D1,8,2_add8_err_0.11734_size_59_depth_10,MED__D1,D1,A,PASS,1,2026-10-04T06:53:17,2026-10-04T06:53:17,0.148,experiments/formal/results/width8__2_add8_err_0.11734_size_59_depth_10__MED__D1.json,6a3a834a5aa487fbc6588d0e8f9bdbafeed692ab321e83bed03031a3b5272b3c,,,
width8__2_add8_err_0.11734_size_59_depth_10__MED__D2,8,2_add8_err_0.11734_size_59_depth_10,MED__D2,D2,A,PASS,1,2026-10-04T06:53:17,2026-10-04T06:53:17,0.143,experiments/formal/results/width8__2_add8_err_0.11734_size_59_depth_10__MED__D2.json,9b3a7dab31b91fff5c9d3b2957508593e045810d2b160a2b18bebae7064f6af2,,,
width8__2_add8_err_0.11734_size_59_depth_10__MED__D3,8,2_add8_err_0.11734_size_59_depth_10,MED__D3,D3,A,PASS,1,2026-10-04T06:53:17,2026-10-04T06:53:17,0.148,experiments/formal/results/width8__2_add8_err_0.11734_size_59_depth_10__MED__D3.json,ada2f8f55267aad68586ae80610de4232538af6bc16a210e723c25541751f3e8,,,
width8__2_add8_err_0.11734_size_59_depth_10__MED__D4,8,2_add8_err_0.11734_size_59_depth_10,MED__D4,D4,A,PASS,1,2026-10-04T06:53:17,2026-10-04T06:53:17,0.155,experiments/formal/results/width8__2_add8_err_0.11734_size_59_depth_10__MED__D4.json,eaf827aa61c38cd61ecae83ee54b8dbd1e43b971b47bd16ff26199383c13ff0a,,,
width8__2_add8_err_0.11734_size_59_depth_10__MED__D5,8,2_add8_err_0.11734_size_59_depth_10,MED__D5,D5,A,PASS,1,2026-10-04T06:53:17,2026-10-04T06:53:17,0.135,experiments/formal/results/width8__2_add8_err_0.11734_size_59_depth_10__MED__D5.json,eb6c468cefd9e0d9df981c016452274e31dace3ae8fdca09a917f368d9223354,,,
width8__2_add8_err_0.11734_size_59_depth_10__compile_ER,8,2_add8_err_0.11734_size_59_depth_10,compile_ER,None,A,PASS,1,2026-10-03T21:59:26,2026-10-03T21:59:26,0.171,experiments/formal/results/width8__2_add8_err_0.11734_size_59_depth_10__compile_ER.json,4abc971b5b43c660f5f71fc15e861e2753a8f9b3fbfcdc5c7c63a4f4dc728257,,,
width8__2_add8_err_0.11734_size_59_depth_10__compile_MED,8,2_add8_err_0.11734_size_59_depth_10,compile_MED,None,A,PASS,1,2026-10-03T22:06:41,2026-10-03T22:06:42,0.6,experiments/formal/results/width8__2_add8_err_0.11734_size_59_depth_10__compile_MED.json,fb3dc1e31970993af625a226a6cecc5229068a8b1840638085ecdc48b42b7b34,,,
width8__2_add8_err_0.11734_size_59_depth_10__timing_K16,8,2_add8_err_0.11734_size_59_depth_10,timing_K16,None,A,PASS,1,2026-10-03T22:00:04,2026-10-03T22:00:07,2.941,experiments/formal/results/width8__2_add8_err_0.11734_size_59_depth_10__timing_K16.json,5def716e86d2b3539c7e5e3e45256805727ed502f939bbe6685b67d9635b5cfd,,,
width8__2_add8_err_0.11734_size_59_depth_10__timing_K64,8,2_add8_err_0.11734_size_59_depth_10,timing_K64,None,A,PASS,1,2026-10-03T22:00:07,2026-10-03T22:00:37,29.947,experiments/formal/results/width8__2_add8_err_0.11734_size_59_depth_10__timing_K64.json,7e8f3f95ad302011ae40f598c9ab87dc1150efd078aab2971e89bcc705814d6c,,,
width8__3_add8_err_0.188568_size_56_depth_8__ER__D0,8,3_add8_err_0.188568_size_56_depth_8,ER__D0,D0,A,PASS,1,2026-10-03T22:00:38,2026-10-03T22:00:38,0.242,experiments/formal/results/width8__3_add8_err_0.188568_size_56_depth_8__ER__D0.json,a921e63d645528be0f7aa8e64cc2a82f63c38b6efac5fcbdb9fa0e456416e741,,,
width8__3_add8_err_0.188568_size_56_depth_8__ER__D1,8,3_add8_err_0.188568_size_56_depth_8,ER__D1,D1,A,PASS,1,2026-10-03T22:00:38,2026-10-03T22:00:38,0.203,experiments/formal/results/width8__3_add8_err_0.188568_size_56_depth_8__ER__D1.json,92b20e14a1e777c27bdb225b0d617f844413766bda682898ccbc36d817270e74,,,
width8__3_add8_err_0.188568_size_56_depth_8__ER__D2,8,3_add8_err_0.188568_size_56_depth_8,ER__D2,D2,A,PASS,1,2026-10-03T22:00:38,2026-10-03T22:00:39,0.468,experiments/formal/results/width8__3_add8_err_0.188568_size_56_depth_8__ER__D2.json,c4bb3689013e2b671862c501169f999cbed2239bbbf4ac264c45239ea7d6c9df,,,
width8__3_add8_err_0.188568_size_56_depth_8__ER__D3,8,3_add8_err_0.188568_size_56_depth_8,ER__D3,D3,A,PASS,1,2026-10-03T22:00:39,2026-10-03T22:00:39,0.427,experiments/formal/results/width8__3_add8_err_0.188568_size_56_depth_8__ER__D3.json,dd8ce1bddab4c1738f124a712316a0ed44a2bb602e2e3911cc295bf43c9c2a43,,,
width8__3_add8_err_0.188568_size_56_depth_8__ER__D4,8,3_add8_err_0.188568_size_56_depth_8,ER__D4,D4,A,PASS,1,2026-10-03T22:00:39,2026-10-03T22:00:40,0.448,experiments/formal/results/width8__3_add8_err_0.188568_size_56_depth_8__ER__D4.json,3cfba2c77bd02fc7ba98830520ace4804cd5ae69927a13ed90166a519817bfe1,,,
width8__3_add8_err_0.188568_size_56_depth_8__ER__D5,8,3_add8_err_0.188568_size_56_depth_8,ER__D5,D5,A,PASS,1,2026-10-03T22:00:40,2026-10-03T22:00:40,0.599,experiments/formal/results/width8__3_add8_err_0.188568_size_56_depth_8__ER__D5.json,d10c7df1abcdb1a352f9314edf282608318d7d18dcfca094d269adbda7b7ef65,,,
width8__3_add8_err_0.188568_size_56_depth_8__ER__R0,8,3_add8_err_0.188568_size_56_depth_8,ER__R0,R0,A,PASS,1,2026-10-03T22:00:40,2026-10-03T22:00:41,0.587,experiments/formal/results/width8__3_add8_err_0.188568_size_56_depth_8__ER__R0.json,7e182c2548ebe6e0f456d3639dbf1bf298b8f2eceac0167f0ec05231b3e9e5d2,,,
width8__3_add8_err_0.188568_size_56_depth_8__ER__R1,8,3_add8_err_0.188568_size_56_depth_8,ER__R1,R1,A,PASS,1,2026-10-03T22:00:41,2026-10-03T22:00:42,0.609,experiments/formal/results/width8__3_add8_err_0.188568_size_56_depth_8__ER__R1.json,64dff0cb22bb44e87d28b658c2c5ac55e9316f69289760954d2cf844cf1ffb0e,,,
width8__3_add8_err_0.188568_size_56_depth_8__ER__R2,8,3_add8_err_0.188568_size_56_depth_8,ER__R2,R2,A,PASS,1,2026-10-03T22:00:42,2026-10-03T22:00:42,0.58,experiments/formal/results/width8__3_add8_err_0.188568_size_56_depth_8__ER__R2.json,dc5ec3420f60648a4e760e0c0bd270f4dd3b1c0f4be131d02e437401725b4b0a,,,
width8__3_add8_err_0.188568_size_56_depth_8__ER__R3,8,3_add8_err_0.188568_size_56_depth_8,ER__R3,R3,A,PASS,2,2026-10-03T22:06:42,2026-10-03T22:06:42,0.176,experiments/formal/results/width8__3_add8_err_0.188568_size_56_depth_8__ER__R3.json,91f0993545c82fb1cca71c17605be0c82175c0655e25ec729ea9ee24a7ef2aa9,,,
width8__3_add8_err_0.188568_size_56_depth_8__ER__R4,8,3_add8_err_0.188568_size_56_depth_8,ER__R4,R4,A,PASS,1,2026-10-03T22:06:42,2026-10-03T22:06:42,0.131,experiments/formal/results/width8__3_add8_err_0.188568_size_56_depth_8__ER__R4.json,afd4b4023e54b97fc215a05f766b17bb193b8d61c5939dda656dcd03eb448870,,,
width8__3_add8_err_0.188568_size_56_depth_8__ER__R5,8,3_add8_err_0.188568_size_56_depth_8,ER__R5,R5,A,PASS,1,2026-10-03T22:06:42,2026-10-03T22:06:43,0.134,experiments/formal/results/width8__3_add8_err_0.188568_size_56_depth_8__ER__R5.json,ebeed21e408477036ba98a689877135909ed51e9ea12274eeb1156d0f5bdd4eb,,,
width8__3_add8_err_0.188568_size_56_depth_8__ER__R6,8,3_add8_err_0.188568_size_56_depth_8,ER__R6,R6,A,PASS,1,2026-10-03T22:06:43,2026-10-03T22:06:43,0.196,experiments/formal/results/width8__3_add8_err_0.188568_size_56_depth_8__ER__R6.json,08b03913e817e26c1b2ea97bba3619522dfa962ecc48de0003ecec7743bff881,,,
width8__3_add8_err_0.188568_size_56_depth_8__ER__R7,8,3_add8_err_0.188568_size_56_depth_8,ER__R7,R7,A,PASS,1,2026-10-03T22:06:43,2026-10-03T22:06:43,0.145,experiments/formal/results/width8__3_add8_err_0.188568_size_56_depth_8__ER__R7.json,32234ae61aca65119be4891e602c6ecf0ef13ef6fc9c504fb5a4c91797885417,,,
width8__3_add8_err_0.188568_size_56_depth_8__ER__R8,8,3_add8_err_0.188568_size_56_depth_8,ER__R8,R8,A,PASS,1,2026-10-03T22:06:43,2026-10-03T22:06:43,0.13,experiments/formal/results/width8__3_add8_err_0.188568_size_56_depth_8__ER__R8.json,4345c83f48200cec76f28afd9b45e20a1d33303c42336333a12e3ed66726e931,,,
width8__3_add8_err_0.188568_size_56_depth_8__ER__R9,8,3_add8_err_0.188568_size_56_depth_8,ER__R9,R9,A,PASS,1,2026-10-03T22:06:43,2026-10-03T22:06:43,0.129,experiments/formal/results/width8__3_add8_err_0.188568_size_56_depth_8__ER__R9.json,d86a1a06a98cccd2e03809ac64ac8f65ade7305a36aebb30bd2d98fb9ae55378,,,
width8__3_add8_err_0.188568_size_56_depth_8__MED__D0,8,3_add8_err_0.188568_size_56_depth_8,MED__D0,D0,A,PASS,1,2026-10-03T22:06:44,2026-10-03T22:06:44,0.287,experiments/formal/results/width8__3_add8_err_0.188568_size_56_depth_8__MED__D0.json,c6b44fda613bad0f3c737afebe14bc99d632d25425fdb6547ddb864989c12f28,,,
width8__3_add8_err_0.188568_size_56_depth_8__MED__D1,8,3_add8_err_0.188568_size_56_depth_8,MED__D1,D1,A,PASS,1,2026-10-03T22:06:44,2026-10-03T22:06:44,0.249,experiments/formal/results/width8__3_add8_err_0.188568_size_56_depth_8__MED__D1.json,ef788dcbd24fa06aac2fd8a4ced597fd2171508b6728f43075603933f06bf28a,,,
width8__3_add8_err_0.188568_size_56_depth_8__MED__D2,8,3_add8_err_0.188568_size_56_depth_8,MED__D2,D2,A,PASS,1,2026-10-03T22:06:44,2026-10-03T22:06:45,0.22,experiments/formal/results/width8__3_add8_err_0.188568_size_56_depth_8__MED__D2.json,2ce41fa4c616fbe21cdd2253353795503938cd78039ef369c739fd3a11e00c4c,,,
width8__3_add8_err_0.188568_size_56_depth_8__MED__D3,8,3_add8_err_0.188568_size_56_depth_8,MED__D3,D3,A,PASS,1,2026-10-03T22:06:45,2026-10-03T22:06:45,0.226,experiments/formal/results/width8__3_add8_err_0.188568_size_56_depth_8__MED__D3.json,fb3105aa89c1dc69ea92cb85c27d73cfcd5f6ead1cf098dedb673ffca1b91190,,,
width8__3_add8_err_0.188568_size_56_depth_8__MED__D4,8,3_add8_err_0.188568_size_56_depth_8,MED__D4,D4,A,PASS,1,2026-10-03T22:06:45,2026-10-03T22:06:45,0.242,experiments/formal/results/width8__3_add8_err_0.188568_size_56_depth_8__MED__D4.json,56eb4388e789e5ac2871dcb568748921c69ca61d457bee5f512d068e8e477c1c,,,
width8__3_add8_err_0.188568_size_56_depth_8__MED__D5,8,3_add8_err_0.188568_size_56_depth_8,MED__D5,D5,A,PASS,1,2026-10-03T22:06:45,2026-10-03T22:06:45,0.237,experiments/formal/results/width8__3_add8_err_0.188568_size_56_depth_8__MED__D5.json,088e79bb3c230ffcf4f033a6f495aae9c96b363ea93f8259614171971b94a4fa,,,
width8__3_add8_err_0.188568_size_56_depth_8__compile_ER,8,3_add8_err_0.188568_size_56_depth_8,compile_ER,None,A,PASS,1,2026-10-03T22:00:37,2026-10-03T22:00:38,0.272,experiments/formal/results/width8__3_add8_err_0.188568_size_56_depth_8__compile_ER.json,afea086b3f8fe7a4053c5703541fe1b436013068dc58944ad610ee3e1d11c9fb,,,
width8__3_add8_err_0.188568_size_56_depth_8__compile_MED,8,3_add8_err_0.188568_size_56_depth_8,compile_MED,None,A,PASS,1,2026-10-03T22:06:43,2026-10-03T22:06:44,0.519,experiments/formal/results/width8__3_add8_err_0.188568_size_56_depth_8__compile_MED.json,13c96d08df99f3738da460ecdb5540530e3d760d64d1fcc11a4c4688a633f18e,,,
width8__3_add8_err_0.188568_size_56_depth_8__timing_K16,8,3_add8_err_0.188568_size_56_depth_8,timing_K16,None,A,PASS,1,2026-10-03T22:06:45,2026-10-03T22:06:48,2.174,experiments/formal/results/width8__3_add8_err_0.188568_size_56_depth_8__timing_K16.json,64f97ccbb918162cf0aa7272c7f698c90f7db5deef8bb7263d2d507c99316edb,,,
width8__3_add8_err_0.188568_size_56_depth_8__timing_K64,8,3_add8_err_0.188568_size_56_depth_8,timing_K64,None,A,PASS,1,2026-10-03T22:06:48,2026-10-03T22:06:56,8.81,experiments/formal/results/width8__3_add8_err_0.188568_size_56_depth_8__timing_K64.json,29f447481b29d3a63d75819dd9e0cb1287fa58efb02f9be55ac3d5ef6ccfeb79,,,
width8__4_add8_err_0.269669_size_53_depth_7__ER__D0,8,4_add8_err_0.269669_size_53_depth_7,ER__D0,D0,A,PASS,1,2026-10-03T22:06:57,2026-10-03T22:06:57,0.144,experiments/formal/results/width8__4_add8_err_0.269669_size_53_depth_7__ER__D0.json,00f811ea29a008d7f71deb398bf4df12cd50ef92799e37b5cf8a7693e57cfb83,,,
width8__4_add8_err_0.269669_size_53_depth_7__ER__D1,8,4_add8_err_0.269669_size_53_depth_7,ER__D1,D1,A,PASS,1,2026-10-03T22:06:57,2026-10-03T22:06:57,0.133,experiments/formal/results/width8__4_add8_err_0.269669_size_53_depth_7__ER__D1.json,2e4759dc0ee584bfec36409543a390b5cbf11b655f4c99c10ae1f1c8e08620c5,,,
width8__4_add8_err_0.269669_size_53_depth_7__ER__D2,8,4_add8_err_0.269669_size_53_depth_7,ER__D2,D2,A,PASS,1,2026-10-03T22:06:57,2026-10-03T22:06:57,0.127,experiments/formal/results/width8__4_add8_err_0.269669_size_53_depth_7__ER__D2.json,23d68e6e9cb4dfed7991da721d3037c30f9455aac59606ee4be727e9cbffd0f3,,,
width8__4_add8_err_0.269669_size_53_depth_7__ER__D3,8,4_add8_err_0.269669_size_53_depth_7,ER__D3,D3,A,PASS,1,2026-10-03T22:06:57,2026-10-03T22:06:57,0.134,experiments/formal/results/width8__4_add8_err_0.269669_size_53_depth_7__ER__D3.json,641ae24761ec77be5aa2a3a62c18923b5b44034f64708476e6099715406f22c8,,,
width8__4_add8_err_0.269669_size_53_depth_7__ER__D4,8,4_add8_err_0.269669_size_53_depth_7,ER__D4,D4,A,PASS,1,2026-10-03T22:06:57,2026-10-03T22:06:57,0.149,experiments/formal/results/width8__4_add8_err_0.269669_size_53_depth_7__ER__D4.json,94154ec4c815fe5fc0515494a9da1f3498e95ca69e07fc58f6964633cf1e3f36,,,
width8__4_add8_err_0.269669_size_53_depth_7__ER__D5,8,4_add8_err_0.269669_size_53_depth_7,ER__D5,D5,A,PASS,1,2026-10-03T22:06:57,2026-10-03T22:06:58,0.122,experiments/formal/results/width8__4_add8_err_0.269669_size_53_depth_7__ER__D5.json,dfb0a75f59d32d24d2a99a171a6780a5d04494a2f4cb35c771ee736c7bd70b49,,,
width8__4_add8_err_0.269669_size_53_depth_7__ER__R0,8,4_add8_err_0.269669_size_53_depth_7,ER__R0,R0,A,PASS,1,2026-10-03T22:06:58,2026-10-03T22:06:58,0.14,experiments/formal/results/width8__4_add8_err_0.269669_size_53_depth_7__ER__R0.json,c669cf146fefecac8866f5ea2865ce6be679e286e66cd9aa5b844202e2ca0277,,,
width8__4_add8_err_0.269669_size_53_depth_7__ER__R1,8,4_add8_err_0.269669_size_53_depth_7,ER__R1,R1,A,PASS,1,2026-10-03T22:06:58,2026-10-03T22:06:58,0.146,experiments/formal/results/width8__4_add8_err_0.269669_size_53_depth_7__ER__R1.json,a64afba6877b99445681313167007aa1d5ba51fc13f03d562b193c012b588534,,,
width8__4_add8_err_0.269669_size_53_depth_7__ER__R2,8,4_add8_err_0.269669_size_53_depth_7,ER__R2,R2,A,PASS,1,2026-10-03T22:06:58,2026-10-03T22:06:58,0.141,experiments/formal/results/width8__4_add8_err_0.269669_size_53_depth_7__ER__R2.json,172f1af4ca097725445ef2abd6b83b04d55f434a00046f5dedb65ab7ea398061,,,
width8__4_add8_err_0.269669_size_53_depth_7__ER__R3,8,4_add8_err_0.269669_size_53_depth_7,ER__R3,R3,A,PASS,1,2026-10-03T22:06:58,2026-10-03T22:06:58,0.133,experiments/formal/results/width8__4_add8_err_0.269669_size_53_depth_7__ER__R3.json,dd6254711a606345abe9954cbe53fa8acc0594fa182410a2e9e3802ec5f809d5,,,
width8__4_add8_err_0.269669_size_53_depth_7__ER__R4,8,4_add8_err_0.269669_size_53_depth_7,ER__R4,R4,A,PASS,1,2026-10-03T22:06:58,2026-10-03T22:06:58,0.199,experiments/formal/results/width8__4_add8_err_0.269669_size_53_depth_7__ER__R4.json,3017a543987d4ba4f8f3f2a7dd6afc3e617fd159ef1ecc3f20bc5de136522c66,,,
width8__4_add8_err_0.269669_size_53_depth_7__ER__R5,8,4_add8_err_0.269669_size_53_depth_7,ER__R5,R5,A,PASS,1,2026-10-03T22:06:58,2026-10-03T22:06:59,0.179,experiments/formal/results/width8__4_add8_err_0.269669_size_53_depth_7__ER__R5.json,d197503cd14dcbc84e7ced245ae4c135377cf602a480ce28ef1e585d872ef630,,,
width8__4_add8_err_0.269669_size_53_depth_7__ER__R6,8,4_add8_err_0.269669_size_53_depth_7,ER__R6,R6,A,PASS,1,2026-10-03T22:06:59,2026-10-03T22:06:59,0.168,experiments/formal/results/width8__4_add8_err_0.269669_size_53_depth_7__ER__R6.json,b9acf8f7e121d0166f5e021e0d62f8755f863e90d9ad8364b0731739de025866,,,
width8__4_add8_err_0.269669_size_53_depth_7__ER__R7,8,4_add8_err_0.269669_size_53_depth_7,ER__R7,R7,A,PASS,1,2026-10-03T22:06:59,2026-10-03T22:06:59,0.177,experiments/formal/results/width8__4_add8_err_0.269669_size_53_depth_7__ER__R7.json,e8b9eef548487bef6cf20aba5e1db77291414e966e1e68ae48d0708a8dc8d428,,,
width8__4_add8_err_0.269669_size_53_depth_7__ER__R8,8,4_add8_err_0.269669_size_53_depth_7,ER__R8,R8,A,PASS,1,2026-10-03T22:06:59,2026-10-03T22:06:59,0.14,experiments/formal/results/width8__4_add8_err_0.269669_size_53_depth_7__ER__R8.json,5b3bbce0a99b38a8120d9a121ab48b411c02a19cbd5a931593cb44fdbb1b0fc2,,,
width8__4_add8_err_0.269669_size_53_depth_7__ER__R9,8,4_add8_err_0.269669_size_53_depth_7,ER__R9,R9,A,PASS,1,2026-10-03T22:06:59,2026-10-03T22:06:59,0.143,experiments/formal/results/width8__4_add8_err_0.269669_size_53_depth_7__ER__R9.json,a40a7634790ade1ea6405fc55a20ab0a4b46fc02533d55998ea57d79748ccdbd,,,
width8__4_add8_err_0.269669_size_53_depth_7__MED__D0,8,4_add8_err_0.269669_size_53_depth_7,MED__D0,D0,A,PASS,1,2026-10-03T22:07:00,2026-10-03T22:07:00,0.339,experiments/formal/results/width8__4_add8_err_0.269669_size_53_depth_7__MED__D0.json,d08135a2babcb387d721a33fe21d306dcc968add3f8325e5d8e53bfe00824e83,,,
width8__4_add8_err_0.269669_size_53_depth_7__MED__D1,8,4_add8_err_0.269669_size_53_depth_7,MED__D1,D1,A,PASS,1,2026-10-03T22:07:00,2026-10-03T22:07:01,0.331,experiments/formal/results/width8__4_add8_err_0.269669_size_53_depth_7__MED__D1.json,a980060b3f29b87b42fe4a9ebfce8df27ec1010eecb5b3224bf5399942642daf,,,
width8__4_add8_err_0.269669_size_53_depth_7__MED__D2,8,4_add8_err_0.269669_size_53_depth_7,MED__D2,D2,A,PASS,1,2026-10-03T22:07:01,2026-10-03T22:07:01,0.342,experiments/formal/results/width8__4_add8_err_0.269669_size_53_depth_7__MED__D2.json,53d3dcc3f2cae833e50aa305070f03e52f4395d378f29b74fd3e580c78b1df8d,,,
width8__4_add8_err_0.269669_size_53_depth_7__MED__D3,8,4_add8_err_0.269669_size_53_depth_7,MED__D3,D3,A,PASS,1,2026-10-03T22:07:01,2026-10-03T22:07:01,0.328,experiments/formal/results/width8__4_add8_err_0.269669_size_53_depth_7__MED__D3.json,3d549a30d7044c61725fab381a8d89ec235f1e4207dff69531652e6c56422614,,,
width8__4_add8_err_0.269669_size_53_depth_7__MED__D4,8,4_add8_err_0.269669_size_53_depth_7,MED__D4,D4,A,PASS,1,2026-10-03T22:07:01,2026-10-03T22:07:02,0.344,experiments/formal/results/width8__4_add8_err_0.269669_size_53_depth_7__MED__D4.json,81556ce6ebe19e1f65ce79469bc857d340616172cc44c9d18876ef67963deaf6,,,
width8__4_add8_err_0.269669_size_53_depth_7__MED__D5,8,4_add8_err_0.269669_size_53_depth_7,MED__D5,D5,A,PASS,1,2026-10-03T22:07:02,2026-10-03T22:07:02,0.391,experiments/formal/results/width8__4_add8_err_0.269669_size_53_depth_7__MED__D5.json,434751e8620edfead5d7149131c8c5fc44772441ec551fe35f7c108561ff961b,,,
width8__4_add8_err_0.269669_size_53_depth_7__compile_ER,8,4_add8_err_0.269669_size_53_depth_7,compile_ER,None,A,PASS,1,2026-10-03T22:06:56,2026-10-03T22:06:57,0.159,experiments/formal/results/width8__4_add8_err_0.269669_size_53_depth_7__compile_ER.json,26e6fb7b3b672572c200139bdca5de03e9b0fb9725f78723813cf3f2c73ff7c1,,,
width8__4_add8_err_0.269669_size_53_depth_7__compile_MED,8,4_add8_err_0.269669_size_53_depth_7,compile_MED,None,A,PASS,1,2026-10-03T22:06:59,2026-10-03T22:07:00,0.647,experiments/formal/results/width8__4_add8_err_0.269669_size_53_depth_7__compile_MED.json,f889e072c8c460538557dbc462a301b051b2248c46352ba1fd46bbc31de83d1d,,,
width8__4_add8_err_0.269669_size_53_depth_7__timing_K16,8,4_add8_err_0.269669_size_53_depth_7,timing_K16,None,A,PASS,1,2026-10-03T22:07:02,2026-10-03T22:07:05,2.29,experiments/formal/results/width8__4_add8_err_0.269669_size_53_depth_7__timing_K16.json,19ed3ac7f7ec256afa57e7c93dca048fce3067c9831555aa63f48899ad04f3b5,,,
width8__4_add8_err_0.269669_size_53_depth_7__timing_K64,8,4_add8_err_0.269669_size_53_depth_7,timing_K64,None,A,PASS,1,2026-10-03T22:07:05,2026-10-03T22:07:13,8.685,experiments/formal/results/width8__4_add8_err_0.269669_size_53_depth_7__timing_K64.json,5f39018d7d488ab66d2f46572574c2e8ec594e8e166f23f55b1a880dac8b44d0,,,
width8__5_add8_err_0.325058_size_50_depth_7__ER__D0,8,5_add8_err_0.325058_size_50_depth_7,ER__D0,D0,A,PASS,1,2026-10-03T22:07:13,2026-10-03T22:07:14,0.142,experiments/formal/results/width8__5_add8_err_0.325058_size_50_depth_7__ER__D0.json,e713b78c8feb9042a188d2e465815f69b168031176fcf65f14039428648a755b,,,
width8__5_add8_err_0.325058_size_50_depth_7__ER__D1,8,5_add8_err_0.325058_size_50_depth_7,ER__D1,D1,A,PASS,1,2026-10-03T22:07:14,2026-10-03T22:07:14,0.131,experiments/formal/results/width8__5_add8_err_0.325058_size_50_depth_7__ER__D1.json,44bc526b328756490b6f011b3c92def7324ab6b7e7ff19423897e9beac70fcce,,,
width8__5_add8_err_0.325058_size_50_depth_7__ER__D2,8,5_add8_err_0.325058_size_50_depth_7,ER__D2,D2,A,PASS,1,2026-10-03T22:07:14,2026-10-03T22:07:14,0.138,experiments/formal/results/width8__5_add8_err_0.325058_size_50_depth_7__ER__D2.json,9b0c0940ddfcfad717a276b956d11452d9b2ecc55974ba20cb243c9515a974ec,,,
width8__5_add8_err_0.325058_size_50_depth_7__ER__D3,8,5_add8_err_0.325058_size_50_depth_7,ER__D3,D3,A,PASS,1,2026-10-03T22:07:14,2026-10-03T22:07:14,0.139,experiments/formal/results/width8__5_add8_err_0.325058_size_50_depth_7__ER__D3.json,47a61a3610a46ca481775f5a7e175ec03aeb5434391c0627399e4d6a548efb9b,,,
width8__5_add8_err_0.325058_size_50_depth_7__ER__D4,8,5_add8_err_0.325058_size_50_depth_7,ER__D4,D4,A,PASS,1,2026-10-03T22:07:14,2026-10-03T22:07:14,0.147,experiments/formal/results/width8__5_add8_err_0.325058_size_50_depth_7__ER__D4.json,86b5624b7d27992c05f10dd49887b091e724e724e32c75834c3b2cb42e6eb16d,,,
width8__5_add8_err_0.325058_size_50_depth_7__ER__D5,8,5_add8_err_0.325058_size_50_depth_7,ER__D5,D5,A,PASS,1,2026-10-03T22:07:14,2026-10-03T22:07:15,0.178,experiments/formal/results/width8__5_add8_err_0.325058_size_50_depth_7__ER__D5.json,e7a81aa29f2a8466f313cbd854e338680bc53b1c070c53bd6600249e8ed1a742,,,
width8__5_add8_err_0.325058_size_50_depth_7__ER__R0,8,5_add8_err_0.325058_size_50_depth_7,ER__R0,R0,A,PASS,1,2026-10-03T22:07:15,2026-10-03T22:07:15,0.174,experiments/formal/results/width8__5_add8_err_0.325058_size_50_depth_7__ER__R0.json,08a809644d740cf7322f409e1013b5b90ecdd3fe663414139089e966959f7f28,,,
width8__5_add8_err_0.325058_size_50_depth_7__ER__R1,8,5_add8_err_0.325058_size_50_depth_7,ER__R1,R1,A,PASS,1,2026-10-03T22:07:15,2026-10-03T22:07:15,0.192,experiments/formal/results/width8__5_add8_err_0.325058_size_50_depth_7__ER__R1.json,4bc4bbc64c226207b86205569ef8f1101a9c092ce0ed6c35f8b8398b1c84b5e6,,,
width8__5_add8_err_0.325058_size_50_depth_7__ER__R2,8,5_add8_err_0.325058_size_50_depth_7,ER__R2,R2,A,PASS,1,2026-10-03T22:07:15,2026-10-03T22:07:15,0.169,experiments/formal/results/width8__5_add8_err_0.325058_size_50_depth_7__ER__R2.json,51eecb46cd04b65fb31380ecc8d16e7e1033141f8cbb9db619cc462357574dae,,,
width8__5_add8_err_0.325058_size_50_depth_7__ER__R3,8,5_add8_err_0.325058_size_50_depth_7,ER__R3,R3,A,PASS,1,2026-10-03T22:07:15,2026-10-03T22:07:15,0.165,experiments/formal/results/width8__5_add8_err_0.325058_size_50_depth_7__ER__R3.json,ee7a6795db7bd19204bf29f00d01bdc6f146a4c235b66bfdb6bdc1eb507df167,,,
width8__5_add8_err_0.325058_size_50_depth_7__ER__R4,8,5_add8_err_0.325058_size_50_depth_7,ER__R4,R4,A,PASS,1,2026-10-03T22:07:15,2026-10-03T22:07:16,0.18,experiments/formal/results/width8__5_add8_err_0.325058_size_50_depth_7__ER__R4.json,89cb3df9d8e6bf3e64435de7dc664ab7bb94bab989740349104aa090acf45090,,,
width8__5_add8_err_0.325058_size_50_depth_7__ER__R5,8,5_add8_err_0.325058_size_50_depth_7,ER__R5,R5,A,PASS,1,2026-10-03T22:07:16,2026-10-03T22:07:16,0.143,experiments/formal/results/width8__5_add8_err_0.325058_size_50_depth_7__ER__R5.json,e21904339e864bc6e6c21f0423ac05286355e8a93464a26a9d98586248eb6a65,,,
width8__5_add8_err_0.325058_size_50_depth_7__ER__R6,8,5_add8_err_0.325058_size_50_depth_7,ER__R6,R6,A,PASS,1,2026-10-03T22:07:16,2026-10-03T22:07:16,0.141,experiments/formal/results/width8__5_add8_err_0.325058_size_50_depth_7__ER__R6.json,0976373e49fe6f3c2e01140fe6e5becbfb7ebfc035a37c5efb2c6f2580a393d7,,,
width8__5_add8_err_0.325058_size_50_depth_7__ER__R7,8,5_add8_err_0.325058_size_50_depth_7,ER__R7,R7,A,PASS,1,2026-10-03T22:07:16,2026-10-03T22:07:16,0.138,experiments/formal/results/width8__5_add8_err_0.325058_size_50_depth_7__ER__R7.json,2b90aa34a6715c03dc8f2fe1dd25b5c539ff4c0a4414c607835005fe84b2735c,,,
width8__5_add8_err_0.325058_size_50_depth_7__ER__R8,8,5_add8_err_0.325058_size_50_depth_7,ER__R8,R8,A,PASS,1,2026-10-03T22:07:16,2026-10-03T22:07:16,0.136,experiments/formal/results/width8__5_add8_err_0.325058_size_50_depth_7__ER__R8.json,3810e2640cbddfd0a2aeda66f2289ef9291bb8c7a9dc915117086e35098c4af4,,,
width8__5_add8_err_0.325058_size_50_depth_7__ER__R9,8,5_add8_err_0.325058_size_50_depth_7,ER__R9,R9,A,PASS,1,2026-10-03T22:07:16,2026-10-03T22:07:16,0.131,experiments/formal/results/width8__5_add8_err_0.325058_size_50_depth_7__ER__R9.json,78696f459eb759d163aa5906744986e61cb3334b3cee8b8508ae1c8def06b9be,,,
width8__5_add8_err_0.325058_size_50_depth_7__MED__D0,8,5_add8_err_0.325058_size_50_depth_7,MED__D0,D0,A,PASS,1,2026-10-03T22:07:17,2026-10-03T22:07:18,0.421,experiments/formal/results/width8__5_add8_err_0.325058_size_50_depth_7__MED__D0.json,e076fdac70f03a2f7e6aa7fe80ce55700f65e0399d57dc8c999c486016aeb99d,,,
width8__5_add8_err_0.325058_size_50_depth_7__MED__D1,8,5_add8_err_0.325058_size_50_depth_7,MED__D1,D1,A,PASS,1,2026-10-03T22:07:18,2026-10-03T22:07:18,0.345,experiments/formal/results/width8__5_add8_err_0.325058_size_50_depth_7__MED__D1.json,442c4fad6400a37133d8aad0920b67599b3e6ef8ab9d4fca4c2a2d2e32288876,,,
width8__5_add8_err_0.325058_size_50_depth_7__MED__D2,8,5_add8_err_0.325058_size_50_depth_7,MED__D2,D2,A,PASS,1,2026-10-03T22:07:18,2026-10-03T22:07:18,0.343,experiments/formal/results/width8__5_add8_err_0.325058_size_50_depth_7__MED__D2.json,08ff6fa4a1259b08d2916aba70d5b8e9335b612b92c53a217358b1ea410fcbf6,,,
width8__5_add8_err_0.325058_size_50_depth_7__MED__D3,8,5_add8_err_0.325058_size_50_depth_7,MED__D3,D3,A,PASS,1,2026-10-03T22:07:18,2026-10-03T22:07:19,0.33,experiments/formal/results/width8__5_add8_err_0.325058_size_50_depth_7__MED__D3.json,43e06b28ce9e961a90a4ca1ed98f91aa0d15e3f36f1c29f322442ac10350742e,,,
width8__5_add8_err_0.325058_size_50_depth_7__MED__D4,8,5_add8_err_0.325058_size_50_depth_7,MED__D4,D4,A,PASS,1,2026-10-03T22:07:19,2026-10-03T22:07:19,0.345,experiments/formal/results/width8__5_add8_err_0.325058_size_50_depth_7__MED__D4.json,a29bde7b4cc23f9f1fe35b10522045aa1b310b32f4063dc4b105c96a435b402d,,,
width8__5_add8_err_0.325058_size_50_depth_7__MED__D5,8,5_add8_err_0.325058_size_50_depth_7,MED__D5,D5,A,PASS,1,2026-10-03T22:07:19,2026-10-03T22:07:19,0.363,experiments/formal/results/width8__5_add8_err_0.325058_size_50_depth_7__MED__D5.json,bad999ce5b71e7a51832a90d110b13f98c06ed0104b80ee10f4f5da7f0edcedf,,,
width8__5_add8_err_0.325058_size_50_depth_7__compile_ER,8,5_add8_err_0.325058_size_50_depth_7,compile_ER,None,A,PASS,1,2026-10-03T22:07:13,2026-10-03T22:07:13,0.162,experiments/formal/results/width8__5_add8_err_0.325058_size_50_depth_7__compile_ER.json,1bdfc39475d89d3c9a6a38d1d4a1d9e8ce081003dfdd1be0c7c56646c7e050c6,,,
width8__5_add8_err_0.325058_size_50_depth_7__compile_MED,8,5_add8_err_0.325058_size_50_depth_7,compile_MED,None,A,PASS,1,2026-10-03T22:07:16,2026-10-03T22:07:17,0.649,experiments/formal/results/width8__5_add8_err_0.325058_size_50_depth_7__compile_MED.json,5d2df57ae4e2589720cc9a32f0940b4485ae19ca29f38c020a9cc3b6b3a2d4b1,,,
width8__5_add8_err_0.325058_size_50_depth_7__timing_K16,8,5_add8_err_0.325058_size_50_depth_7,timing_K16,None,A,PASS,1,2026-10-03T22:07:19,2026-10-03T22:07:22,2.313,experiments/formal/results/width8__5_add8_err_0.325058_size_50_depth_7__timing_K16.json,a4a053f9383f3136161f7aa87b24716cc804a5253e417a4dd2a8c47881192731,,,
width8__5_add8_err_0.325058_size_50_depth_7__timing_K64,8,5_add8_err_0.325058_size_50_depth_7,timing_K64,None,A,PASS,1,2026-10-03T22:07:22,2026-10-03T22:07:31,9.32,experiments/formal/results/width8__5_add8_err_0.325058_size_50_depth_7__timing_K64.json,8705b29824dc077eaef7c6c474a4277c4a3e29db3f89b0183fc6532b1a79d45f,,,
width8__6_add8_err_0.400146_size_47_depth_7__ER__D0,8,6_add8_err_0.400146_size_47_depth_7,ER__D0,D0,A,PASS,1,2026-10-03T22:07:31,2026-10-03T22:07:31,0.138,experiments/formal/results/width8__6_add8_err_0.400146_size_47_depth_7__ER__D0.json,172564f88a06c0a91ac060026fabb4973157f41056c54f26532627b9db45468a,,,
width8__6_add8_err_0.400146_size_47_depth_7__ER__D1,8,6_add8_err_0.400146_size_47_depth_7,ER__D1,D1,A,PASS,1,2026-10-03T22:07:31,2026-10-03T22:07:32,0.133,experiments/formal/results/width8__6_add8_err_0.400146_size_47_depth_7__ER__D1.json,460cd450e0ea81709d9f9e31d7ab2ba4fea20f6d7981d0d0707e1180d1a60947,,,
width8__6_add8_err_0.400146_size_47_depth_7__ER__D2,8,6_add8_err_0.400146_size_47_depth_7,ER__D2,D2,A,PASS,1,2026-10-03T22:07:32,2026-10-03T22:07:32,0.144,experiments/formal/results/width8__6_add8_err_0.400146_size_47_depth_7__ER__D2.json,699c8928edd3c0e230705f0d0a2d88366130bd3383b06a1a280dc4ed78a4d785,,,
width8__6_add8_err_0.400146_size_47_depth_7__ER__D3,8,6_add8_err_0.400146_size_47_depth_7,ER__D3,D3,A,PASS,1,2026-10-03T22:07:32,2026-10-03T22:07:32,0.147,experiments/formal/results/width8__6_add8_err_0.400146_size_47_depth_7__ER__D3.json,a111b945a1805919defb679bdac1dba8595ff86a2a11205b1ac70ebd2c83492b,,,
width8__6_add8_err_0.400146_size_47_depth_7__ER__D4,8,6_add8_err_0.400146_size_47_depth_7,ER__D4,D4,A,PASS,1,2026-10-03T22:07:32,2026-10-03T22:07:32,0.135,experiments/formal/results/width8__6_add8_err_0.400146_size_47_depth_7__ER__D4.json,a6aca827888a5108f88c9d048ff45ee29d166748863034b34b2b49f96b11baf3,,,
width8__6_add8_err_0.400146_size_47_depth_7__ER__D5,8,6_add8_err_0.400146_size_47_depth_7,ER__D5,D5,A,PASS,1,2026-10-03T22:07:32,2026-10-03T22:07:32,0.134,experiments/formal/results/width8__6_add8_err_0.400146_size_47_depth_7__ER__D5.json,0db5efd573385782b30b5482faf1030ffe34e830e431a7d2a1274d70fb40e1ac,,,
width8__6_add8_err_0.400146_size_47_depth_7__ER__R0,8,6_add8_err_0.400146_size_47_depth_7,ER__R0,R0,A,PASS,1,2026-10-03T22:07:32,2026-10-03T22:07:32,0.136,experiments/formal/results/width8__6_add8_err_0.400146_size_47_depth_7__ER__R0.json,70783bb25da210979fb3e59db12c6eb34dc9a538e392e5eb125717a4449d51a6,,,
width8__6_add8_err_0.400146_size_47_depth_7__ER__R1,8,6_add8_err_0.400146_size_47_depth_7,ER__R1,R1,A,PASS,1,2026-10-03T22:07:32,2026-10-03T22:07:33,0.133,experiments/formal/results/width8__6_add8_err_0.400146_size_47_depth_7__ER__R1.json,2b5e5cab5a55bc26269fa5cba36543c2d72580c3d06d3cdb1309c4e6db1bb7a8,,,
width8__6_add8_err_0.400146_size_47_depth_7__ER__R2,8,6_add8_err_0.400146_size_47_depth_7,ER__R2,R2,A,PASS,1,2026-10-03T22:07:33,2026-10-03T22:07:33,0.135,experiments/formal/results/width8__6_add8_err_0.400146_size_47_depth_7__ER__R2.json,385b96b5d6a96f719ce4a67855b34fa978789bf4f151785c4f5c82db38fc970a,,,
width8__6_add8_err_0.400146_size_47_depth_7__ER__R3,8,6_add8_err_0.400146_size_47_depth_7,ER__R3,R3,A,PASS,1,2026-10-03T22:07:33,2026-10-03T22:07:33,0.138,experiments/formal/results/width8__6_add8_err_0.400146_size_47_depth_7__ER__R3.json,37f7455290f70f41a0c434acfe9f32f8313b313118134dc5171f8d14ad149214,,,
width8__6_add8_err_0.400146_size_47_depth_7__ER__R4,8,6_add8_err_0.400146_size_47_depth_7,ER__R4,R4,A,PASS,1,2026-10-03T22:07:33,2026-10-03T22:07:33,0.149,experiments/formal/results/width8__6_add8_err_0.400146_size_47_depth_7__ER__R4.json,d00581725e8e120de3b9764bb28710a2b73a82c582706e50b2a599d2a0642558,,,
width8__6_add8_err_0.400146_size_47_depth_7__ER__R5,8,6_add8_err_0.400146_size_47_depth_7,ER__R5,R5,A,PASS,1,2026-10-03T22:07:33,2026-10-03T22:07:33,0.136,experiments/formal/results/width8__6_add8_err_0.400146_size_47_depth_7__ER__R5.json,2030b621e75a452bf7938834da5dd508a1789e1b0288e18923622489a995aa6c,,,
width8__6_add8_err_0.400146_size_47_depth_7__ER__R6,8,6_add8_err_0.400146_size_47_depth_7,ER__R6,R6,A,PASS,1,2026-10-03T22:07:33,2026-10-03T22:07:33,0.139,experiments/formal/results/width8__6_add8_err_0.400146_size_47_depth_7__ER__R6.json,2d2a3049cd33900142872e50761278ac9236de706813a8955f613edca15699cc,,,
width8__6_add8_err_0.400146_size_47_depth_7__ER__R7,8,6_add8_err_0.400146_size_47_depth_7,ER__R7,R7,A,PASS,1,2026-10-03T22:07:33,2026-10-03T22:07:34,0.14,experiments/formal/results/width8__6_add8_err_0.400146_size_47_depth_7__ER__R7.json,245fa3237b480d433ead9e08998a36d855efe40442e3f3a1aecd12dd262d52bb,,,
width8__6_add8_err_0.400146_size_47_depth_7__ER__R8,8,6_add8_err_0.400146_size_47_depth_7,ER__R8,R8,A,PASS,1,2026-10-03T22:07:34,2026-10-03T22:07:34,0.147,experiments/formal/results/width8__6_add8_err_0.400146_size_47_depth_7__ER__R8.json,4c21e67d0ce7154c4f0887c16b2f29bd895b8ffdddd71f16239e5715ab3fb420,,,
width8__6_add8_err_0.400146_size_47_depth_7__ER__R9,8,6_add8_err_0.400146_size_47_depth_7,ER__R9,R9,A,PASS,1,2026-10-03T22:07:34,2026-10-03T22:07:34,0.133,experiments/formal/results/width8__6_add8_err_0.400146_size_47_depth_7__ER__R9.json,0418588c629a866f3d4f9d7af5c652d806c8dcd3e9073e6c4fda064007161ebf,,,
width8__6_add8_err_0.400146_size_47_depth_7__MED__D0,8,6_add8_err_0.400146_size_47_depth_7,MED__D0,D0,A,PASS,1,2026-10-03T22:07:35,2026-10-03T22:07:35,0.379,experiments/formal/results/width8__6_add8_err_0.400146_size_47_depth_7__MED__D0.json,e94480d4f3024120a6d3e3ef7b099245ded188f72f026233f85e07ff538069e2,,,
width8__6_add8_err_0.400146_size_47_depth_7__MED__D1,8,6_add8_err_0.400146_size_47_depth_7,MED__D1,D1,A,PASS,1,2026-10-03T22:07:35,2026-10-03T22:07:35,0.371,experiments/formal/results/width8__6_add8_err_0.400146_size_47_depth_7__MED__D1.json,2085493438ec9a3965139aeebb3ad2deacfca4032e21d58ba99a7b7242ea2e3b,,,
width8__6_add8_err_0.400146_size_47_depth_7__MED__D2,8,6_add8_err_0.400146_size_47_depth_7,MED__D2,D2,A,PASS,1,2026-10-03T22:07:35,2026-10-03T22:07:36,0.351,experiments/formal/results/width8__6_add8_err_0.400146_size_47_depth_7__MED__D2.json,d5fdec9878763b4edbbc734da6bc7f8fa2b5fe7221bdb8be40fdf805ebcd2f37,,,
width8__6_add8_err_0.400146_size_47_depth_7__MED__D3,8,6_add8_err_0.400146_size_47_depth_7,MED__D3,D3,A,PASS,1,2026-10-03T22:07:36,2026-10-03T22:07:36,0.347,experiments/formal/results/width8__6_add8_err_0.400146_size_47_depth_7__MED__D3.json,3d613ecbc688c82c2dc54ae5645d1638a36caf647609ac9ba90c1963f1b4c1f1,,,
width8__6_add8_err_0.400146_size_47_depth_7__MED__D4,8,6_add8_err_0.400146_size_47_depth_7,MED__D4,D4,A,PASS,1,2026-10-03T22:07:36,2026-10-03T22:07:37,0.354,experiments/formal/results/width8__6_add8_err_0.400146_size_47_depth_7__MED__D4.json,94e02f856668e431a758a2e3c7d6b679faa7087cc932db5222e966c0966c7114,,,
width8__6_add8_err_0.400146_size_47_depth_7__MED__D5,8,6_add8_err_0.400146_size_47_depth_7,MED__D5,D5,A,PASS,1,2026-10-03T22:07:37,2026-10-03T22:07:37,0.341,experiments/formal/results/width8__6_add8_err_0.400146_size_47_depth_7__MED__D5.json,2ec422b930c10de07f22bfb1c6ae7663a96b910eb9328fb021a186ce1a932236,,,
width8__6_add8_err_0.400146_size_47_depth_7__compile_ER,8,6_add8_err_0.400146_size_47_depth_7,compile_ER,None,A,PASS,1,2026-10-03T22:07:31,2026-10-03T22:07:31,0.155,experiments/formal/results/width8__6_add8_err_0.400146_size_47_depth_7__compile_ER.json,c14477ff5e2e5aebab6fa2f2d6a3cfa6417f62be37aedac8cfa8168d78686188,,,
width8__6_add8_err_0.400146_size_47_depth_7__compile_MED,8,6_add8_err_0.400146_size_47_depth_7,compile_MED,None,A,PASS,1,2026-10-03T22:07:34,2026-10-03T22:07:35,0.669,experiments/formal/results/width8__6_add8_err_0.400146_size_47_depth_7__compile_MED.json,1343e7af4544b98aaba64b6b5cf47cd29ca879071330aa856d924483547841a0,,,
width8__6_add8_err_0.400146_size_47_depth_7__timing_K16,8,6_add8_err_0.400146_size_47_depth_7,timing_K16,None,A,PASS,1,2026-10-03T22:07:37,2026-10-03T22:07:39,2.489,experiments/formal/results/width8__6_add8_err_0.400146_size_47_depth_7__timing_K16.json,951b9fc15e3d4a250429f0502d3b1e448691f8ccb8d1628af9b528ad5685c87d,,,
width8__6_add8_err_0.400146_size_47_depth_7__timing_K64,8,6_add8_err_0.400146_size_47_depth_7,timing_K64,None,A,PASS,1,2026-10-03T22:07:39,2026-10-03T22:07:48,8.858,experiments/formal/results/width8__6_add8_err_0.400146_size_47_depth_7__timing_K64.json,8851f27934810663dcdf43f1b867a76a1e432025cd76dc4396fd3eb3345227bc,,,
width8__7_add8_err_0.453918_size_45_depth_7__ER__D0,8,7_add8_err_0.453918_size_45_depth_7,ER__D0,D0,A,PASS,1,2026-10-03T22:07:49,2026-10-03T22:07:49,0.14,experiments/formal/results/width8__7_add8_err_0.453918_size_45_depth_7__ER__D0.json,4e8b40b57d53395a41a42fba5526f6c0bc968415407b305b12f7d1940836c1d3,,,
width8__7_add8_err_0.453918_size_45_depth_7__ER__D1,8,7_add8_err_0.453918_size_45_depth_7,ER__D1,D1,A,PASS,1,2026-10-03T22:07:49,2026-10-03T22:07:49,0.136,experiments/formal/results/width8__7_add8_err_0.453918_size_45_depth_7__ER__D1.json,174aa43713ce220882de98fb6b72f0a34f2a753155acaa5978b99fbb8482a391,,,
width8__7_add8_err_0.453918_size_45_depth_7__ER__D2,8,7_add8_err_0.453918_size_45_depth_7,ER__D2,D2,A,PASS,1,2026-10-03T22:07:49,2026-10-03T22:07:49,0.136,experiments/formal/results/width8__7_add8_err_0.453918_size_45_depth_7__ER__D2.json,ad2fa6d16c3e849e60bbc4ad53b5536dee452018912dab3dc03240a7b90c64a7,,,
width8__7_add8_err_0.453918_size_45_depth_7__ER__D3,8,7_add8_err_0.453918_size_45_depth_7,ER__D3,D3,A,PASS,1,2026-10-03T22:07:49,2026-10-03T22:07:49,0.139,experiments/formal/results/width8__7_add8_err_0.453918_size_45_depth_7__ER__D3.json,087cfe2d90928dcf3c6c957cc579b2086a0527a496c831819de8467bc9017dea,,,
width8__7_add8_err_0.453918_size_45_depth_7__ER__D4,8,7_add8_err_0.453918_size_45_depth_7,ER__D4,D4,A,PASS,1,2026-10-03T22:07:49,2026-10-03T22:07:49,0.137,experiments/formal/results/width8__7_add8_err_0.453918_size_45_depth_7__ER__D4.json,4a628ca21dc507f1e56974a1ecb66649ddfd277a50d1177c3c2f176b065c4086,,,
width8__7_add8_err_0.453918_size_45_depth_7__ER__D5,8,7_add8_err_0.453918_size_45_depth_7,ER__D5,D5,A,PASS,1,2026-10-03T22:07:49,2026-10-03T22:07:49,0.138,experiments/formal/results/width8__7_add8_err_0.453918_size_45_depth_7__ER__D5.json,c4287dcf138fb7081812edc4ded3444952b5616280008648ba13fcb1741ff5c6,,,
width8__7_add8_err_0.453918_size_45_depth_7__ER__R0,8,7_add8_err_0.453918_size_45_depth_7,ER__R0,R0,A,PASS,1,2026-10-03T22:07:49,2026-10-03T22:07:50,0.136,experiments/formal/results/width8__7_add8_err_0.453918_size_45_depth_7__ER__R0.json,c2ffbd548c0f3d872b20fc34ba107e6b845d50194f59a0063fde98a8b7f83fa2,,,
width8__7_add8_err_0.453918_size_45_depth_7__ER__R1,8,7_add8_err_0.453918_size_45_depth_7,ER__R1,R1,A,PASS,1,2026-10-03T22:07:50,2026-10-03T22:07:50,0.139,experiments/formal/results/width8__7_add8_err_0.453918_size_45_depth_7__ER__R1.json,0c44d8dcaa617e410f143ac7fe58cfb963559f40216d0e0b8f18d38b4ac4d145,,,
width8__7_add8_err_0.453918_size_45_depth_7__ER__R2,8,7_add8_err_0.453918_size_45_depth_7,ER__R2,R2,A,PASS,1,2026-10-03T22:07:50,2026-10-03T22:07:50,0.142,experiments/formal/results/width8__7_add8_err_0.453918_size_45_depth_7__ER__R2.json,afda98cc8d013258f31481e65c39a5ee1ef89305b2278d80f4fae5c2e195e967,,,
width8__7_add8_err_0.453918_size_45_depth_7__ER__R3,8,7_add8_err_0.453918_size_45_depth_7,ER__R3,R3,A,PASS,1,2026-10-03T22:07:50,2026-10-03T22:07:50,0.14,experiments/formal/results/width8__7_add8_err_0.453918_size_45_depth_7__ER__R3.json,a97ac7ec79182ebf21e9943db32d75a68ea140892f443c4263673d546bf56913,,,
width8__7_add8_err_0.453918_size_45_depth_7__ER__R4,8,7_add8_err_0.453918_size_45_depth_7,ER__R4,R4,A,PASS,1,2026-10-03T22:07:50,2026-10-03T22:07:50,0.15,experiments/formal/results/width8__7_add8_err_0.453918_size_45_depth_7__ER__R4.json,42218e89acbd07a13308e1c81b678afd9c25a9ef4be94caa8c05f8d4d597da2e,,,
width8__7_add8_err_0.453918_size_45_depth_7__ER__R5,8,7_add8_err_0.453918_size_45_depth_7,ER__R5,R5,A,PASS,1,2026-10-03T22:07:50,2026-10-03T22:07:50,0.139,experiments/formal/results/width8__7_add8_err_0.453918_size_45_depth_7__ER__R5.json,738a5df93b46e7a8828942d77f69cc5c1f0b1e3bcc0411d8fc9e134305607828,,,
width8__7_add8_err_0.453918_size_45_depth_7__ER__R6,8,7_add8_err_0.453918_size_45_depth_7,ER__R6,R6,A,PASS,1,2026-10-03T22:07:50,2026-10-03T22:07:51,0.146,experiments/formal/results/width8__7_add8_err_0.453918_size_45_depth_7__ER__R6.json,0df22abf1e17afef38cc67395a8dd4d383fdd79877ddd6a137f6693888b4cd9a,,,
width8__7_add8_err_0.453918_size_45_depth_7__ER__R7,8,7_add8_err_0.453918_size_45_depth_7,ER__R7,R7,A,PASS,1,2026-10-03T22:07:51,2026-10-03T22:07:51,0.144,experiments/formal/results/width8__7_add8_err_0.453918_size_45_depth_7__ER__R7.json,c796e317158cd4ee67e7c0f8659bba428a5a89194c3dbbaf4aca7fafc63e6693,,,
width8__7_add8_err_0.453918_size_45_depth_7__ER__R8,8,7_add8_err_0.453918_size_45_depth_7,ER__R8,R8,A,PASS,1,2026-10-03T22:07:51,2026-10-03T22:07:51,0.134,experiments/formal/results/width8__7_add8_err_0.453918_size_45_depth_7__ER__R8.json,fc97abe8d8aa5e3ef4e6b5a11093c29fc9da6bcf2dab938326a194f62d3c832c,,,
width8__7_add8_err_0.453918_size_45_depth_7__ER__R9,8,7_add8_err_0.453918_size_45_depth_7,ER__R9,R9,A,PASS,1,2026-10-03T22:07:51,2026-10-03T22:07:51,0.139,experiments/formal/results/width8__7_add8_err_0.453918_size_45_depth_7__ER__R9.json,9b806934b5aa340cf6f00c454d5a697c754ed6e2ecef89d740d7d3d8d6599d42,,,
width8__7_add8_err_0.453918_size_45_depth_7__MED__D0,8,7_add8_err_0.453918_size_45_depth_7,MED__D0,D0,A,PASS,1,2026-10-03T22:07:52,2026-10-03T22:07:52,0.389,experiments/formal/results/width8__7_add8_err_0.453918_size_45_depth_7__MED__D0.json,6c27f34ecca1ccd6cae8cd2845b0ce259a851bbd59027249b3553e87280a8e6a,,,
width8__7_add8_err_0.453918_size_45_depth_7__MED__D1,8,7_add8_err_0.453918_size_45_depth_7,MED__D1,D1,A,PASS,1,2026-10-03T22:07:52,2026-10-03T22:07:53,0.365,experiments/formal/results/width8__7_add8_err_0.453918_size_45_depth_7__MED__D1.json,ecc6f5c17e962d186723b644ac3edd1258d44dc3b62f24ccdb642b5a2b423ca6,,,
width8__7_add8_err_0.453918_size_45_depth_7__MED__D2,8,7_add8_err_0.453918_size_45_depth_7,MED__D2,D2,A,PASS,1,2026-10-03T22:07:53,2026-10-03T22:07:53,0.349,experiments/formal/results/width8__7_add8_err_0.453918_size_45_depth_7__MED__D2.json,68c0efa29d7ba03dd82f17684c3c34905e02bb36a5ad46db7ada77a62c4e20d8,,,
width8__7_add8_err_0.453918_size_45_depth_7__MED__D3,8,7_add8_err_0.453918_size_45_depth_7,MED__D3,D3,A,PASS,1,2026-10-03T22:07:53,2026-10-03T22:07:53,0.335,experiments/formal/results/width8__7_add8_err_0.453918_size_45_depth_7__MED__D3.json,0ea3ac73c59bbdcdb8384955c4b373c394285b6e1591af04d5579c534591747e,,,
width8__7_add8_err_0.453918_size_45_depth_7__MED__D4,8,7_add8_err_0.453918_size_45_depth_7,MED__D4,D4,A,PASS,1,2026-10-03T22:07:53,2026-10-03T22:07:54,0.362,experiments/formal/results/width8__7_add8_err_0.453918_size_45_depth_7__MED__D4.json,a986ba1443ba6d2f2f4be57454def1bdc9a22a1f8b2d9741a6d78295c6f36464,,,
width8__7_add8_err_0.453918_size_45_depth_7__MED__D5,8,7_add8_err_0.453918_size_45_depth_7,MED__D5,D5,A,PASS,1,2026-10-03T22:07:54,2026-10-03T22:07:54,0.351,experiments/formal/results/width8__7_add8_err_0.453918_size_45_depth_7__MED__D5.json,cfad0598afcf99be9460a19bda9bcd54a145678c70cafcd420dc33eabb277c2b,,,
width8__7_add8_err_0.453918_size_45_depth_7__compile_ER,8,7_add8_err_0.453918_size_45_depth_7,compile_ER,None,A,PASS,1,2026-10-03T22:07:48,2026-10-03T22:07:48,0.17,experiments/formal/results/width8__7_add8_err_0.453918_size_45_depth_7__compile_ER.json,46f482a2fa60ec23c8fbe8ffe45796b3e92f3a2a4453eec6cf6a6b74df4e87a3,,,
width8__7_add8_err_0.453918_size_45_depth_7__compile_MED,8,7_add8_err_0.453918_size_45_depth_7,compile_MED,None,A,PASS,1,2026-10-03T22:07:51,2026-10-03T22:07:52,0.635,experiments/formal/results/width8__7_add8_err_0.453918_size_45_depth_7__compile_MED.json,a754deaba5b56b7898f01514cda51b9cf4b0db3f49511c62e67613a1b14113c3,,,
width8__7_add8_err_0.453918_size_45_depth_7__timing_K16,8,7_add8_err_0.453918_size_45_depth_7,timing_K16,None,A,PASS,1,2026-10-03T22:07:54,2026-10-03T22:07:56,2.366,experiments/formal/results/width8__7_add8_err_0.453918_size_45_depth_7__timing_K16.json,c6ff8ac13ef510852910cca9bcb3a6b95e7117c0fdd5c2873abd76d07427798a,,,
width8__7_add8_err_0.453918_size_45_depth_7__timing_K64,8,7_add8_err_0.453918_size_45_depth_7,timing_K64,None,A,PASS,1,2026-10-03T22:07:56,2026-10-03T22:08:05,8.94,experiments/formal/results/width8__7_add8_err_0.453918_size_45_depth_7__timing_K64.json,867172bff2513b9f95c2f078d1c273ce38c860c5e23eb4fc68b4b93db3c48505,,,
