task_id,width,case_id,distribution,d4_value,ganak_value,ganak_timeout,match,d4_nnf_missing
width128__10_add128_err_0.00714111_size_1215_depth_27__ER__D0,128,10_add128_err_0.00714111_size_1215_depth_27,D0,10023244551556561756794847215/1267650600228229401496703205376,10023244551556561756794847215/1267650600228229401496703205376,False,True,False
width128__10_add128_err_0.00714111_size_1215_depth_27__ER__D1,128,10_add128_err_0.00714111_size_1215_depth_27,D1,1250682106783341151017353043496494586377250335585644725397597771997611608959787466223/7957171782556586274486115970349133441607298412757563479047423630290551952200534008528896,1250682106783341151017353043496494586377250335585644725397597771997611608959787466223/7957171782556586274486115970349133441607298412757563479047423630290551952200534008528896,False,True,False
width128__10_add128_err_0.00714111_size_1215_depth_27__ER__D2,128,10_add128_err_0.00714111_size_1215_depth_27,D2,11251690533144745700735187151485325690538352940405309024504583876289508730043649493583/7957171782556586274486115970349133441607298412757563479047423630290551952200534008528896,11251690533144745700735187151485325690538352940405309024504583876289508730043649493583/7957171782556586274486115970349133441607298412757563479047423630290551952200534008528896,False,True,False
width128__10_add128_err_0.00714111_size_1215_depth_27__ER__D3,128,10_add128_err_0.00714111_size_1215_depth_27,D3,8524926989945418004704106820040394716358609539438848305185084176086187747694925236975/7957171782556586274486115970349133441607298412757563479047423630290551952200534008528896,8524926989945418004704106820040394716358609539438848305185084176086187747694925236975/7957171782556586274486115970349133441607298412757563479047423630290551952200534008528896,False,True,False
width128__10_add128_err_0.00714111_size_1215_depth_27__ER__D4,128,10_add128_err_0.00714111_size_1215_depth_27,D4,376521085769759324458328706130151570621846016805172078309539317904450234354470737109375/7957171782556586274486115970349133441607298412757563479047423630290551952200534008528896,376521085769759324458328706130151570621846016805172078309539317904450234354470737109375/7957171782556586274486115970349133441607298412757563479047423630290551952200534008528896,False,True,False
width128__10_add128_err_0.00714111_size_1215_depth_27__ER__D5,128,10_add128_err_0.00714111_size_1215_depth_27,D5,376521085769759324458328706130151570621846016805172078309539317904450234354470737109375/7957171782556586274486115970349133441607298412757563479047423630290551952200534008528896,376521085769759324458328706130151570621846016805172078309539317904450234354470737109375/7957171782556586274486115970349133441607298412757563479047423630290551952200534008528896,False,True,False
width128__10_add128_err_0.00714111_size_1215_depth_27__ER__R0,128,10_add128_err_0.00714111_size_1215_depth_27,R0,3512401540438001602474149597121833088103568150838544525956542700333246340318863200715/497323236409786642155382248146820840100456150797347717440463976893159497012533375533056,3512401540438001602474149597121833088103568150838544525956542700333246340318863200715/497323236409786642155382248146820840100456150797347717440463976893159497012533375533056,False,True,False
width128__10_add128_err_0.00714111_size_1215_depth_27__ER__R1,128,10_add128_err_0.00714111_size_1215_depth_27,R1,286456457753545456957472407154700199948720215409489745257951337367392647880450469/30354201441027016733116592294117482916287606860189680019559568902170379456331382784,286456457753545456957472407154700199948720215409489745257951337367392647880450469/30354201441027016733116592294117482916287606860189680019559568902170379456331382784,False,True,False
width128__10_add128_err_0.00714111_size_1215_depth_27__ER__R2,128,10_add128_err_0.00714111_size_1215_depth_27,R2,12896782871129476407848728907051747670363081223738449536623036068944375748942761850175/3978585891278293137243057985174566720803649206378781739523711815145275976100267004264448,12896782871129476407848728907051747670363081223738449536623036068944375748942761850175/3978585891278293137243057985174566720803649206378781739523711815145275976100267004264448,False,True,False
width128__10_add128_err_0.00714111_size_1215_depth_27__ER__R3,128,10_add128_err_0.00714111_size_1215_depth_27,R3,4265450353947616237713844385512021644961658980321376076895257976545757007885500486420855/509258994083621521567111422102344540262867098416484062659035112338595324940834176545849344,4265450353947616237713844385512021644961658980321376076895257976545757007885500486420855/509258994083621521567111422102344540262867098416484062659035112338595324940834176545849344,False,True,False
width128__10_add128_err_0.00714111_size_1215_depth_27__ER__R4,128,10_add128_err_0.00714111_size_1215_depth_27,R4,1365054591676449760982466552395637769013390821008311635278271800895841870717014250425/248661618204893321077691124073410420050228075398673858720231988446579748506266687766528,1365054591676449760982466552395637769013390821008311635278271800895841870717014250425/248661618204893321077691124073410420050228075398673858720231988446579748506266687766528,False,True,False
width128__10_add128_err_0.00714111_size_1215_depth_27__ER__R5,128,10_add128_err_0.00714111_size_1215_depth_27,R5,103759130798414987438450176390917021488695544657285426362586360683887263280271364025/31082702275611665134711390509176302506278509424834232340028998555822468563283335970816,103759130798414987438450176390917021488695544657285426362586360683887263280271364025/31082702275611665134711390509176302506278509424834232340028998555822468563283335970816,False,True,False
width128__10_add128_err_0.00714111_size_1215_depth_27__ER__R6,128,10_add128_err_0.00714111_size_1215_depth_27,R6,4427446635510089695752185816941544469700172277527295146219048177118587732235617986425/497323236409786642155382248146820840100456150797347717440463976893159497012533375533056,4427446635510089695752185816941544469700172277527295146219048177118587732235617986425/497323236409786642155382248146820840100456150797347717440463976893159497012533375533056,False,True,False
width128__10_add128_err_0.00714111_size_1215_depth_27__ER__R7,128,10_add128_err_0.00714111_size_1215_depth_27,R7,954891317350893446384683400025925624468750683112227098238814909768970942584789175/242833611528216133864932738352939863330300854881517440156476551217363035650651062272,954891317350893446384683400025925624468750683112227098238814909768970942584789175/242833611528216133864932738352939863330300854881517440156476551217363035650651062272,False,True,False
width128__10_add128_err_0.00714111_size_1215_depth_27__ER__R8,128,10_add128_err_0.00714111_size_1215_depth_27,R8,125112936849910202600959739330094048768458304117956820301359695424540760940045/14821387422376473014217086081112052205218558037201992197050570753012880593911808,125112936849910202600959739330094048768458304117956820301359695424540760940045/14821387422376473014217086081112052205218558037201992197050570753012880593911808,False,True,False
width128__10_add128_err_0.00714111_size_1215_depth_27__ER__R9,128,10_add128_err_0.00714111_size_1215_depth_27,R9,189804209762678812532678751690224401978063393755571659577248693925933012584576871195475/127314748520905380391777855525586135065716774604121015664758778084648831235208544136462336,189804209762678812532678751690224401978063393755571659577248693925933012584576871195475/127314748520905380391777855525586135065716774604121015664758778084648831235208544136462336,False,True,False
width128__11_add128_err_0.00904846_size_1205_depth_27__ER__D0,128,11_add128_err_0.00904846_size_1205_depth_27,D0,12474741124443478774466281455/1267650600228229401496703205376,12474741124443478774466281455/1267650600228229401496703205376,False,True,False
width128__11_add128_err_0.00904846_size_1205_depth_27__ER__D1,128,11_add128_err_0.00904846_size_1205_depth_27,D1,1561701680950613085503123429026508360703714445525925022661482900908176528617381559791/7957171782556586274486115970349133441607298412757563479047423630290551952200534008528896,1561701680950613085503123429026508360703714445525925022661482900908176528617381559791/7957171782556586274486115970349133441607298412757563479047423630290551952200534008528896,False,True,False
width128__11_add128_err_0.00904846_size_1205_depth_27__ER__D2,128,11_add128_err_0.00904846_size_1205_depth_27,D2,14048222927355717104798393265337570032920254768872519764957357067745300377842788338255/7957171782556586274486115970349133441607298412757563479047423630290551952200534008528896,14048222927355717104798393265337570032920254768872519764957357067745300377842788338255/7957171782556586274486115970349133441607298412757563479047423630290551952200534008528896,False,True,False
width128__11_add128_err_0.00904846_size_1205_depth_27__ER__D3,128,11_add128_err_0.00904846_size_1205_depth_27,D3,10644058286471724141605857574249619245962484617197397284299232395958452770873438030575/7957171782556586274486115970349133441607298412757563479047423630290551952200534008528896,10644058286471724141605857574249619245962484617197397284299232395958452770873438030575/7957171782556586274486115970349133441607298412757563479047423630290551952200534008528896,False,True,False
width128__11_add128_err_0.00904846_size_1205_depth_27__ER__D4,128,11_add128_err_0.00904846_size_1205_depth_27,D4,463731997409959362910922839726180036152031622825653604462407722158537538066419537109375/7957171782556586274486115970349133441607298412757563479047423630290551952200534008528896,463731997409959362910922839726180036152031622825653604462407722158537538066419537109375/7957171782556586274486115970349133441607298412757563479047423630290551952200534008528896,False,True,False
width128__11_add128_err_0.00904846_size_1205_depth_27__ER__D5,128,11_add128_err_0.00904846_size_1205_depth_27,D5,463731997409959362910922839726180036152031622825653604462407722158537538066419537109375/7957171782556586274486115970349133441607298412757563479047423630290551952200534008528896,463731997409959362910922839726180036152031622825653604462407722158537538066419537109375/7957171782556586274486115970349133441607298412757563479047423630290551952200534008528896,False,True,False
width128__11_add128_err_0.00904846_size_1205_depth_27__ER__R0,128,11_add128_err_0.00904846_size_1205_depth_27,R0,6485158935820419731347036685572912836851123143541410430208086252668955748124303200715/497323236409786642155382248146820840100456150797347717440463976893159497012533375533056,6485158935820419731347036685572912836851123143541410430208086252668955748124303200715/497323236409786642155382248146820840100456150797347717440463976893159497012533375533056,False,True,False
width128__11_add128_err_0.00904846_size_1205_depth_27__ER__R1,128,11_add128_err_0.00904846_size_1205_depth_27,R1,330071556615216184777726947455001329745492168357490630697417768286935080560304549/30354201441027016733116592294117482916287606860189680019559568902170379456331382784,330071556615216184777726947455001329745492168357490630697417768286935080560304549/30354201441027016733116592294117482916287606860189680019559568902170379456331382784,False,True,False
width128__11_add128_err_0.00904846_size_1205_depth_27__ER__R2,128,11_add128_err_0.00904846_size_1205_depth_27,R2,21827406704388676905815601379037159479017142371265394570340287398301672968063548159295/3978585891278293137243057985174566720803649206378781739523711815145275976100267004264448,21827406704388676905815601379037159479017142371265394570340287398301672968063548159295/3978585891278293137243057985174566720803649206378781739523711815145275976100267004264448,False,True,False
width128__11_add128_err_0.00904846_size_1205_depth_27__ER__R3,128,11_add128_err_0.00904846_size_1205_depth_27,R3,4731457560463259615056313589492979178233099589251900922176064334474838155383882380380535/509258994083621521567111422102344540262867098416484062659035112338595324940834176545849344,4731457560463259615056313589492979178233099589251900922176064334474838155383882380380535/509258994083621521567111422102344540262867098416484062659035112338595324940834176545849344,False,True,False
width128__11_add128_err_0.00904846_size_1205_depth_27__ER__R4,128,11_add128_err_0.00904846_size_1205_depth_27,R4,1576968629270109580625881246123363439460220996640131248363840112335141274583716074425/248661618204893321077691124073410420050228075398673858720231988446579748506266687766528,1576968629270109580625881246123363439460220996640131248363840112335141274583716074425/248661618204893321077691124073410420050228075398673858720231988446579748506266687766528,False,True,False
width128__11_add128_err_0.00904846_size_1205_depth_27__ER__R5,128,11_add128_err_0.00904846_size_1205_depth_27,R5,168189114402202952103729012948723241558522520990412631056027382049396132601925636025/31082702275611665134711390509176302506278509424834232340028998555822468563283335970816,168189114402202952103729012948723241558522520990412631056027382049396132601925636025/31082702275611665134711390509176302506278509424834232340028998555822468563283335970816,False,True,False
width128__11_add128_err_0.00904846_size_1205_depth_27__ER__R6,128,11_add128_err_0.00904846_size_1205_depth_27,R6,4527806736709327409594310473046553515811949554497786521280822023975667008891225794425/497323236409786642155382248146820840100456150797347717440463976893159497012533375533056,4527806736709327409594310473046553515811949554497786521280822023975667008891225794425/497323236409786642155382248146820840100456150797347717440463976893159497012533375533056,False,True,False
width128__11_add128_err_0.00904846_size_1205_depth_27__ER__R7,128,11_add128_err_0.00904846_size_1205_depth_27,R7,2337071950003259996662236664242857576508904918175095341396442276468401751664433335/242833611528216133864932738352939863330300854881517440156476551217363035650651062272,2337071950003259996662236664242857576508904918175095341396442276468401751664433335/242833611528216133864932738352939863330300854881517440156476551217363035650651062272,False,True,False
width128__11_add128_err_0.00904846_size_1205_depth_27__ER__R8,128,11_add128_err_0.00904846_size_1205_depth_27,R8,158210195652191425057233341901225980273250989821608486656562297956069378432525/14821387422376473014217086081112052205218558037201992197050570753012880593911808,158210195652191425057233341901225980273250989821608486656562297956069378432525/14821387422376473014217086081112052205218558037201992197050570753012880593911808,False,True,False
width128__11_add128_err_0.00904846_size_1205_depth_27__ER__R9,128,11_add128_err_0.00904846_size_1205_depth_27,R9,289781018720035044902204653426880098626695948418347873889813967952452291499420985484115/127314748520905380391777855525586135065716774604121015664758778084648831235208544136462336,289781018720035044902204653426880098626695948418347873889813967952452291499420985484115/127314748520905380391777855525586135065716774604121015664758778084648831235208544136462336,False,True,False
width128__13_add128_err_0.0129547_size_1191_depth_27__ER__D0,128,13_add128_err_0.0129547_size_1191_depth_27,D0,17363342104717203807416217855/1267650600228229401496703205376,17363342104717203807416217855/1267650600228229401496703205376,False,True,False
width128__13_add128_err_0.0129547_size_1191_depth_27__ER__D1,128,13_add128_err_0.0129547_size_1191_depth_27,D1,2183704259189947850855835474491792233781396700527409661851077998998391801641721666659/7957171782556586274486115970349133441607298412757563479047423630290551952200534008528896,2183704259189947850855835474491792233781396700527409661851077998998391801641721666659/7957171782556586274486115970349133441607298412757563479047423630290551952200534008528896,False,True,False
width128__13_add128_err_0.0129547_size_1191_depth_27__ER__D2,128,13_add128_err_0.0129547_size_1191_depth_27,D2,19638334870879977867240997754034643339734928201390141205150753232133079515034901000027/7957171782556586274486115970349133441607298412757563479047423630290551952200534008528896,19638334870879977867240997754034643339734928201390141205150753232133079515034901000027/7957171782556586274486115970349133441607298412757563479047423630290551952200534008528896,False,True,False
width128__13_add128_err_0.0129547_size_1191_depth_27__ER__D3,128,13_add128_err_0.0129547_size_1191_depth_27,D3,14880625633938823517413223711318121986621301687285192576857491696465184313964112775075/7957171782556586274486115970349133441607298412757563479047423630290551952200534008528896,14880625633938823517413223711318121986621301687285192576857491696465184313964112775075/7957171782556586274486115970349133441607298412757563479047423630290551952200534008528896,False,True,False
width128__13_add128_err_0.0129547_size_1191_depth_27__ER__D4,128,13_add128_err_0.0129547_size_1191_depth_27,D4,635073498473128158173862745072452293743056846458602873676353437526894116115317137109375/7957171782556586274486115970349133441607298412757563479047423630290551952200534008528896,635073498473128158173862745072452293743056846458602873676353437526894116115317137109375/7957171782556586274486115970349133441607298412757563479047423630290551952200534008528896,False,True,False
width128__13_add128_err_0.0129547_size_1191_depth_27__ER__D5,128,13_add128_err_0.0129547_size_1191_depth_27,D5,635073498473128158173862745072452293743056846458602873676353437526894116115317137109375/7957171782556586274486115970349133441607298412757563479047423630290551952200534008528896,635073498473128158173862745072452293743056846458602873676353437526894116115317137109375/7957171782556586274486115970349133441607298412757563479047423630290551952200534008528896,False,True,False
width128__13_add128_err_0.0129547_size_1191_depth_27__ER__R0,128,13_add128_err_0.0129547_size_1191_depth_27,R0,13861792187072655799089727996500436103000272229431739650357072788329326994000246211305/994646472819573284310764496293641680200912301594695434880927953786318994025066751066112,13861792187072655799089727996500436103000272229431739650357072788329326994000246211305/994646472819573284310764496293641680200912301594695434880927953786318994025066751066112,False,True,False
width128__13_add128_err_0.0129547_size_1191_depth_27__ER__R1,128,13_add128_err_0.0129547_size_1191_depth_27,R1,1456972166505736407266181328996090043832905025253628545521001863615686819048841571/121416805764108066932466369176469931665150427440758720078238275608681517825325531136,1456972166505736407266181328996090043832905025253628545521001863615686819048841571/121416805764108066932466369176469931665150427440758720078238275608681517825325531136,False,True,False
width128__13_add128_err_0.0129547_size_1191_depth_27__ER__R2,128,13_add128_err_0.0129547_size_1191_depth_27,R2,105165967154448124800780514299374574497108358421813045056597652742124868011795102116965495/16296287810675888690147565507275025288411747149327490005089123594835050398106693649467179008,105165967154448124800780514299374574497108358421813045056597652742124868011795102116965495/16296287810675888690147565507275025288411747149327490005089123594835050398106693649467179008,False,True,False
width128__13_add128_err_0.0129547_size_1191_depth_27__ER__R3,128,13_add128_err_0.0129547_size_1191_depth_27,R3,5279014893539898754872412470726902066077766807751631014822420813408263625885259878970285/509258994083621521567111422102344540262867098416484062659035112338595324940834176545849344,5279014893539898754872412470726902066077766807751631014822420813408263625885259878970285/509258994083621521567111422102344540262867098416484062659035112338595324940834176545849344,False,True,False
width128__13_add128_err_0.0129547_size_1191_depth_27__ER__R4,128,13_add128_err_0.0129547_size_1191_depth_27,R4,141627797307675324453387594208329974513345989939908895480287379125062352928234073365975/7957171782556586274486115970349133441607298412757563479047423630290551952200534008528896,141627797307675324453387594208329974513345989939908895480287379125062352928234073365975/7957171782556586274486115970349133441607298412757563479047423630290551952200534008528896,False,True,False
width128__13_add128_err_0.0129547_size_1191_depth_27__ER__R5,128,13_add128_err_0.0129547_size_1191_depth_27,R5,7091729016598638412140274676028327919020886094161032590386930958275247882174390671055/994646472819573284310764496293641680200912301594695434880927953786318994025066751066112,7091729016598638412140274676028327919020886094161032590386930958275247882174390671055/994646472819573284310764496293641680200912301594695434880927953786318994025066751066112,False,True,False
width128__13_add128_err_0.0129547_size_1191_depth_27__ER__R6,128,13_add128_err_0.0129547_size_1191_depth_27,R6,45735667826963201115352059210968697623024291143834395108463081192057950882030872810275/3978585891278293137243057985174566720803649206378781739523711815145275976100267004264448,45735667826963201115352059210968697623024291143834395108463081192057950882030872810275/3978585891278293137243057985174566720803649206378781739523711815145275976100267004264448,False,True,False
width128__13_add128_err_0.0129547_size_1191_depth_27__ER__R7,128,13_add128_err_0.0129547_size_1191_depth_27,R7,5527170425764255220059695192531526504820967291555739792710749506017868970851553545/485667223056432267729865476705879726660601709763034880312953102434726071301302124544,5527170425764255220059695192531526504820967291555739792710749506017868970851553545/485667223056432267729865476705879726660601709763034880312953102434726071301302124544,False,True,False
width128__13_add128_err_0.0129547_size_1191_depth_27__ER__R8,128,13_add128_err_0.0129547_size_1191_depth_27,R8,512682269848277047169975445326248919664879833337494679260520710994143743750675/29642774844752946028434172162224104410437116074403984394101141506025761187823616,512682269848277047169975445326248919664879833337494679260520710994143743750675/29642774844752946028434172162224104410437116074403984394101141506025761187823616,False,True,False
width128__13_add128_err_0.0129547_size_1191_depth_27__ER__R9,128,13_add128_err_0.0129547_size_1191_depth_27,R9,231191948256706634333175932128085218402254995724397902067014397482531278019786030449485/63657374260452690195888927762793067532858387302060507832379389042324415617604272068231168,231191948256706634333175932128085218402254995724397902067014397482531278019786030449485/63657374260452690195888927762793067532858387302060507832379389042324415617604272068231168,False,True,False
width128__15_add128_err_0.0169067_size_1176_depth_27__ER__D0,128,15_add128_err_0.0169067_size_1176_depth_27,D0,5826984057751570941604755760608255/332306998946228968225951765070086144,5826984057751570941604755760608255/332306998946228968225951765070086144,False,True,False
width128__15_add128_err_0.0169067_size_1176_depth_27__ER__D1,128,15_add128_err_0.0169067_size_1176_depth_27,D1,3158767172020726628271560575061875952130869982829674766424640407984194120334382923983513759306617351/8958978968711216842229769122273777112486581988938598139599956403855167484720643781523509973086428463104,3158767172020726628271560575061875952130869982829674766424640407984194120334382923983513759306617351/8958978968711216842229769122273777112486581988938598139599956403855167484720643781523509973086428463104,False,True,False
width128__15_add128_err_0.0169067_size_1176_depth_27__ER__D2,128,15_add128_err_0.0169067_size_1176_depth_27,D2,28400153912091867311950279086670253593268905233480183538560000405179885092046824375511883491874289047/8958978968711216842229769122273777112486581988938598139599956403855167484720643781523509973086428463104,28400153912091867311950279086670253593268905233480183538560000405179885092046824375511883491874289047/8958978968711216842229769122273777112486581988938598139599956403855167484720643781523509973086428463104,False,True,False
width128__15_add128_err_0.0169067_size_1176_depth_27__ER__D3,128,15_add128_err_0.0169067_size_1176_depth_27,D3,21521206450119951475522993825111448586816030056297651289294105897630823514951054818525332871444189575/8958978968711216842229769122273777112486581988938598139599956403855167484720643781523509973086428463104,21521206450119951475522993825111448586816030056297651289294105897630823514951054818525332871444189575/8958978968711216842229769122273777112486581988938598139599956403855167484720643781523509973086428463104,False,True,False
width128__15_add128_err_0.0169067_size_1176_depth_27__ER__D4,128,15_add128_err_0.0169067_size_1176_depth_27,D4,902478086425252847297648650992019663311075797029550515480882843713993766659322325499091736301962109375/8958978968711216842229769122273777112486581988938598139599956403855167484720643781523509973086428463104,902478086425252847297648650992019663311075797029550515480882843713993766659322325499091736301962109375/8958978968711216842229769122273777112486581988938598139599956403855167484720643781523509973086428463104,False,True,False
width128__15_add128_err_0.0169067_size_1176_depth_27__ER__D5,128,15_add128_err_0.0169067_size_1176_depth_27,D5,902478086425252847297648650992019663311075797029550515480882843713993766659322325499091736301962109375/8958978968711216842229769122273777112486581988938598139599956403855167484720643781523509973086428463104,902478086425252847297648650992019663311075797029550515480882843713993766659322325499091736301962109375/8958978968711216842229769122273777112486581988938598139599956403855167484720643781523509973086428463104,False,True,False
width128__15_add128_err_0.0169067_size_1176_depth_27__ER__R0,128,15_add128_err_0.0169067_size_1176_depth_27,R0,7449364364705750806880890533536163579003321115533517505010432660246708856548397326677524386516416705/279968092772225526319680285071055534765205687154331191862498637620473983897520118172609686658950889472,7449364364705750806880890533536163579003321115533517505010432660246708856548397326677524386516416705/279968092772225526319680285071055534765205687154331191862498637620473983897520118172609686658950889472,False,True,False
width128__15_add128_err_0.0169067_size_1176_depth_27__ER__R1,128,15_add128_err_0.0169067_size_1176_depth_27,R1,76957196771523295981024531626903093938162346285602157334145234866882928066593314598255186253/4171849679533027504677776769862406473833407270227837441302815640277772901915313574263597826048,76957196771523295981024531626903093938162346285602157334145234866882928066593314598255186253/4171849679533027504677776769862406473833407270227837441302815640277772901915313574263597826048,False,True,False
width128__15_add128_err_0.0169067_size_1176_depth_27__ER__R2,128,15_add128_err_0.0169067_size_1176_depth_27,R2,13615607436405111303809334969760707031323020405234165683607291853170250927763931336723044912177928550655/1146749307995035755805410447651043470398282494584140561868794419693461438044242404035009276555062843277312,13615607436405111303809334969760707031323020405234165683607291853170250927763931336723044912177928550655/1146749307995035755805410447651043470398282494584140561868794419693461438044242404035009276555062843277312,False,True,False
width128__15_add128_err_0.0169067_size_1176_depth_27__ER__R3,128,15_add128_err_0.0169067_size_1176_depth_27,R3,106868457609723983844397283365801676578647832480086411952260616607111621753723098388669286748972644685/8958978968711216842229769122273777112486581988938598139599956403855167484720643781523509973086428463104,106868457609723983844397283365801676578647832480086411952260616607111621753723098388669286748972644685/8958978968711216842229769122273777112486581988938598139599956403855167484720643781523509973086428463104,False,True,False
width128__15_add128_err_0.0169067_size_1176_depth_27__ER__R4,128,15_add128_err_0.0169067_size_1176_depth_27,R4,42606106609281271161225630253463790706681132629045509134080192957550038271643900438398855964644315/2187250724783011924372502227117621365353169430893212436425770606409952999199375923223513177023053824,42606106609281271161225630253463790706681132629045509134080192957550038271643900438398855964644315/2187250724783011924372502227117621365353169430893212436425770606409952999199375923223513177023053824,False,True,False
width128__15_add128_err_0.0169067_size_1176_depth_27__ER__R5,128,15_add128_err_0.0169067_size_1176_depth_27,R5,3285347130022826027035121393797346970186253692263403438008268232775725418318993576032345665388985445/279968092772225526319680285071055534765205687154331191862498637620473983897520118172609686658950889472,3285347130022826027035121393797346970186253692263403438008268232775725418318993576032345665388985445/279968092772225526319680285071055534765205687154331191862498637620473983897520118172609686658950889472,False,True,False
width128__15_add128_err_0.0169067_size_1176_depth_27__ER__R6,128,15_add128_err_0.0169067_size_1176_depth_27,R6,14793838066445001871607572883008832596189666114383770100914730421962504480094964982195285924410802895225/1146749307995035755805410447651043470398282494584140561868794419693461438044242404035009276555062843277312,14793838066445001871607572883008832596189666114383770100914730421962504480094964982195285924410802895225/1146749307995035755805410447651043470398282494584140561868794419693461438044242404035009276555062843277312,False,True,False
width128__15_add128_err_0.0169067_size_1176_depth_27__ER__R7,128,15_add128_err_0.0169067_size_1176_depth_27,R7,461667221917108357271251967576301522585439385572048965649387864482111681960357558643172041585405/34175792574734561318320347298712833833643272357706444319152665725155515612490248800367393390985216,461667221917108357271251967576301522585439385572048965649387864482111681960357558643172041585405/34175792574734561318320347298712833833643272357706444319152665725155515612490248800367393390985216,False,True,False
width128__15_add128_err_0.0169067_size_1176_depth_27__ER__R8,128,15_add128_err_0.0169067_size_1176_depth_27,R8,773666931149211022679707890348346127982394367299903199456946665064102516531791280844350226825/33374797436264220037422214158899251790667258161822699530422525122222183215322508594108782608384,773666931149211022679707890348346127982394367299903199456946665064102516531791280844350226825/33374797436264220037422214158899251790667258161822699530422525122222183215322508594108782608384,False,True,False
width128__15_add128_err_0.0169067_size_1176_depth_27__ER__R9,128,15_add128_err_0.0169067_size_1176_depth_27,R9,36196788418548995124896832239869820734836089918655301726921289692900599383609934113380307111586858051085/4586997231980143023221641790604173881593129978336562247475177678773845752176969616140037106220251373109248,36196788418548995124896832239869820734836089918655301726921289692900599383609934113380307111586858051085/4586997231980143023221641790604173881593129978336562247475177678773845752176969616140037106220251373109248,False,True,False
width128__17_add128_err_0.0470276_size_1167_depth_27__ER__D0,128,17_add128_err_0.0470276_size_1167_depth_27,D0,15972110088963517632239770274169855/332306998946228968225951765070086144,15972110088963517632239770274169855/332306998946228968225951765070086144,False,True,False
width128__17_add128_err_0.0470276_size_1167_depth_27__ER__D1,128,17_add128_err_0.0470276_size_1167_depth_27,D1,20856228543602090961220167948366371071310899366377872445336239296224497043163559507927575124529254919/8958978968711216842229769122273777112486581988938598139599956403855167484720643781523509973086428463104,20856228543602090961220167948366371071310899366377872445336239296224497043163559507927575124529254919/8958978968711216842229769122273777112486581988938598139599956403855167484720643781523509973086428463104,False,True,False
width128__17_add128_err_0.0470276_size_1167_depth_27__ER__D2,128,17_add128_err_0.0470276_size_1167_depth_27,D2,187278120563783264907547350056508620569615353287619671350676183555368685151418091276343656566774936983/8958978968711216842229769122273777112486581988938598139599956403855167484720643781523509973086428463104,187278120563783264907547350056508620569615353287619671350676183555368685151418091276343656566774936983/8958978968711216842229769122273777112486581988938598139599956403855167484720643781523509973086428463104,False,True,False
width128__17_add128_err_0.0470276_size_1167_depth_27__ER__D3,128,17_add128_err_0.0470276_size_1167_depth_27,D3,141965726979636214981714322461507068631543782782573190795722510740607292432330223264806321051793117575/8958978968711216842229769122273777112486581988938598139599956403855167484720643781523509973086428463104,141965726979636214981714322461507068631543782782573190795722510740607292432330223264806321051793117575/8958978968711216842229769122273777112486581988938598139599956403855167484720643781523509973086428463104,False,True,False
width128__17_add128_err_0.0470276_size_1167_depth_27__ER__D4,128,17_add128_err_0.0470276_size_1167_depth_27,D4,1497653859892958058129707834206185767440225507851953278966275154008702245889514667115452852121666429375/8958978968711216842229769122273777112486581988938598139599956403855167484720643781523509973086428463104,1497653859892958058129707834206185767440225507851953278966275154008702245889514667115452852121666429375/8958978968711216842229769122273777112486581988938598139599956403855167484720643781523509973086428463104,False,True,False
width128__17_add128_err_0.0470276_size_1167_depth_27__ER__D5,128,17_add128_err_0.0470276_size_1167_depth_27,D5,1497653859892958058129707834206185767440225507851953278966275154008702245889514667115452852121666429375/8958978968711216842229769122273777112486581988938598139599956403855167484720643781523509973086428463104,1497653859892958058129707834206185767440225507851953278966275154008702245889514667115452852121666429375/8958978968711216842229769122273777112486581988938598139599956403855167484720643781523509973086428463104,False,True,False
width128__17_add128_err_0.0470276_size_1167_depth_27__ER__R0,128,17_add128_err_0.0470276_size_1167_depth_27,R0,16571353523206398720752343018968121166409988196097806190579795315112586334037148768565887303414823105/279968092772225526319680285071055534765205687154331191862498637620473983897520118172609686658950889472,16571353523206398720752343018968121166409988196097806190579795315112586334037148768565887303414823105/279968092772225526319680285071055534765205687154331191862498637620473983897520118172609686658950889472,False,True,False
width128__17_add128_err_0.0470276_size_1167_depth_27__ER__R1,128,17_add128_err_0.0470276_size_1167_depth_27,R1,175032752139208634177265939529994502065036600283948661143963092595880106191234926998420050253/4171849679533027504677776769862406473833407270227837441302815640277772901915313574263597826048,175032752139208634177265939529994502065036600283948661143963092595880106191234926998420050253/4171849679533027504677776769862406473833407270227837441302815640277772901915313574263597826048,False,True,False
width128__17_add128_err_0.0470276_size_1167_depth_27__ER__R2,128,17_add128_err_0.0470276_size_1167_depth_27,R2,28823204695780716529751053865763850925667793747709761393395685034110899707271956784412143527414100736255/1146749307995035755805410447651043470398282494584140561868794419693461438044242404035009276555062843277312,28823204695780716529751053865763850925667793747709761393395685034110899707271956784412143527414100736255/1146749307995035755805410447651043470398282494584140561868794419693461438044242404035009276555062843277312,False,True,False
width128__17_add128_err_0.0470276_size_1167_depth_27__ER__R3,128,17_add128_err_0.0470276_size_1167_depth_27,R3,318387417886602205674752411915148806565932582612574485855441824792778527507495551450419193479907506509/8958978968711216842229769122273777112486581988938598139599956403855167484720643781523509973086428463104,318387417886602205674752411915148806565932582612574485855441824792778527507495551450419193479907506509/8958978968711216842229769122273777112486581988938598139599956403855167484720643781523509973086428463104,False,True,False
width128__17_add128_err_0.0470276_size_1167_depth_27__ER__R4,128,17_add128_err_0.0470276_size_1167_depth_27,R4,115570824102566154587873989316108609593823441502138955910930451253271753426441775276588848015332315/2187250724783011924372502227117621365353169430893212436425770606409952999199375923223513177023053824,115570824102566154587873989316108609593823441502138955910930451253271753426441775276588848015332315/2187250724783011924372502227117621365353169430893212436425770606409952999199375923223513177023053824,False,True,False
width128__17_add128_err_0.0470276_size_1167_depth_27__ER__R5,128,17_add128_err_0.0470276_size_1167_depth_27,R5,17004547751264815847596129184187863901007679139256602268999786954659474177017340412806310602870406245/279968092772225526319680285071055534765205687154331191862498637620473983897520118172609686658950889472,17004547751264815847596129184187863901007679139256602268999786954659474177017340412806310602870406245/279968092772225526319680285071055534765205687154331191862498637620473983897520118172609686658950889472,False,True,False
width128__17_add128_err_0.0470276_size_1167_depth_27__ER__R6,128,17_add128_err_0.0470276_size_1167_depth_27,R6,54634773413153591537268164662032841907328024083038583247840696023020667883396238074848201746744591055225/1146749307995035755805410447651043470398282494584140561868794419693461438044242404035009276555062843277312,54634773413153591537268164662032841907328024083038583247840696023020667883396238074848201746744591055225/1146749307995035755805410447651043470398282494584140561868794419693461438044242404035009276555062843277312,False,True,False
width128__17_add128_err_0.0470276_size_1167_depth_27__ER__R7,128,17_add128_err_0.0470276_size_1167_depth_27,R7,1353556572340912134838389489094089459639337048045230450102214095887089624691819071507309714764541/34175792574734561318320347298712833833643272357706444319152665725155515612490248800367393390985216,1353556572340912134838389489094089459639337048045230450102214095887089624691819071507309714764541/34175792574734561318320347298712833833643272357706444319152665725155515612490248800367393390985216,False,True,False
width128__17_add128_err_0.0470276_size_1167_depth_27__ER__R8,128,17_add128_err_0.0470276_size_1167_depth_27,R8,2036250888865431358188342735843820458523637729946413967043257938036963848021878716050253349257/33374797436264220037422214158899251790667258161822699530422525122222183215322508594108782608384,2036250888865431358188342735843820458523637729946413967043257938036963848021878716050253349257/33374797436264220037422214158899251790667258161822699530422525122222183215322508594108782608384,False,True,False
width128__17_add128_err_0.0470276_size_1167_depth_27__ER__R9,128,17_add128_err_0.0470276_size_1167_depth_27,R9,61320022269633841242191396830947971068585671877866353067825428139925483469695204753258622757421617292813/4586997231980143023221641790604173881593129978336562247475177678773845752176969616140037106220251373109248,61320022269633841242191396830947971068585671877866353067825428139925483469695204753258622757421617292813/4586997231980143023221641790604173881593129978336562247475177678773845752176969616140037106220251373109248,False,True,False
width128__1_add128_err_0_size_1291_depth_27__ER__D0,128,1_add128_err_0_size_1291_depth_27,D0,65535/8589934592,65535/8589934592,False,True,False
width128__1_add128_err_0_size_1291_depth_27__ER__D1,128,1_add128_err_0_size_1291_depth_27,D1,2423314587584983541427/158456325028528675187087900672,2423314587584983541427/158456325028528675187087900672,False,True,False
width128__1_add128_err_0_size_1291_depth_27__ER__D2,128,1_add128_err_0_size_1291_depth_27,D2,21809831288264851872843/158456325028528675187087900672,21809831288264851872843/158456325028528675187087900672,False,True,False
width128__1_add128_err_0_size_1291_depth_27__ER__D3,128,1_add128_err_0_size_1291_depth_27,D3,16522599460806705964275/158456325028528675187087900672,16522599460806705964275/158456325028528675187087900672,False,True,False
width128__1_add128_err_0_size_1291_depth_27__ER__D4,128,1_add128_err_0_size_1291_depth_27,D4,42926389895634613037109375/158456325028528675187087900672,42926389895634613037109375/158456325028528675187087900672,False,True,False
width128__1_add128_err_0_size_1291_depth_27__ER__D5,128,1_add128_err_0_size_1291_depth_27,D5,42926389895634613037109375/158456325028528675187087900672,42926389895634613037109375/158456325028528675187087900672,False,True,False
width128__1_add128_err_0_size_1291_depth_27__ER__R0,128,1_add128_err_0_size_1291_depth_27,R0,2608791440429053525078125/633825300114114700748351602688,2608791440429053525078125/633825300114114700748351602688,False,True,False
width128__1_add128_err_0_size_1291_depth_27__ER__R1,128,1_add128_err_0_size_1291_depth_27,R1,1555505014077201708984375/633825300114114700748351602688,1555505014077201708984375/633825300114114700748351602688,False,True,False
width128__1_add128_err_0_size_1291_depth_27__ER__R2,128,1_add128_err_0_size_1291_depth_27,R2,13096337179022643446044921875/41538374868278621028243970633760768,13096337179022643446044921875/41538374868278621028243970633760768,False,True,False
width128__1_add128_err_0_size_1291_depth_27__ER__R3,128,1_add128_err_0_size_1291_depth_27,R3,794518666890242146875/309485009821345068724781056,794518666890242146875/309485009821345068724781056,False,True,False
width128__1_add128_err_0_size_1291_depth_27__ER__R4,128,1_add128_err_0_size_1291_depth_27,R4,14180729710542041015625/4951760157141521099596496896,14180729710542041015625/4951760157141521099596496896,False,True,False
width128__1_add128_err_0_size_1291_depth_27__ER__R5,128,1_add128_err_0_size_1291_depth_27,R5,132577999044495956634375/79228162514264337593543950336,132577999044495956634375/79228162514264337593543950336,False,True,False
width128__1_add128_err_0_size_1291_depth_27__ER__R6,128,1_add128_err_0_size_1291_depth_27,R6,3851314166080857226953125/2535301200456458802993406410752,3851314166080857226953125/2535301200456458802993406410752,False,True,False
width128__1_add128_err_0_size_1291_depth_27__ER__R7,128,1_add128_err_0_size_1291_depth_27,R7,12017126743084362109375/1237940039285380274899124224,12017126743084362109375/1237940039285380274899124224,False,True,False
width128__1_add128_err_0_size_1291_depth_27__ER__R8,128,1_add128_err_0_size_1291_depth_27,R8,2095028537561642615625/154742504910672534362390528,2095028537561642615625/154742504910672534362390528,False,True,False
width128__1_add128_err_0_size_1291_depth_27__ER__R9,128,1_add128_err_0_size_1291_depth_27,R9,12408421609149459287625/9903520314283042199192993792,12408421609149459287625/9903520314283042199192993792,False,True,False
width128__2_add128_err_0_size_1272_depth_27__ER__D0,128,2_add128_err_0_size_1272_depth_27,D0,65535/4294967296,65535/4294967296,False,True,False
width128__2_add128_err_0_size_1272_depth_27__ER__D1,128,2_add128_err_0_size_1272_depth_27,D1,2423314587584983541427/79228162514264337593543950336,2423314587584983541427/79228162514264337593543950336,False,True,False
width128__2_add128_err_0_size_1272_depth_27__ER__D2,128,2_add128_err_0_size_1272_depth_27,D2,21809831288264851872843/79228162514264337593543950336,21809831288264851872843/79228162514264337593543950336,False,True,False
width128__2_add128_err_0_size_1272_depth_27__ER__D3,128,2_add128_err_0_size_1272_depth_27,D3,16522599460806705964275/79228162514264337593543950336,16522599460806705964275/79228162514264337593543950336,False,True,False
width128__2_add128_err_0_size_1272_depth_27__ER__D4,128,2_add128_err_0_size_1272_depth_27,D4,42926389895634613037109375/79228162514264337593543950336,42926389895634613037109375/79228162514264337593543950336,False,True,False
width128__2_add128_err_0_size_1272_depth_27__ER__D5,128,2_add128_err_0_size_1272_depth_27,D5,42926389895634613037109375/79228162514264337593543950336,42926389895634613037109375/79228162514264337593543950336,False,True,False
width128__2_add128_err_0_size_1272_depth_27__ER__R0,128,2_add128_err_0_size_1272_depth_27,R0,2701464364834498374890625/633825300114114700748351602688,2701464364834498374890625/633825300114114700748351602688,False,True,False
width128__2_add128_err_0_size_1272_depth_27__ER__R1,128,2_add128_err_0_size_1272_depth_27,R1,13630387600588828072265625/2535301200456458802993406410752,13630387600588828072265625/2535301200456458802993406410752,False,True,False
width128__2_add128_err_0_size_1272_depth_27__ER__R2,128,2_add128_err_0_size_1272_depth_27,R2,211716724968997485036144121875/41538374868278621028243970633760768,211716724968997485036144121875/41538374868278621028243970633760768,False,True,False
width128__2_add128_err_0_size_1272_depth_27__ER__R3,128,2_add128_err_0_size_1272_depth_27,R3,4337316857905265540625/1237940039285380274899124224,4337316857905265540625/1237940039285380274899124224,False,True,False
width128__2_add128_err_0_size_1272_depth_27__ER__R4,128,2_add128_err_0_size_1272_depth_27,R4,1590659460372755478515625/39614081257132168796771975168,1590659460372755478515625/39614081257132168796771975168,False,True,False
width128__2_add128_err_0_size_1272_depth_27__ER__R5,128,2_add128_err_0_size_1272_depth_27,R5,221524156527777840034375/79228162514264337593543950336,221524156527777840034375/79228162514264337593543950336,False,True,False
width128__2_add128_err_0_size_1272_depth_27__ER__R6,128,2_add128_err_0_size_1272_depth_27,R6,3783521764194178739181728125/81129638414606681695789005144064,3783521764194178739181728125/81129638414606681695789005144064,False,True,False
width128__2_add128_err_0_size_1272_depth_27__ER__R7,128,2_add128_err_0_size_1272_depth_27,R7,64346922638063454296875/4951760157141521099596496896,64346922638063454296875/4951760157141521099596496896,False,True,False
width128__2_add128_err_0_size_1272_depth_27__ER__R8,128,2_add128_err_0_size_1272_depth_27,R8,3200426902924996215625/154742504910672534362390528,3200426902924996215625/154742504910672534362390528,False,True,False
width128__2_add128_err_0_size_1272_depth_27__ER__R9,128,2_add128_err_0_size_1272_depth_27,R9,33572710044616713287625/9903520314283042199192993792,33572710044616713287625/9903520314283042199192993792,False,True,False
width128__4_add128_err_0_size_1253_depth_27__ER__D0,128,4_add128_err_0_size_1253_depth_27,D0,,19342444181485854509694975/633825300114114700748351602688,False,,True
width128__4_add128_err_0_size_1253_depth_27__ER__D1,128,4_add128_err_0_size_1253_depth_27,D1,,243382280833046582246971592353989228468701283284215241562742391652832766571496875/3978585891278293137243057985174566720803649206378781739523711815145275976100267004264448,False,,True
width128__4_add128_err_0_size_1253_depth_27__ER__D2,128,4_add128_err_0_size_1253_depth_27,D2,,2190440259505513521355103357424287124159021680085157950478395784671084912964068339/3978585891278293137243057985174566720803649206378781739523711815145275976100267004264448,False,,True
width128__4_add128_err_0_size_1253_depth_27__ER__D3,128,4_add128_err_0_size_1253_depth_27,D3,,1659424494389555647883712635570306459201456229414364660707396726471443313580768875/3978585891278293137243057985174566720803649206378781739523711815145275976100267004264448,False,,True
width128__4_add128_err_0_size_1253_depth_27__ER__D4,128,4_add128_err_0_size_1253_depth_27,D4,,4310669176394030875123213515654181854154974197995959922205274678130191923675537109375/3978585891278293137243057985174566720803649206378781739523711815145275976100267004264448,False,,True
width128__4_add128_err_0_size_1253_depth_27__ER__D5,128,4_add128_err_0_size_1253_depth_27,D5,,4310669176394030875123213515654181854154974197995959922205274678130191923675537109375/3978585891278293137243057985174566720803649206378781739523711815145275976100267004264448,False,,True
width128__4_add128_err_0_size_1253_depth_27__ER__R0,128,4_add128_err_0_size_1253_depth_27,R0,,4414933091355202877597435676959613639832460894022218793104420270220905549848796875/248661618204893321077691124073410420050228075398673858720231988446579748506266687766528,False,,True
width128__4_add128_err_0_size_1253_depth_27__ER__R1,128,4_add128_err_0_size_1253_depth_27,R1,,225524918335420163952899539035937999078759813198071634084690512939119453998225/15177100720513508366558296147058741458143803430094840009779784451085189728165691392,False,,True
width128__4_add128_err_0_size_1253_depth_27__ER__R2,128,4_add128_err_0_size_1253_depth_27,R2,,6592987819384277782001235982907180696404839774953861616439008714578038362481865625/497323236409786642155382248146820840100456150797347717440463976893159497012533375533056,False,,True
width128__4_add128_err_0_size_1253_depth_27__ER__R3,128,4_add128_err_0_size_1253_depth_27,R3,,1766617708026152940349054468222181709592559849550420204094285226240281670836238315625/254629497041810760783555711051172270131433549208242031329517556169297662470417088272924672,False,,True
width128__4_add128_err_0_size_1253_depth_27__ER__R4,128,4_add128_err_0_size_1253_depth_27,R4,,5251207095341416606190317752811992660458272909813264480054757548751761599739475625/124330809102446660538845562036705210025114037699336929360115994223289874253133343883264,False,,True
width128__4_add128_err_0_size_1253_depth_27__ER__R5,128,4_add128_err_0_size_1253_depth_27,R5,,85518421865437674296138442000754224978228952301362550449982578000066853681009375/15541351137805832567355695254588151253139254712417116170014499277911234281641667985408,False,,True
width128__4_add128_err_0_size_1253_depth_27__ER__R6,128,4_add128_err_0_size_1253_depth_27,R6,,16995856569460204542281017882149118884420597101062068464503899079048356144381771875/248661618204893321077691124073410420050228075398673858720231988446579748506266687766528,False,,True
width128__4_add128_err_0_size_1253_depth_27__ER__R7,128,4_add128_err_0_size_1253_depth_27,R7,,430924524858751702142745452465259582581778642434337763622990783186537916990625/30354201441027016733116592294117482916287606860189680019559568902170379456331382784,False,,True
width128__4_add128_err_0_size_1253_depth_27__ER__R8,128,4_add128_err_0_size_1253_depth_27,R8,,862041820376067441931054250576940354812295746683421265841723092738465015625/14821387422376473014217086081112052205218558037201992197050570753012880593911808,False,,True
width128__4_add128_err_0_size_1253_depth_27__ER__R9,128,4_add128_err_0_size_1253_depth_27,R9,,390564007224701837493478020177383897848711639108732677317308269636360189247207308625/63657374260452690195888927762793067532858387302060507832379389042324415617604272068231168,False,,True
width128__6_add128_err_0.00038147_size_1248_depth_27__ER__D0,128,6_add128_err_0.00038147_size_1248_depth_27,D0,328802735714518153929162975/1267650600228229401496703205376,328802735714518153929162975/1267650600228229401496703205376,False,True,False
width128__6_add128_err_0.00038147_size_1248_depth_27__ER__D1,128,6_add128_err_0.00038147_size_1248_depth_27,D1,12550709032169750411039332584741103747620591652138746610553952841888025554495172079/7957171782556586274486115970349133441607298412757563479047423630290551952200534008528896,12550709032169750411039332584741103747620591652138746610553952841888025554495172079/7957171782556586274486115970349133441607298412757563479047423630290551952200534008528896,False,True,False
width128__6_add128_err_0.00038147_size_1248_depth_27__ER__D2,128,6_add128_err_0.00038147_size_1248_depth_27,D2,112956018319114133095210459815917952567325528021690736355140466991793855048989440591/7957171782556586274486115970349133441607298412757563479047423630290551952200534008528896,112956018319114133095210459815917952567325528021690736355140466991793855048989440591/7957171782556586274486115970349133441607298412757563479047423630290551952200534008528896,False,True,False
width128__6_add128_err_0.00038147_size_1248_depth_27__ER__D3,128,6_add128_err_0.00038147_size_1248_depth_27,D3,85572816144718678135345913451940418913330385683033508850472251419985766826099227375/7957171782556586274486115970349133441607298412757563479047423630290551952200534008528896,85572816144718678135345913451940418913330385683033508850472251419985766826099227375/7957171782556586274486115970349133441607298412757563479047423630290551952200534008528896,False,True,False
width128__6_add128_err_0.00038147_size_1248_depth_27__ER__D4,128,6_add128_err_0.00038147_size_1248_depth_27,D4,32536562376395551241909800599234932899450455521196187486627592718636327089675537109375/7957171782556586274486115970349133441607298412757563479047423630290551952200534008528896,32536562376395551241909800599234932899450455521196187486627592718636327089675537109375/7957171782556586274486115970349133441607298412757563479047423630290551952200534008528896,False,True,False
width128__6_add128_err_0.00038147_size_1248_depth_27__ER__D5,128,6_add128_err_0.00038147_size_1248_depth_27,D5,32536562376395551241909800599234932899450455521196187486627592718636327089675537109375/7957171782556586274486115970349133441607298412757563479047423630290551952200534008528896,32536562376395551241909800599234932899450455521196187486627592718636327089675537109375/7957171782556586274486115970349133441607298412757563479047423630290551952200534008528896,False,True,False
width128__6_add128_err_0.00038147_size_1248_depth_27__ER__R0,128,6_add128_err_0.00038147_size_1248_depth_27,R0,153359116923251197028756356472530424795290085356048646743074873891073599433072316875/497323236409786642155382248146820840100456150797347717440463976893159497012533375533056,153359116923251197028756356472530424795290085356048646743074873891073599433072316875/497323236409786642155382248146820840100456150797347717440463976893159497012533375533056,False,True,False
width128__6_add128_err_0.00038147_size_1248_depth_27__ER__R1,128,6_add128_err_0.00038147_size_1248_depth_27,R1,12838696500304472310008588134860071720476631303641487961315796676227906200949157/30354201441027016733116592294117482916287606860189680019559568902170379456331382784,12838696500304472310008588134860071720476631303641487961315796676227906200949157/30354201441027016733116592294117482916287606860189680019559568902170379456331382784,False,True,False
width128__6_add128_err_0.00038147_size_1248_depth_27__ER__R2,128,6_add128_err_0.00038147_size_1248_depth_27,R2,450820050473696558783277720252928684594305711191288413909215736495716558858419949375/3978585891278293137243057985174566720803649206378781739523711815145275976100267004264448,450820050473696558783277720252928684594305711191288413909215736495716558858419949375/3978585891278293137243057985174566720803649206378781739523711815145275976100267004264448,False,True,False
width128__6_add128_err_0.00038147_size_1248_depth_27__ER__R3,128,6_add128_err_0.00038147_size_1248_depth_27,R3,60676106074376877058273779376402348792570640226625835457153413069762868917080470784375/509258994083621521567111422102344540262867098416484062659035112338595324940834176545849344,60676106074376877058273779376402348792570640226625835457153413069762868917080470784375/509258994083621521567111422102344540262867098416484062659035112338595324940834176545849344,False,True,False
width128__6_add128_err_0.00038147_size_1248_depth_27__ER__R4,128,6_add128_err_0.00038147_size_1248_depth_27,R4,50780866446087330992723854763797269507939656353592760669761562668441788352826685625/248661618204893321077691124073410420050228075398673858720231988446579748506266687766528,50780866446087330992723854763797269507939656353592760669761562668441788352826685625/248661618204893321077691124073410420050228075398673858720231988446579748506266687766528,False,True,False
width128__6_add128_err_0.00038147_size_1248_depth_27__ER__R5,128,6_add128_err_0.00038147_size_1248_depth_27,R5,2664670395849043365458033321604005123319456145964588552660061161184293465818525625/31082702275611665134711390509176302506278509424834232340028998555822468563283335970816,2664670395849043365458033321604005123319456145964588552660061161184293465818525625/31082702275611665134711390509176302506278509424834232340028998555822468563283335970816,False,True,False
width128__6_add128_err_0.00038147_size_1248_depth_27__ER__R6,128,6_add128_err_0.00038147_size_1248_depth_27,R6,177097573001748582235831129121452833542370230472256893617852750444609014878220005625/497323236409786642155382248146820840100456150797347717440463976893159497012533375533056,177097573001748582235831129121452833542370230472256893617852750444609014878220005625/497323236409786642155382248146820840100456150797347717440463976893159497012533375533056,False,True,False
width128__6_add128_err_0.00038147_size_1248_depth_27__ER__R7,128,6_add128_err_0.00038147_size_1248_depth_27,R7,32882871056839432428548248741589052662810881432587091881330550387560987700712375/242833611528216133864932738352939863330300854881517440156476551217363035650651062272,32882871056839432428548248741589052662810881432587091881330550387560987700712375/242833611528216133864932738352939863330300854881517440156476551217363035650651062272,False,True,False
width128__6_add128_err_0.00038147_size_1248_depth_27__ER__R8,128,6_add128_err_0.00038147_size_1248_depth_27,R8,2659044796325864398433016534247214434978456791576879650095907329346817638125/14821387422376473014217086081112052205218558037201992197050570753012880593911808,2659044796325864398433016534247214434978456791576879650095907329346817638125/14821387422376473014217086081112052205218558037201992197050570753012880593911808,False,True,False
width128__6_add128_err_0.00038147_size_1248_depth_27__ER__R9,128,6_add128_err_0.00038147_size_1248_depth_27,R9,6136284954201837593194919314825496945362970221971059210264329465826239292646718081875/127314748520905380391777855525586135065716774604121015664758778084648831235208544136462336,6136284954201837593194919314825496945362970221971059210264329465826239292646718081875/127314748520905380391777855525586135065716774604121015664758778084648831235208544136462336,False,True,False
width128__8_add128_err_0.00361633_size_1230_depth_27__ER__D0,128,8_add128_err_0.00361633_size_1230_depth_27,D0,5110675396288954552592436975/1267650600228229401496703205376,5110675396288954552592436975/1267650600228229401496703205376,False,True,False
width128__8_add128_err_0.00361633_size_1230_depth_27__ER__D1,128,8_add128_err_0.00361633_size_1230_depth_27,D1,628618640236164290343377970129241485470524295989652186803177948647185946583331503599/7957171782556586274486115970349133441607298412757563479047423630290551952200534008528896,628618640236164290343377970129241485470524295989652186803177948647185946583331503599/7957171782556586274486115970349133441607298412757563479047423630290551952200534008528896,False,True,False
width128__8_add128_err_0.00361633_size_1230_depth_27__ER__D2,128,8_add128_err_0.00361633_size_1230_depth_27,D2,5656656596614881297526722048826614629050709391394301575894894164055418463569050602063/7957171782556586274486115970349133441607298412757563479047423630290551952200534008528896,5656656596614881297526722048826614629050709391394301575894894164055418463569050602063/7957171782556586274486115970349133441607298412757563479047423630290551952200534008528896,False,True,False
width128__8_add128_err_0.00361633_size_1230_depth_27__ER__D3,128,8_add128_err_0.00361633_size_1230_depth_27,D3,4285534163048474352460205835497054993769345904314337468838719429897689541176671259375/7957171782556586274486115970349133441607298412757563479047423630290551952200534008528896,4285534163048474352460205835497054993769345904314337468838719429897689541176671259375/7957171782556586274486115970349133441607298412757563479047423630290551952200534008528896,False,True,False
width128__8_add128_err_0.00361633_size_1230_depth_27__ER__D4,128,8_add128_err_0.00361633_size_1230_depth_27,D4,200069896040996162737118307731962561087544571420375092988121515576338346930573137109375/7957171782556586274486115970349133441607298412757563479047423630290551952200534008528896,200069896040996162737118307731962561087544571420375092988121515576338346930573137109375/7957171782556586274486115970349133441607298412757563479047423630290551952200534008528896,False,True,False
width128__8_add128_err_0.00361633_size_1230_depth_27__ER__D5,128,8_add128_err_0.00361633_size_1230_depth_27,D5,200069896040996162737118307731962561087544571420375092988121515576338346930573137109375/7957171782556586274486115970349133441607298412757563479047423630290551952200534008528896,200069896040996162737118307731962561087544571420375092988121515576338346930573137109375/7957171782556586274486115970349133441607298412757563479047423630290551952200534008528896,False,True,False
width128__8_add128_err_0.00361633_size_1230_depth_27__ER__R0,128,8_add128_err_0.00361633_size_1230_depth_27,R0,2723647172411724449828306704699064367101417734680703741040201623100061018300231356875/497323236409786642155382248146820840100456150797347717440463976893159497012533375533056,2723647172411724449828306704699064367101417734680703741040201623100061018300231356875/497323236409786642155382248146820840100456150797347717440463976893159497012533375533056,False,True,False
width128__8_add128_err_0.00361633_size_1230_depth_27__ER__R1,128,8_add128_err_0.00361633_size_1230_depth_27,R1,212416748077400567115035206721755501247835142226914240214650850340999687675650469/30354201441027016733116592294117482916287606860189680019559568902170379456331382784,212416748077400567115035206721755501247835142226914240214650850340999687675650469/30354201441027016733116592294117482916287606860189680019559568902170379456331382784,False,True,False
width128__8_add128_err_0.00361633_size_1230_depth_27__ER__R2,128,8_add128_err_0.00361633_size_1230_depth_27,R2,8640266985924029830643017080533858647590854962546137941337460784239649591227757843775/3978585891278293137243057985174566720803649206378781739523711815145275976100267004264448,8640266985924029830643017080533858647590854962546137941337460784239649591227757843775/3978585891278293137243057985174566720803649206378781739523711815145275976100267004264448,False,True,False
width128__8_add128_err_0.00361633_size_1230_depth_27__ER__R3,128,8_add128_err_0.00361633_size_1230_depth_27,R3,1798471190395036619003742732018265099163836972334647984052401272572047465465788117453175/509258994083621521567111422102344540262867098416484062659035112338595324940834176545849344,1798471190395036619003742732018265099163836972334647984052401272572047465465788117453175/509258994083621521567111422102344540262867098416484062659035112338595324940834176545849344,False,True,False
width128__8_add128_err_0.00361633_size_1230_depth_27__ER__R4,128,8_add128_err_0.00361633_size_1230_depth_27,R4,1017699347874247449040127407671062947696519912165720608746108369066262397514515485625/248661618204893321077691124073410420050228075398673858720231988446579748506266687766528,1017699347874247449040127407671062947696519912165720608746108369066262397514515485625/248661618204893321077691124073410420050228075398673858720231988446579748506266687766528,False,True,False
width128__8_add128_err_0.00361633_size_1230_depth_27__ER__R5,128,8_add128_err_0.00361633_size_1230_depth_27,R5,73066579161828686653412572730240898376855867148730485469669157672925551861803421625/31082702275611665134711390509176302506278509424834232340028998555822468563283335970816,73066579161828686653412572730240898376855867148730485469669157672925551861803421625/31082702275611665134711390509176302506278509424834232340028998555822468563283335970816,False,True,False
width128__8_add128_err_0.00361633_size_1230_depth_27__ER__R6,128,8_add128_err_0.00361633_size_1230_depth_27,R6,3059657741589857467849457328936307084839823337754236757354294551004049695672121845625/497323236409786642155382248146820840100456150797347717440463976893159497012533375533056,3059657741589857467849457328936307084839823337754236757354294551004049695672121845625/497323236409786642155382248146820840100456150797347717440463976893159497012533375533056,False,True,False
width128__8_add128_err_0.00361633_size_1230_depth_27__ER__R7,128,8_add128_err_0.00361633_size_1230_depth_27,R7,669723892043999961309600910275096920703940540403364360711279193612113611823061175/242833611528216133864932738352939863330300854881517440156476551217363035650651062272,669723892043999961309600910275096920703940540403364360711279193612113611823061175/242833611528216133864932738352939863330300854881517440156476551217363035650651062272,False,True,False
width128__8_add128_err_0.00361633_size_1230_depth_27__ER__R8,128,8_add128_err_0.00361633_size_1230_depth_27,R8,38299666173441219041843805962655083424563359955631035290189024528712360914445/14821387422376473014217086081112052205218558037201992197050570753012880593911808,38299666173441219041843805962655083424563359955631035290189024528712360914445/14821387422376473014217086081112052205218558037201992197050570753012880593911808,False,True,False
width128__8_add128_err_0.00361633_size_1230_depth_27__ER__R9,128,8_add128_err_0.00361633_size_1230_depth_27,R9,82138863634103023859396616445734013449860960838350691814941307221512703122999307035475/127314748520905380391777855525586135065716774604121015664758778084648831235208544136462336,82138863634103023859396616445734013449860960838350691814941307221512703122999307035475/127314748520905380391777855525586135065716774604121015664758778084648831235208544136462336,False,True,False
width12__add12u_054__ER__D0,12,add12u_054,D0,7337/8192,7337/8192,False,True,False
width12__add12u_054__ER__D1,12,add12u_054,D1,270295955689/274877906944,270295955689/274877906944,False,True,False
width12__add12u_054__ER__D2,12,add12u_054,D2,234228701569/274877906944,234228701569/274877906944,False,True,False
width12__add12u_054__ER__D3,12,add12u_054,D3,255418359865/274877906944,255418359865/274877906944,False,True,False
width12__add12u_054__ER__D4,12,add12u_054,D4,242632840207/274877906944,242632840207/274877906944,False,True,False
width12__add12u_054__ER__D5,12,add12u_054,D5,245435328103/274877906944,245435328103/274877906944,False,True,False
width12__add12u_054__ER__R0,12,add12u_054,R0,4345336763080021/4503599627370496,4345336763080021/4503599627370496,False,True,False
width12__add12u_054__ER__R1,12,add12u_054,R1,58072260277/68719476736,58072260277/68719476736,False,True,False
width12__add12u_054__ER__R2,12,add12u_054,R2,65284507051/68719476736,65284507051/68719476736,False,True,False
width12__add12u_054__ER__R3,12,add12u_054,R3,502505481395/549755813888,502505481395/549755813888,False,True,False
width12__add12u_054__ER__R4,12,add12u_054,R4,32000865995987/35184372088832,32000865995987/35184372088832,False,True,False
width12__add12u_054__ER__R5,12,add12u_054,R5,15123716181625/17592186044416,15123716181625/17592186044416,False,True,False
width12__add12u_054__ER__R6,12,add12u_054,R6,1064437868517/1099511627776,1064437868517/1099511627776,False,True,False
width12__add12u_054__ER__R7,12,add12u_054,R7,29849392737075/35184372088832,29849392737075/35184372088832,False,True,False
width12__add12u_054__ER__R8,12,add12u_054,R8,1852853117/2147483648,1852853117/2147483648,False,True,False
width12__add12u_054__ER__R9,12,add12u_054,R9,4349300710033/4398046511104,4349300710033/4398046511104,False,True,False
width12__add12u_2MB__ER__D0,12,add12u_2MB,D0,2097151/2097152,2097151/2097152,False,True,False
width12__add12u_2MB__ER__D1,12,add12u_2MB,D1,4387586157901/4398046511104,4387586157901/4398046511104,False,True,False
width12__add12u_2MB__ER__D2,12,add12u_2MB,D2,4398046511103/4398046511104,4398046511103/4398046511104,False,True,False
width12__add12u_2MB__ER__D3,12,add12u_2MB,D3,4398046333957/4398046511104,4398046333957/4398046511104,False,True,False
width12__add12u_2MB__ER__D4,12,add12u_2MB,D4,4398046491421/4398046511104,4398046491421/4398046511104,False,True,False
width12__add12u_2MB__ER__D5,12,add12u_2MB,D5,4398045979663/4398046511104,4398045979663/4398046511104,False,True,False
width12__add12u_2MB__ER__R0,12,add12u_2MB,R0,18014398252183621/18014398509481984,18014398252183621/18014398509481984,False,True,False
width12__add12u_2MB__ER__R1,12,add12u_2MB,R1,8796092568419/8796093022208,8796092568419/8796093022208,False,True,False
width12__add12u_2MB__ER__R2,12,add12u_2MB,R2,4398042427003/4398046511104,4398042427003/4398046511104,False,True,False
width12__add12u_2MB__ER__R3,12,add12u_2MB,R3,4398046475383/4398046511104,4398046475383/4398046511104,False,True,False
width12__add12u_2MB__ER__R4,12,add12u_2MB,R4,562949953171265/562949953421312,562949953171265/562949953421312,False,True,False
width12__add12u_2MB__ER__R5,12,add12u_2MB,R5,1125899905783783/1125899906842624,1125899905783783/1125899906842624,False,True,False
width12__add12u_2MB__ER__R6,12,add12u_2MB,R6,281474948121949/281474976710656,281474948121949/281474976710656,False,True,False
width12__add12u_2MB__ER__R7,12,add12u_2MB,R7,140737488271979/140737488355328,140737488271979/140737488355328,False,True,False
width12__add12u_2MB__ER__R8,12,add12u_2MB,R8,1125899894590321/1125899906842624,1125899894590321/1125899906842624,False,True,False
width12__add12u_2MB__ER__R9,12,add12u_2MB,R9,140737459766621/140737488355328,140737459766621/140737488355328,False,True,False
width12__add12u_4FZ__ER__D0,12,add12u_4FZ,D0,151/256,151/256,False,True,False
width12__add12u_4FZ__ER__D1,12,add12u_4FZ,D1,42769/262144,42769/262144,False,True,False
width12__add12u_4FZ__ER__D2,12,add12u_4FZ,D2,241641/262144,241641/262144,False,True,False
width12__add12u_4FZ__ER__D3,12,add12u_4FZ,D3,181849/262144,181849/262144,False,True,False
width12__add12u_4FZ__ER__D4,12,add12u_4FZ,D4,131403/262144,131403/262144,False,True,False
width12__add12u_4FZ__ER__D5,12,add12u_4FZ,D5,131403/262144,131403/262144,False,True,False
width12__add12u_4FZ__ER__R0,12,add12u_4FZ,R0,5150341/16777216,5150341/16777216,False,True,False
width12__add12u_4FZ__ER__R1,12,add12u_4FZ,R1,15611/32768,15611/32768,False,True,False
width12__add12u_4FZ__ER__R2,12,add12u_4FZ,R2,46811/65536,46811/65536,False,True,False
width12__add12u_4FZ__ER__R3,12,add12u_4FZ,R3,232437/524288,232437/524288,False,True,False
width12__add12u_4FZ__ER__R4,12,add12u_4FZ,R4,2562921/4194304,2562921/4194304,False,True,False
width12__add12u_4FZ__ER__R5,12,add12u_4FZ,R5,215747/262144,215747/262144,False,True,False
width12__add12u_4FZ__ER__R6,12,add12u_4FZ,R6,6913/16384,6913/16384,False,True,False
width12__add12u_4FZ__ER__R7,12,add12u_4FZ,R7,1561847/2097152,1561847/2097152,False,True,False
width12__add12u_4FZ__ER__R8,12,add12u_4FZ,R8,890941/1048576,890941/1048576,False,True,False
width12__add12u_4FZ__ER__R9,12,add12u_4FZ,R9,1362453/2097152,1362453/2097152,False,True,False
width12__add12u_4R6__ER__D0,12,add12u_4R6,D0,89/128,89/128,False,True,False
width12__add12u_4R6__ER__D1,12,add12u_4R6,D1,568007/2097152,568007/2097152,False,True,False
width12__add12u_4R6__ER__D2,12,add12u_4R6,D2,2026095/2097152,2026095/2097152,False,True,False
width12__add12u_4R6__ER__D3,12,add12u_4R6,D3,1575743/2097152,1575743/2097152,False,True,False
width12__add12u_4R6__ER__D4,12,add12u_4R6,D4,1302189/2097152,1302189/2097152,False,True,False
width12__add12u_4R6__ER__D5,12,add12u_4R6,D5,1352889/2097152,1352889/2097152,False,True,False
width12__add12u_4R6__ER__R0,12,add12u_4R6,R0,221661001/268435456,221661001/268435456,False,True,False
width12__add12u_4R6__ER__R1,12,add12u_4R6,R1,1373/2048,1373/2048,False,True,False
width12__add12u_4R6__ER__R2,12,add12u_4R6,R2,524731/1048576,524731/1048576,False,True,False
width12__add12u_4R6__ER__R3,12,add12u_4R6,R3,1529045/2097152,1529045/2097152,False,True,False
width12__add12u_4R6__ER__R4,12,add12u_4R6,R4,21295907/33554432,21295907/33554432,False,True,False
width12__add12u_4R6__ER__R5,12,add12u_4R6,R5,6296801/8388608,6296801/8388608,False,True,False
width12__add12u_4R6__ER__R6,12,add12u_4R6,R6,296263/524288,296263/524288,False,True,False
width12__add12u_4R6__ER__R7,12,add12u_4R6,R7,3674209/4194304,3674209/4194304,False,True,False
width12__add12u_4R6__ER__R8,12,add12u_4R6,R8,21646929/33554432,21646929/33554432,False,True,False
width12__add12u_4R6__ER__R9,12,add12u_4R6,R9,5418687/16777216,5418687/16777216,False,True,False
width12__add12u_4RF__ER__D0,12,add12u_4RF,D0,1/4,1/4,False,True,False
width12__add12u_4RF__ER__D1,12,add12u_4RF,D1,3/64,3/64,False,True,False
width12__add12u_4RF__ER__D2,12,add12u_4RF,D2,27/64,27/64,False,True,False
width12__add12u_4RF__ER__D3,12,add12u_4RF,D3,15/64,15/64,False,True,False
width12__add12u_4RF__ER__D4,12,add12u_4RF,D4,15/64,15/64,False,True,False
width12__add12u_4RF__ER__D5,12,add12u_4RF,D5,15/64,15/64,False,True,False
width12__add12u_4RF__ER__R0,12,add12u_4RF,R0,25/512,25/512,False,True,False
width12__add12u_4RF__ER__R1,12,add12u_4RF,R1,5/64,5/64,False,True,False
width12__add12u_4RF__ER__R2,12,add12u_4RF,R2,15/64,15/64,False,True,False
width12__add12u_4RF__ER__R3,12,add12u_4RF,R3,59/256,59/256,False,True,False
width12__add12u_4RF__ER__R4,12,add12u_4RF,R4,101/256,101/256,False,True,False
width12__add12u_4RF__ER__R5,12,add12u_4RF,R5,55/128,55/128,False,True,False
width12__add12u_4RF__ER__R6,12,add12u_4RF,R6,1/4,1/4,False,True,False
width12__add12u_4RF__ER__R7,12,add12u_4RF,R7,83/512,83/512,False,True,False
width12__add12u_4RF__ER__R8,12,add12u_4RF,R8,77/256,77/256,False,True,False
width12__add12u_4RF__ER__R9,12,add12u_4RF,R9,81/256,81/256,False,True,False
width12__add12u_4XD__ER__D0,12,add12u_4XD,D0,47/128,47/128,False,True,False
width12__add12u_4XD__ER__D1,12,add12u_4XD,D1,31803/524288,31803/524288,False,True,False
width12__add12u_4XD__ER__D2,12,add12u_4XD,D2,286227/524288,286227/524288,False,True,False
width12__add12u_4XD__ER__D3,12,add12u_4XD,D3,172155/524288,172155/524288,False,True,False
width12__add12u_4XD__ER__D4,12,add12u_4XD,D4,209655/524288,209655/524288,False,True,False
width12__add12u_4XD__ER__D5,12,add12u_4XD,D5,209655/524288,209655/524288,False,True,False
width12__add12u_4XD__ER__R0,12,add12u_4XD,R0,35149723/134217728,35149723/134217728,False,True,False
width12__add12u_4XD__ER__R1,12,add12u_4XD,R1,2803/8192,2803/8192,False,True,False
width12__add12u_4XD__ER__R2,12,add12u_4XD,R2,823/4096,823/4096,False,True,False
width12__add12u_4XD__ER__R3,12,add12u_4XD,R3,52885/131072,52885/131072,False,True,False
width12__add12u_4XD__ER__R4,12,add12u_4XD,R4,605025/2097152,605025/2097152,False,True,False
width12__add12u_4XD__ER__R5,12,add12u_4XD,R5,76645/131072,76645/131072,False,True,False
width12__add12u_4XD__ER__R6,12,add12u_4XD,R6,2071/16384,2071/16384,False,True,False
width12__add12u_4XD__ER__R7,12,add12u_4XD,R7,357541/524288,357541/524288,False,True,False
width12__add12u_4XD__ER__R8,12,add12u_4XD,R8,212965/1048576,212965/1048576,False,True,False
width12__add12u_4XD__ER__R9,12,add12u_4XD,R9,281943/2097152,281943/2097152,False,True,False
width12__add12u_4YK__ER__D0,12,add12u_4YK,D0,51/128,51/128,False,True,False
width12__add12u_4YK__ER__D1,12,add12u_4YK,D1,10197/131072,10197/131072,False,True,False
width12__add12u_4YK__ER__D2,12,add12u_4YK,D2,79461/131072,79461/131072,False,True,False
width12__add12u_4YK__ER__D3,12,add12u_4YK,D3,53013/131072,53013/131072,False,True,False
width12__add12u_4YK__ER__D4,12,add12u_4YK,D4,50955/131072,50955/131072,False,True,False
width12__add12u_4YK__ER__D5,12,add12u_4YK,D5,50955/131072,50955/131072,False,True,False
width12__add12u_4YK__ER__R0,12,add12u_4YK,R0,1065759/8388608,1065759/8388608,False,True,False
width12__add12u_4YK__ER__R1,12,add12u_4YK,R1,6541/16384,6541/16384,False,True,False
width12__add12u_4YK__ER__R2,12,add12u_4YK,R2,879/2048,879/2048,False,True,False
width12__add12u_4YK__ER__R3,12,add12u_4YK,R3,84391/262144,84391/262144,False,True,False
width12__add12u_4YK__ER__R4,12,add12u_4YK,R4,1114017/2097152,1114017/2097152,False,True,False
width12__add12u_4YK__ER__R5,12,add12u_4YK,R5,84613/131072,84613/131072,False,True,False
width12__add12u_4YK__ER__R6,12,add12u_4YK,R6,1209/4096,1209/4096,False,True,False
width12__add12u_4YK__ER__R7,12,add12u_4YK,R7,645085/1048576,645085/1048576,False,True,False
width12__add12u_4YK__ER__R8,12,add12u_4YK,R8,67009/131072,67009/131072,False,True,False
width12__add12u_4YK__ER__R9,12,add12u_4YK,R9,343921/1048576,343921/1048576,False,True,False
width12__add12u_4YR__ER__D0,12,add12u_4YR,D0,63/128,63/128,False,True,False
width12__add12u_4YR__ER__D1,12,add12u_4YR,D1,52283/524288,52283/524288,False,True,False
width12__add12u_4YR__ER__D2,12,add12u_4YR,D2,470547/524288,470547/524288,False,True,False
width12__add12u_4YR__ER__D3,12,add12u_4YR,D3,356475/524288,356475/524288,False,True,False
width12__add12u_4YR__ER__D4,12,add12u_4YR,D4,246519/524288,246519/524288,False,True,False
width12__add12u_4YR__ER__D5,12,add12u_4YR,D5,246519/524288,246519/524288,False,True,False
width12__add12u_4YR__ER__R0,12,add12u_4YR,R0,105797531/134217728,105797531/134217728,False,True,False
width12__add12u_4YR__ER__R1,12,add12u_4YR,R1,2995/8192,2995/8192,False,True,False
width12__add12u_4YR__ER__R2,12,add12u_4YR,R2,951/4096,951/4096,False,True,False
width12__add12u_4YR__ER__R3,12,add12u_4YR,R3,81557/131072,81557/131072,False,True,False
width12__add12u_4YR__ER__R4,12,add12u_4YR,R4,645985/2097152,645985/2097152,False,True,False
width12__add12u_4YR__ER__R5,12,add12u_4YR,R5,89189/131072,89189/131072,False,True,False
width12__add12u_4YR__ER__R6,12,add12u_4YR,R6,4871/16384,4871/16384,False,True,False
width12__add12u_4YR__ER__R7,12,add12u_4YR,R7,400549/524288,400549/524288,False,True,False
width12__add12u_4YR__ER__R8,12,add12u_4YR,R8,220133/1048576,220133/1048576,False,True,False
width12__add12u_4YR__ER__R9,12,add12u_4YR,R9,478551/2097152,478551/2097152,False,True,False
width16__10_add16_err_0.566452_size_105_depth_13__ER__D0,16,10_add16_err_0.566452_size_105_depth_13,D0,37195/65536,37195/65536,False,True,False
width16__10_add16_err_0.566452_size_105_depth_13__ER__D1,16,10_add16_err_0.566452_size_105_depth_13,D1,171724539511/1099511627776,171724539511/1099511627776,False,True,False
width16__10_add16_err_0.566452_size_105_depth_13__ER__D2,16,10_add16_err_0.566452_size_105_depth_13,D2,909711487575/1099511627776,909711487575/1099511627776,False,True,False
width16__10_add16_err_0.566452_size_105_depth_13__ER__D3,16,10_add16_err_0.566452_size_105_depth_13,D3,567238744351/1099511627776,567238744351/1099511627776,False,True,False
width16__10_add16_err_0.566452_size_105_depth_13__ER__D4,16,10_add16_err_0.566452_size_105_depth_13,D4,578532950583/1099511627776,578532950583/1099511627776,False,True,False
width16__10_add16_err_0.566452_size_105_depth_13__ER__D5,16,10_add16_err_0.566452_size_105_depth_13,D5,578532950583/1099511627776,578532950583/1099511627776,False,True,False
width16__10_add16_err_0.566452_size_105_depth_13__ER__R0,16,10_add16_err_0.566452_size_105_depth_13,R0,161167621695383/562949953421312,161167621695383/562949953421312,False,True,False
width16__10_add16_err_0.566452_size_105_depth_13__ER__R1,16,10_add16_err_0.566452_size_105_depth_13,R1,213030271363/549755813888,213030271363/549755813888,False,True,False
width16__10_add16_err_0.566452_size_105_depth_13__ER__R2,16,10_add16_err_0.566452_size_105_depth_13,R2,104934478821/137438953472,104934478821/137438953472,False,True,False
width16__10_add16_err_0.566452_size_105_depth_13__ER__R3,16,10_add16_err_0.566452_size_105_depth_13,R3,10472924848229/17592186044416,10472924848229/17592186044416,False,True,False
width16__10_add16_err_0.566452_size_105_depth_13__ER__R4,16,10_add16_err_0.566452_size_105_depth_13,R4,2569626484039/4398046511104,2569626484039/4398046511104,False,True,False
width16__10_add16_err_0.566452_size_105_depth_13__ER__R5,16,10_add16_err_0.566452_size_105_depth_13,R5,5154854975111/8796093022208,5154854975111/8796093022208,False,True,False
width16__10_add16_err_0.566452_size_105_depth_13__ER__R6,16,10_add16_err_0.566452_size_105_depth_13,R6,391643791254291/562949953421312,391643791254291/562949953421312,False,True,False
width16__10_add16_err_0.566452_size_105_depth_13__ER__R7,16,10_add16_err_0.566452_size_105_depth_13,R7,11117406927981/17592186044416,11117406927981/17592186044416,False,True,False
width16__10_add16_err_0.566452_size_105_depth_13__ER__R8,16,10_add16_err_0.566452_size_105_depth_13,R8,439983242117/1099511627776,439983242117/1099511627776,False,True,False
width16__10_add16_err_0.566452_size_105_depth_13__ER__R9,16,10_add16_err_0.566452_size_105_depth_13,R9,3430976993041/4398046511104,3430976993041/4398046511104,False,True,False
width16__1_add16_err_0.00215149_size_143_depth_16__ER__D0,16,1_add16_err_0.00215149_size_143_depth_16,D0,255/131072,255/131072,False,True,False
width16__1_add16_err_0.00215149_size_143_depth_16__ER__D1,16,1_add16_err_0.00215149_size_143_depth_16,D1,22006453491/562949953421312,22006453491/562949953421312,False,True,False
width16__1_add16_err_0.00215149_size_143_depth_16__ER__D2,16,1_add16_err_0.00215149_size_143_depth_16,D2,198058081419/562949953421312,198058081419/562949953421312,False,True,False
width16__1_add16_err_0.00215149_size_143_depth_16__ER__D3,16,1_add16_err_0.00215149_size_143_depth_16,D3,150044001075/562949953421312,150044001075/562949953421312,False,True,False
width16__1_add16_err_0.00215149_size_143_depth_16__ER__D4,16,1_add16_err_0.00215149_size_143_depth_16,D4,6401012109375/562949953421312,6401012109375/562949953421312,False,True,False
width16__1_add16_err_0.00215149_size_143_depth_16__ER__D5,16,1_add16_err_0.00215149_size_143_depth_16,D5,6401012109375/562949953421312,6401012109375/562949953421312,False,True,False
width16__1_add16_err_0.00215149_size_143_depth_16__ER__R0,16,1_add16_err_0.00215149_size_143_depth_16,R0,28454381768505/72057594037927936,28454381768505/72057594037927936,False,True,False
width16__1_add16_err_0.00215149_size_143_depth_16__ER__R1,16,1_add16_err_0.00215149_size_143_depth_16,R1,687229860625/562949953421312,687229860625/562949953421312,False,True,False
width16__1_add16_err_0.00215149_size_143_depth_16__ER__R2,16,1_add16_err_0.00215149_size_143_depth_16,R2,719856225/549755813888,719856225/549755813888,False,True,False
width16__1_add16_err_0.00215149_size_143_depth_16__ER__R3,16,1_add16_err_0.00215149_size_143_depth_16,R3,3923338216875/4503599627370496,3923338216875/4503599627370496,False,True,False
width16__1_add16_err_0.00215149_size_143_depth_16__ER__R4,16,1_add16_err_0.00215149_size_143_depth_16,R4,5831267921875/1125899906842624,5831267921875/1125899906842624,False,True,False
width16__1_add16_err_0.00215149_size_143_depth_16__ER__R5,16,1_add16_err_0.00215149_size_143_depth_16,R5,17139787688925/4503599627370496,17139787688925/4503599627370496,False,True,False
width16__1_add16_err_0.00215149_size_143_depth_16__ER__R6,16,1_add16_err_0.00215149_size_143_depth_16,R6,93138847869375/144115188075855872,93138847869375/144115188075855872,False,True,False
width16__1_add16_err_0.00215149_size_143_depth_16__ER__R7,16,1_add16_err_0.00215149_size_143_depth_16,R7,49868262626875/36028797018963968,49868262626875/36028797018963968,False,True,False
width16__1_add16_err_0.00215149_size_143_depth_16__ER__R8,16,1_add16_err_0.00215149_size_143_depth_16,R8,833156121875/4503599627370496,833156121875/4503599627370496,False,True,False
width16__1_add16_err_0.00215149_size_143_depth_16__ER__R9,16,1_add16_err_0.00215149_size_143_depth_16,R9,346577937475/281474976710656,346577937475/281474976710656,False,True,False
width16__2_add16_err_0.0311737_size_138_depth_13__ER__D0,16,2_add16_err_0.0311737_size_138_depth_13,D0,255/8192,255/8192,False,True,False
width16__2_add16_err_0.0311737_size_138_depth_13__ER__D1,16,2_add16_err_0.0311737_size_138_depth_13,D1,271684611/137438953472,271684611/137438953472,False,True,False
width16__2_add16_err_0.0311737_size_138_depth_13__ER__D2,16,2_add16_err_0.0311737_size_138_depth_13,D2,2445161499/137438953472,2445161499/137438953472,False,True,False
width16__2_add16_err_0.0311737_size_138_depth_13__ER__D3,16,2_add16_err_0.0311737_size_138_depth_13,D3,1852395075/137438953472,1852395075/137438953472,False,True,False
width16__2_add16_err_0.0311737_size_138_depth_13__ER__D4,16,2_add16_err_0.0311737_size_138_depth_13,D4,10241619375/137438953472,10241619375/137438953472,False,True,False
width16__2_add16_err_0.0311737_size_138_depth_13__ER__D5,16,2_add16_err_0.0311737_size_138_depth_13,D5,10241619375/137438953472,10241619375/137438953472,False,True,False
width16__2_add16_err_0.0311737_size_138_depth_13__ER__R0,16,2_add16_err_0.0311737_size_138_depth_13,R0,88868073327/2199023255552,88868073327/2199023255552,False,True,False
width16__2_add16_err_0.0311737_size_138_depth_13__ER__R1,16,2_add16_err_0.0311737_size_138_depth_13,R1,1496583475/137438953472,1496583475/137438953472,False,True,False
width16__2_add16_err_0.0311737_size_138_depth_13__ER__R2,16,2_add16_err_0.0311737_size_138_depth_13,R2,120708665/8589934592,120708665/8589934592,False,True,False
width16__2_add16_err_0.0311737_size_138_depth_13__ER__R3,16,2_add16_err_0.0311737_size_138_depth_13,R3,4635861945/1099511627776,4635861945/1099511627776,False,True,False
width16__2_add16_err_0.0311737_size_138_depth_13__ER__R4,16,2_add16_err_0.0311737_size_138_depth_13,R4,1755581815/68719476736,1755581815/68719476736,False,True,False
width16__2_add16_err_0.0311737_size_138_depth_13__ER__R5,16,2_add16_err_0.0311737_size_138_depth_13,R5,1857243855/274877906944,1857243855/274877906944,False,True,False
width16__2_add16_err_0.0311737_size_138_depth_13__ER__R6,16,2_add16_err_0.0311737_size_138_depth_13,R6,24961398432025/140737488355328,24961398432025/140737488355328,False,True,False
width16__2_add16_err_0.0311737_size_138_depth_13__ER__R7,16,2_add16_err_0.0311737_size_138_depth_13,R7,904217473775/70368744177664,904217473775/70368744177664,False,True,False
width16__2_add16_err_0.0311737_size_138_depth_13__ER__R8,16,2_add16_err_0.0311737_size_138_depth_13,R8,104906797875/2199023255552,104906797875/2199023255552,False,True,False
width16__2_add16_err_0.0311737_size_138_depth_13__ER__R9,16,2_add16_err_0.0311737_size_138_depth_13,R9,128669821/4294967296,128669821/4294967296,False,True,False
width16__3_add16_err_0.0585022_size_127_depth_13__ER__D0,16,3_add16_err_0.0585022_size_127_depth_13,D0,15/256,15/256,False,True,False
width16__3_add16_err_0.0585022_size_127_depth_13__ER__D1,16,3_add16_err_0.0585022_size_127_depth_13,D1,65043/16777216,65043/16777216,False,True,False
width16__3_add16_err_0.0585022_size_127_depth_13__ER__D2,16,3_add16_err_0.0585022_size_127_depth_13,D2,585387/16777216,585387/16777216,False,True,False
width16__3_add16_err_0.0585022_size_127_depth_13__ER__D3,16,3_add16_err_0.0585022_size_127_depth_13,D3,443475/16777216,443475/16777216,False,True,False
width16__3_add16_err_0.0585022_size_127_depth_13__ER__D4,16,3_add16_err_0.0585022_size_127_depth_13,D4,2169375/16777216,2169375/16777216,False,True,False
width16__3_add16_err_0.0585022_size_127_depth_13__ER__D5,16,3_add16_err_0.0585022_size_127_depth_13,D5,2169375/16777216,2169375/16777216,False,True,False
width16__3_add16_err_0.0585022_size_127_depth_13__ER__R0,16,3_add16_err_0.0585022_size_127_depth_13,R0,50193363/1073741824,50193363/1073741824,False,True,False
width16__3_add16_err_0.0585022_size_127_depth_13__ER__R1,16,3_add16_err_0.0585022_size_127_depth_13,R1,558245/33554432,558245/33554432,False,True,False
width16__3_add16_err_0.0585022_size_127_depth_13__ER__R2,16,3_add16_err_0.0585022_size_127_depth_13,R2,1147575/33554432,1147575/33554432,False,True,False
width16__3_add16_err_0.0585022_size_127_depth_13__ER__R3,16,3_add16_err_0.0585022_size_127_depth_13,R3,14185965/536870912,14185965/536870912,False,True,False
width16__3_add16_err_0.0585022_size_127_depth_13__ER__R4,16,3_add16_err_0.0585022_size_127_depth_13,R4,319805/2097152,319805/2097152,False,True,False
width16__3_add16_err_0.0585022_size_127_depth_13__ER__R5,16,3_add16_err_0.0585022_size_127_depth_13,R5,12270945/268435456,12270945/268435456,False,True,False
width16__3_add16_err_0.0585022_size_127_depth_13__ER__R6,16,3_add16_err_0.0585022_size_127_depth_13,R6,1898946775/8589934592,1898946775/8589934592,False,True,False
width16__3_add16_err_0.0585022_size_127_depth_13__ER__R7,16,3_add16_err_0.0585022_size_127_depth_13,R7,119017745/4294967296,119017745/4294967296,False,True,False
width16__3_add16_err_0.0585022_size_127_depth_13__ER__R8,16,3_add16_err_0.0585022_size_127_depth_13,R8,3949825/67108864,3949825/67108864,False,True,False
width16__3_add16_err_0.0585022_size_127_depth_13__ER__R9,16,3_add16_err_0.0585022_size_127_depth_13,R9,2000357/33554432,2000357/33554432,False,True,False
width16__4_add16_err_0.125626_size_123_depth_13__ER__D0,16,4_add16_err_0.125626_size_123_depth_13,D0,8313/65536,8313/65536,False,True,False
width16__4_add16_err_0.125626_size_123_depth_13__ER__D1,16,4_add16_err_0.125626_size_123_depth_13,D1,37718557659/1099511627776,37718557659/1099511627776,False,True,False
width16__4_add16_err_0.125626_size_123_depth_13__ER__D2,16,4_add16_err_0.125626_size_123_depth_13,D2,64178684667/1099511627776,64178684667/1099511627776,False,True,False
width16__4_add16_err_0.125626_size_123_depth_13__ER__D3,16,4_add16_err_0.125626_size_123_depth_13,D3,164652946515/1099511627776,164652946515/1099511627776,False,True,False
width16__4_add16_err_0.125626_size_123_depth_13__ER__D4,16,4_add16_err_0.125626_size_123_depth_13,D4,197252935035/1099511627776,197252935035/1099511627776,False,True,False
width16__4_add16_err_0.125626_size_123_depth_13__ER__D5,16,4_add16_err_0.125626_size_123_depth_13,D5,197252935035/1099511627776,197252935035/1099511627776,False,True,False
width16__4_add16_err_0.125626_size_123_depth_13__ER__R0,16,4_add16_err_0.125626_size_123_depth_13,R0,76080781999213/1125899906842624,76080781999213/1125899906842624,False,True,False
width16__4_add16_err_0.125626_size_123_depth_13__ER__R1,16,4_add16_err_0.125626_size_123_depth_13,R1,69846329277/2199023255552,69846329277/2199023255552,False,True,False
width16__4_add16_err_0.125626_size_123_depth_13__ER__R2,16,4_add16_err_0.125626_size_123_depth_13,R2,13546222107/68719476736,13546222107/68719476736,False,True,False
width16__4_add16_err_0.125626_size_123_depth_13__ER__R3,16,4_add16_err_0.125626_size_123_depth_13,R3,581056883945/17592186044416,581056883945/17592186044416,False,True,False
width16__4_add16_err_0.125626_size_123_depth_13__ER__R4,16,4_add16_err_0.125626_size_123_depth_13,R4,102498827987/549755813888,102498827987/549755813888,False,True,False
width16__4_add16_err_0.125626_size_123_depth_13__ER__R5,16,4_add16_err_0.125626_size_123_depth_13,R5,3030876520505/35184372088832,3030876520505/35184372088832,False,True,False
width16__4_add16_err_0.125626_size_123_depth_13__ER__R6,16,4_add16_err_0.125626_size_123_depth_13,R6,17998796683505/70368744177664,17998796683505/70368744177664,False,True,False
width16__4_add16_err_0.125626_size_123_depth_13__ER__R7,16,4_add16_err_0.125626_size_123_depth_13,R7,2822330138805/70368744177664,2822330138805/70368744177664,False,True,False
width16__4_add16_err_0.125626_size_123_depth_13__ER__R8,16,4_add16_err_0.125626_size_123_depth_13,R8,147772184943/2199023255552,147772184943/2199023255552,False,True,False
width16__4_add16_err_0.125626_size_123_depth_13__ER__R9,16,4_add16_err_0.125626_size_123_depth_13,R9,516345189629/4398046511104,516345189629/4398046511104,False,True,False
width16__5_add16_err_0.204422_size_119_depth_13__ER__D0,16,5_add16_err_0.204422_size_119_depth_13,D0,843/4096,843/4096,False,True,False
width16__5_add16_err_0.204422_size_119_depth_13__ER__D1,16,5_add16_err_0.204422_size_119_depth_13,D1,12580125399/274877906944,12580125399/274877906944,False,True,False
width16__5_add16_err_0.204422_size_119_depth_13__ER__D2,16,5_add16_err_0.204422_size_119_depth_13,D2,44128596231/274877906944,44128596231/274877906944,False,True,False
width16__5_add16_err_0.204422_size_119_depth_13__ER__D3,16,5_add16_err_0.204422_size_119_depth_13,D3,60290744535/274877906944,60290744535/274877906944,False,True,False
width16__5_add16_err_0.204422_size_119_depth_13__ER__D4,16,5_add16_err_0.204422_size_119_depth_13,D4,73436835615/274877906944,73436835615/274877906944,False,True,False
width16__5_add16_err_0.204422_size_119_depth_13__ER__D5,16,5_add16_err_0.204422_size_119_depth_13,D5,73436835615/274877906944,73436835615/274877906944,False,True,False
width16__5_add16_err_0.204422_size_119_depth_13__ER__R0,16,5_add16_err_0.204422_size_119_depth_13,R0,15607262977001/140737488355328,15607262977001/140737488355328,False,True,False
width16__5_add16_err_0.204422_size_119_depth_13__ER__R1,16,5_add16_err_0.204422_size_119_depth_13,R1,11451066147/137438953472,11451066147/137438953472,False,True,False
width16__5_add16_err_0.204422_size_119_depth_13__ER__R2,16,5_add16_err_0.204422_size_119_depth_13,R2,931122757/4294967296,931122757/4294967296,False,True,False
width16__5_add16_err_0.204422_size_119_depth_13__ER__R3,16,5_add16_err_0.204422_size_119_depth_13,R3,222203070317/4398046511104,222203070317/4398046511104,False,True,False
width16__5_add16_err_0.204422_size_119_depth_13__ER__R4,16,5_add16_err_0.204422_size_119_depth_13,R4,76008850209/274877906944,76008850209/274877906944,False,True,False
width16__5_add16_err_0.204422_size_119_depth_13__ER__R5,16,5_add16_err_0.204422_size_119_depth_13,R5,860800393805/8796093022208,860800393805/8796093022208,False,True,False
width16__5_add16_err_0.204422_size_119_depth_13__ER__R6,16,5_add16_err_0.204422_size_119_depth_13,R6,6918564971659/17592186044416,6918564971659/17592186044416,False,True,False
width16__5_add16_err_0.204422_size_119_depth_13__ER__R7,16,5_add16_err_0.204422_size_119_depth_13,R7,354940303635/4398046511104,354940303635/4398046511104,False,True,False
width16__5_add16_err_0.204422_size_119_depth_13__ER__R8,16,5_add16_err_0.204422_size_119_depth_13,R8,21492472973/137438953472,21492472973/137438953472,False,True,False
width16__5_add16_err_0.204422_size_119_depth_13__ER__R9,16,5_add16_err_0.204422_size_119_depth_13,R9,31691608255/137438953472,31691608255/137438953472,False,True,False
width16__6_add16_err_0.298309_size_116_depth_13__ER__D0,16,6_add16_err_0.298309_size_116_depth_13,D0,2463/8192,2463/8192,False,True,False
width16__6_add16_err_0.298309_size_116_depth_13__ER__D1,16,6_add16_err_0.298309_size_116_depth_13,D1,37230049011/549755813888,37230049011/549755813888,False,True,False
width16__6_add16_err_0.298309_size_116_depth_13__ER__D2,16,6_add16_err_0.298309_size_116_depth_13,D2,185105358459/549755813888,185105358459/549755813888,False,True,False
width16__6_add16_err_0.298309_size_116_depth_13__ER__D3,16,6_add16_err_0.298309_size_116_depth_13,D3,130549164915/549755813888,130549164915/549755813888,False,True,False
width16__6_add16_err_0.298309_size_116_depth_13__ER__D4,16,6_add16_err_0.298309_size_116_depth_13,D4,187935083895/549755813888,187935083895/549755813888,False,True,False
width16__6_add16_err_0.298309_size_116_depth_13__ER__D5,16,6_add16_err_0.298309_size_116_depth_13,D5,187935083895/549755813888,187935083895/549755813888,False,True,False
width16__6_add16_err_0.298309_size_116_depth_13__ER__R0,16,6_add16_err_0.298309_size_116_depth_13,R0,203712194786383/1125899906842624,203712194786383/1125899906842624,False,True,False
width16__6_add16_err_0.298309_size_116_depth_13__ER__R1,16,6_add16_err_0.298309_size_116_depth_13,R1,28046805619/274877906944,28046805619/274877906944,False,True,False
width16__6_add16_err_0.298309_size_116_depth_13__ER__R2,16,6_add16_err_0.298309_size_116_depth_13,R2,4020675431/8589934592,4020675431/8589934592,False,True,False
width16__6_add16_err_0.298309_size_116_depth_13__ER__R3,16,6_add16_err_0.298309_size_116_depth_13,R3,7457979825331/35184372088832,7457979825331/35184372088832,False,True,False
width16__6_add16_err_0.298309_size_116_depth_13__ER__R4,16,6_add16_err_0.298309_size_116_depth_13,R4,170921362593/549755813888,170921362593/549755813888,False,True,False
width16__6_add16_err_0.298309_size_116_depth_13__ER__R5,16,6_add16_err_0.298309_size_116_depth_13,R5,6453948627907/17592186044416,6453948627907/17592186044416,False,True,False
width16__6_add16_err_0.298309_size_116_depth_13__ER__R6,16,6_add16_err_0.298309_size_116_depth_13,R6,29978472743839/70368744177664,29978472743839/70368744177664,False,True,False
width16__6_add16_err_0.298309_size_116_depth_13__ER__R7,16,6_add16_err_0.298309_size_116_depth_13,R7,5180495745975/17592186044416,5180495745975/17592186044416,False,True,False
width16__6_add16_err_0.298309_size_116_depth_13__ER__R8,16,6_add16_err_0.298309_size_116_depth_13,R8,62856920413/274877906944,62856920413/274877906944,False,True,False
width16__6_add16_err_0.298309_size_116_depth_13__ER__R9,16,6_add16_err_0.298309_size_116_depth_13,R9,165284399285/274877906944,165284399285/274877906944,False,True,False
width16__7_add16_err_0.386383_size_113_depth_13__ER__D0,16,7_add16_err_0.386383_size_113_depth_13,D0,12727/32768,12727/32768,False,True,False
width16__7_add16_err_0.386383_size_113_depth_13__ER__D1,16,7_add16_err_0.386383_size_113_depth_13,D1,48788132163/549755813888,48788132163/549755813888,False,True,False
width16__7_add16_err_0.386383_size_113_depth_13__ER__D2,16,7_add16_err_0.386383_size_113_depth_13,D2,270229357899/549755813888,270229357899/549755813888,False,True,False
width16__7_add16_err_0.386383_size_113_depth_13__ER__D3,16,7_add16_err_0.386383_size_113_depth_13,D3,202799432667/549755813888,202799432667/549755813888,False,True,False
width16__7_add16_err_0.386383_size_113_depth_13__ER__D4,16,7_add16_err_0.386383_size_113_depth_13,D4,226304457735/549755813888,226304457735/549755813888,False,True,False
width16__7_add16_err_0.386383_size_113_depth_13__ER__D5,16,7_add16_err_0.386383_size_113_depth_13,D5,226304457735/549755813888,226304457735/549755813888,False,True,False
width16__7_add16_err_0.386383_size_113_depth_13__ER__R0,16,7_add16_err_0.386383_size_113_depth_13,R0,239091822838531/1125899906842624,239091822838531/1125899906842624,False,True,False
width16__7_add16_err_0.386383_size_113_depth_13__ER__R1,16,7_add16_err_0.386383_size_113_depth_13,R1,63428691169/274877906944,63428691169/274877906944,False,True,False
width16__7_add16_err_0.386383_size_113_depth_13__ER__R2,16,7_add16_err_0.386383_size_113_depth_13,R2,4297715359/8589934592,4297715359/8589934592,False,True,False
width16__7_add16_err_0.386383_size_113_depth_13__ER__R3,16,7_add16_err_0.386383_size_113_depth_13,R3,7644585626611/35184372088832,7644585626611/35184372088832,False,True,False
width16__7_add16_err_0.386383_size_113_depth_13__ER__R4,16,7_add16_err_0.386383_size_113_depth_13,R4,455228481153/1099511627776,455228481153/1099511627776,False,True,False
width16__7_add16_err_0.386383_size_113_depth_13__ER__R5,16,7_add16_err_0.386383_size_113_depth_13,R5,1689317981527/4398046511104,1689317981527/4398046511104,False,True,False
width16__7_add16_err_0.386383_size_113_depth_13__ER__R6,16,7_add16_err_0.386383_size_113_depth_13,R6,38680030496639/70368744177664,38680030496639/70368744177664,False,True,False
width16__7_add16_err_0.386383_size_113_depth_13__ER__R7,16,7_add16_err_0.386383_size_113_depth_13,R7,7572783705225/17592186044416,7572783705225/17592186044416,False,True,False
width16__7_add16_err_0.386383_size_113_depth_13__ER__R8,16,7_add16_err_0.386383_size_113_depth_13,R8,77251934163/274877906944,77251934163/274877906944,False,True,False
width16__7_add16_err_0.386383_size_113_depth_13__ER__R9,16,7_add16_err_0.386383_size_113_depth_13,R9,1420169049451/2199023255552,1420169049451/2199023255552,False,True,False
width16__8_add16_err_0.458023_size_110_depth_13__ER__D0,16,8_add16_err_0.458023_size_110_depth_13,D0,15029/32768,15029/32768,False,True,False
width16__8_add16_err_0.458023_size_110_depth_13__ER__D1,16,8_add16_err_0.458023_size_110_depth_13,D1,59209712955/549755813888,59209712955/549755813888,False,True,False
width16__8_add16_err_0.458023_size_110_depth_13__ER__D2,16,8_add16_err_0.458023_size_110_depth_13,D2,342292257027/549755813888,342292257027/549755813888,False,True,False
width16__8_add16_err_0.458023_size_110_depth_13__ER__D3,16,8_add16_err_0.458023_size_110_depth_13,D3,267601289619/549755813888,267601289619/549755813888,False,True,False
width16__8_add16_err_0.458023_size_110_depth_13__ER__D4,16,8_add16_err_0.458023_size_110_depth_13,D4,254036542575/549755813888,254036542575/549755813888,False,True,False
width16__8_add16_err_0.458023_size_110_depth_13__ER__D5,16,8_add16_err_0.458023_size_110_depth_13,D5,254036542575/549755813888,254036542575/549755813888,False,True,False
width16__8_add16_err_0.458023_size_110_depth_13__ER__R0,16,8_add16_err_0.458023_size_110_depth_13,R0,278578447664515/1125899906842624,278578447664515/1125899906842624,False,True,False
width16__8_add16_err_0.458023_size_110_depth_13__ER__R1,16,8_add16_err_0.458023_size_110_depth_13,R1,79733799569/274877906944,79733799569/274877906944,False,True,False
width16__8_add16_err_0.458023_size_110_depth_13__ER__R2,16,8_add16_err_0.458023_size_110_depth_13,R2,4611499901/8589934592,4611499901/8589934592,False,True,False
width16__8_add16_err_0.458023_size_110_depth_13__ER__R3,16,8_add16_err_0.458023_size_110_depth_13,R3,8109236567315/35184372088832,8109236567315/35184372088832,False,True,False
width16__8_add16_err_0.458023_size_110_depth_13__ER__R4,16,8_add16_err_0.458023_size_110_depth_13,R4,470285620789/1099511627776,470285620789/1099511627776,False,True,False
width16__8_add16_err_0.458023_size_110_depth_13__ER__R5,16,8_add16_err_0.458023_size_110_depth_13,R5,2237431320223/4398046511104,2237431320223/4398046511104,False,True,False
width16__8_add16_err_0.458023_size_110_depth_13__ER__R6,16,8_add16_err_0.458023_size_110_depth_13,R6,19573495035747/35184372088832,19573495035747/35184372088832,False,True,False
width16__8_add16_err_0.458023_size_110_depth_13__ER__R7,16,8_add16_err_0.458023_size_110_depth_13,R7,8705309935809/17592186044416,8705309935809/17592186044416,False,True,False
width16__8_add16_err_0.458023_size_110_depth_13__ER__R8,16,8_add16_err_0.458023_size_110_depth_13,R8,91978781151/274877906944,91978781151/274877906944,False,True,False
width16__8_add16_err_0.458023_size_110_depth_13__ER__R9,16,8_add16_err_0.458023_size_110_depth_13,R9,1503403325499/2199023255552,1503403325499/2199023255552,False,True,False
width16__9_add16_err_0.507919_size_108_depth_13__ER__D0,16,9_add16_err_0.507919_size_108_depth_13,D0,16639/32768,16639/32768,False,True,False
width16__9_add16_err_0.507919_size_108_depth_13__ER__D1,16,9_add16_err_0.507919_size_108_depth_13,D1,66818720955/549755813888,66818720955/549755813888,False,True,False
width16__9_add16_err_0.507919_size_108_depth_13__ER__D2,16,9_add16_err_0.507919_size_108_depth_13,D2,397097190531/549755813888,397097190531/549755813888,False,True,False
width16__9_add16_err_0.507919_size_108_depth_13__ER__D3,16,9_add16_err_0.507919_size_108_depth_13,D3,274378562619/549755813888,274378562619/549755813888,False,True,False
width16__9_add16_err_0.507919_size_108_depth_13__ER__D4,16,9_add16_err_0.507919_size_108_depth_13,D4,272595084015/549755813888,272595084015/549755813888,False,True,False
width16__9_add16_err_0.507919_size_108_depth_13__ER__D5,16,9_add16_err_0.507919_size_108_depth_13,D5,272595084015/549755813888,272595084015/549755813888,False,True,False
width16__9_add16_err_0.507919_size_108_depth_13__ER__R0,16,9_add16_err_0.507919_size_108_depth_13,R0,305440738082533/1125899906842624,305440738082533/1125899906842624,False,True,False
width16__9_add16_err_0.507919_size_108_depth_13__ER__R1,16,9_add16_err_0.507919_size_108_depth_13,R1,421659925151/1099511627776,421659925151/1099511627776,False,True,False
width16__9_add16_err_0.507919_size_108_depth_13__ER__R2,16,9_add16_err_0.507919_size_108_depth_13,R2,19032204801/34359738368,19032204801/34359738368,False,True,False
width16__9_add16_err_0.507919_size_108_depth_13__ER__R3,16,9_add16_err_0.507919_size_108_depth_13,R3,8452680286165/35184372088832,8452680286165/35184372088832,False,True,False
width16__9_add16_err_0.507919_size_108_depth_13__ER__R4,16,9_add16_err_0.507919_size_108_depth_13,R4,39796494387/68719476736,39796494387/68719476736,False,True,False
width16__9_add16_err_0.507919_size_108_depth_13__ER__R5,16,9_add16_err_0.507919_size_108_depth_13,R5,2314787593273/4398046511104,2314787593273/4398046511104,False,True,False
width16__9_add16_err_0.507919_size_108_depth_13__ER__R6,16,9_add16_err_0.507919_size_108_depth_13,R6,23746268686947/35184372088832,23746268686947/35184372088832,False,True,False
width16__9_add16_err_0.507919_size_108_depth_13__ER__R7,16,9_add16_err_0.507919_size_108_depth_13,R7,9970014562995/17592186044416,9970014562995/17592186044416,False,True,False
width16__9_add16_err_0.507919_size_108_depth_13__ER__R8,16,9_add16_err_0.507919_size_108_depth_13,R8,94261670837/274877906944,94261670837/274877906944,False,True,False
width16__9_add16_err_0.507919_size_108_depth_13__ER__R9,16,9_add16_err_0.507919_size_108_depth_13,R9,1586448003299/2199023255552,1586448003299/2199023255552,False,True,False
width192__10_add192_err_0.000213623_size_1884_depth_28__ER__D0,192,10_add192_err_0.000213623_size_1884_depth_28,D0,,1777007592102340599566122492390446290938910267604975/6129982163463555433433388108601236734474956488734408704,False,,True
width192__10_add192_err_0.000213623_size_1884_depth_28__ER__D1,192,10_add192_err_0.000213623_size_1884_depth_28,D1,,92140876525030439309575146992812131223155863645111708491128036466405644421017764348256875273683397460838630571673094001669587298253655659250065554859633927/56236422431789954785131731346074773235871213978773957913759444657647969758393598378988008576298635714374011382919011189040103325693678746112606439760814548189184,False,,True
width192__10_add192_err_0.000213623_size_1884_depth_28__ER__D2,192,10_add192_err_0.000213623_size_1884_depth_28,D2,,829264976894886142924125960718631256969738328859097514852547826632379488820066743894772848924198252736148010639034172205958147952052649795604393706154303639/56236422431789954785131731346074773235871213978773957913759444657647969758393598378988008576298635714374011382919011189040103325693678746112606439760814548189184,False,,True
width192__10_add192_err_0.000213623_size_1884_depth_28__ER__D3,192,10_add192_err_0.000213623_size_1884_depth_28,D3,,628231644719798356952646863753519290482517618649894661457472070668742709259289581259470708161582818416266368371439973229745025485819232538778631258686090375/56236422431789954785131731346074773235871213978773957913759444657647969758393598378988008576298635714374011382919011189040103325693678746112606439760814548189184,False,,True
width192__10_add192_err_0.000213623_size_1884_depth_28__ER__D4,192,10_add192_err_0.000213623_size_1884_depth_28,D4,,290610955384961531255950503172623611658377794626267124759975147222519606129175253643330112001662263388919026187632241185338759540672150922939488861503662109375/56236422431789954785131731346074773235871213978773957913759444657647969758393598378988008576298635714374011382919011189040103325693678746112606439760814548189184,False,,True
width192__10_add192_err_0.000213623_size_1884_depth_28__ER__D5,192,10_add192_err_0.000213623_size_1884_depth_28,D5,,290610955384961531255950503172623611658377794626267124759975147222519606129175253643330112001662263388919026187632241185338759540672150922939488861503662109375/56236422431789954785131731346074773235871213978773957913759444657647969758393598378988008576298635714374011382919011189040103325693678746112606439760814548189184,False,,True
width192__10_add192_err_0.000213623_size_1884_depth_28__ER__R0,192,10_add192_err_0.000213623_size_1884_depth_28,R0,,5291042481923259809423179743748472750074944389449142859658902302165190653964895294057799915270256174371532935741329389613570704556937609952165381902213516615564615/29484081443918291814387145163970850710288447034503440846689111720668938768688662906922865040450459121417721679927842538279457692421287442441886205089317937841010900992,False,,True
width192__10_add192_err_0.000213623_size_1884_depth_28__ER__R1,192,10_add192_err_0.000213623_size_1884_depth_28,R1,,6369994192655736722455356171481978832553753589651355536029868864815837658388977655788101742574761188125964708715411542022945695872080581699143642128125/26815615859885194199148049996411692254958731641184786755447122887443528060147093953603748596333806855380063716372972101707507765623893139892867298012168192,False,,True
width192__10_add192_err_0.000213623_size_1884_depth_28__ER__R2,192,10_add192_err_0.000213623_size_1884_depth_28,R2,,209433534684883974672286095123176705805549700069720648661552977417670315342381858197042790621096335160737458701053891157922036965138101275813546141932375/1716199415032652428745475199770348304317358825035826352348615864796385795849414013030639910165363638744324077847870214509280496999929160953143507072778764288,False,,True
width192__10_add192_err_0.000213623_size_1884_depth_28__ER__R3,192,10_add192_err_0.000213623_size_1884_depth_28,R3,,40723749413969916896595594401016001537936241400563139630273488749673132884366861078324650016676052914029576188551827565036780704662001721587801774789252555/219673525124179510879420825570604582952621929604585773100622830693937381868724993667921908501166545759273481964527387457187903615990932602002368905315681828864,False,,True
width192__10_add192_err_0.000213623_size_1884_depth_28__ER__R4,192,10_add192_err_0.000213623_size_1884_depth_28,R4,,6572754094108820441886445825192351238202631092194177442411690930539244523636110377904024152005745283216023854284110831008384258043240526483735843836875/53631231719770388398296099992823384509917463282369573510894245774887056120294187907207497192667613710760127432745944203415015531247786279785734596024336384,False,,True
width192__10_add192_err_0.000213623_size_1884_depth_28__ER__R5,192,10_add192_err_0.000213623_size_1884_depth_28,R5,,9140823427089561788728648441274874258314033107859324755298692499140628768344125154367888000587734279281007762161287843922195491207887854849963921972375/53631231719770388398296099992823384509917463282369573510894245774887056120294187907207497192667613710760127432745944203415015531247786279785734596024336384,False,,True
width192__10_add192_err_0.000213623_size_1884_depth_28__ER__R6,192,10_add192_err_0.000213623_size_1884_depth_28,R6,,951891555545884680991765659494017412608830918690417353105970217324301574172314347809374686386943224726289911919823707126236199453642834590334387337423643125/7029552803973744348141466418259346654483901747346744739219930582205996219799199797373501072037329464296751422864876398630012915711709843264075804970101818523648,False,,True
width192__10_add192_err_0.000213623_size_1884_depth_28__ER__R7,192,10_add192_err_0.000213623_size_1884_depth_28,R7,,3562845252344227263165276164534929101402390920242009549202130579019763436126773000843944527677646176168895857946574673436755566934695808706201006874575/26815615859885194199148049996411692254958731641184786755447122887443528060147093953603748596333806855380063716372972101707507765623893139892867298012168192,False,,True
width192__10_add192_err_0.000213623_size_1884_depth_28__ER__R8,192,10_add192_err_0.000213623_size_1884_depth_28,R8,,620277015567700437819092070763358979959622462762104964773755366066116346747028237724787423278308338288587653711339910474254961056974270474989049262307275/3432398830065304857490950399540696608634717650071652704697231729592771591698828026061279820330727277488648155695740429018560993999858321906287014145557528576,False,,True
width192__10_add192_err_0.000213623_size_1884_depth_28__ER__R9,192,10_add192_err_0.000213623_size_1884_depth_28,R9,,30817942208728980181164581674714582420314681118409664491286334577642193917166522109560203142443028475212761688327508254455964197971560432321866111875/52374249726338269920211035149241586435466272736689036631732661889538140742474792878132321477214466514414186946040961136147476104734166288853256441430016,False,,True
width192__13_add192_err_0.00364685_size_1864_depth_28__ER__D0,192,13_add192_err_0.00364685_size_1864_depth_28,D0,52591487389310316374551112408233966055322896952062175/12259964326927110866866776217202473468949912977468817408,52591487389310316374551112408233966055322896952062175/12259964326927110866866776217202473468949912977468817408,False,True,False
width192__13_add192_err_0.00364685_size_1864_depth_28__ER__D1,192,13_add192_err_0.00364685_size_1864_depth_28,D1,9062740768074761199263267139461663115728847131166920113464297542884500445343126326164322986874884828850165719650953108592697907836147427092207415435764028059/112472844863579909570263462692149546471742427957547915827518889315295939516787196757976017152597271428748022765838022378080206651387357492225212879521629096378368,9062740768074761199263267139461663115728847131166920113464297542884500445343126326164322986874884828850165719650953108592697907836147427092207415435764028059/112472844863579909570263462692149546471742427957547915827518889315295939516787196757976017152597271428748022765838022378080206651387357492225212879521629096378368,False,True,False
width192__13_add192_err_0.00364685_size_1864_depth_28__ER__D2,192,13_add192_err_0.00364685_size_1864_depth_28,D2,81551013855071966584629672587527711451586308459334554396415153140612156841554423753842601641014346510257687921104978014762677583722639947169420846685851518019/112472844863579909570263462692149546471742427957547915827518889315295939516787196757976017152597271428748022765838022378080206651387357492225212879521629096378368,81551013855071966584629672587527711451586308459334554396415153140612156841554423753842601641014346510257687921104978014762677583722639947169420846685851518019/112472844863579909570263462692149546471742427957547915827518889315295939516787196757976017152597271428748022765838022378080206651387357492225212879521629096378368,False,True,False
width192__13_add192_err_0.00364685_size_1864_depth_28__ER__D3,192,13_add192_err_0.00364685_size_1864_depth_28,D3,61783891957317554582047424160466835986954023581077177020532443133049866805365947505503392405082394744913399921393050482325927139575585330755441944277696886875/112472844863579909570263462692149546471742427957547915827518889315295939516787196757976017152597271428748022765838022378080206651387357492225212879521629096378368,61783891957317554582047424160466835986954023581077177020532443133049866805365947505503392405082394744913399921393050482325927139575585330755441944277696886875/112472844863579909570263462692149546471742427957547915827518889315295939516787196757976017152597271428748022765838022378080206651387357492225212879521629096378368,False,True,False
width192__13_add192_err_0.00364685_size_1864_depth_28__ER__D4,192,13_add192_err_0.00364685_size_1864_depth_28,D4,3273664509604947489836726147261864947118114720109102323000196980821688724442806171652516731154579118378549470398765078808013075723915254497847442836004462109375/112472844863579909570263462692149546471742427957547915827518889315295939516787196757976017152597271428748022765838022378080206651387357492225212879521629096378368,3273664509604947489836726147261864947118114720109102323000196980821688724442806171652516731154579118378549470398765078808013075723915254497847442836004462109375/112472844863579909570263462692149546471742427957547915827518889315295939516787196757976017152597271428748022765838022378080206651387357492225212879521629096378368,False,True,False
width192__13_add192_err_0.00364685_size_1864_depth_28__ER__D5,192,13_add192_err_0.00364685_size_1864_depth_28,D5,3273664509604947489836726147261864947118114720109102323000196980821688724442806171652516731154579118378549470398765078808013075723915254497847442836004462109375/112472844863579909570263462692149546471742427957547915827518889315295939516787196757976017152597271428748022765838022378080206651387357492225212879521629096378368,3273664509604947489836726147261864947118114720109102323000196980821688724442806171652516731154579118378549470398765078808013075723915254497847442836004462109375/112472844863579909570263462692149546471742427957547915827518889315295939516787196757976017152597271428748022765838022378080206651387357492225212879521629096378368,False,True,False
width192__13_add192_err_0.00364685_size_1864_depth_28__ER__R0,192,13_add192_err_0.00364685_size_1864_depth_28,R0,192654772497656669824419335625582943363351819271859935372462815284285554211985087127754831329983451570616649137084544973245654678379290778793364811559639193305910865/29484081443918291814387145163970850710288447034503440846689111720668938768688662906922865040450459121417721679927842538279457692421287442441886205089317937841010900992,192654772497656669824419335625582943363351819271859935372462815284285554211985087127754831329983451570616649137084544973245654678379290778793364811559639193305910865/29484081443918291814387145163970850710288447034503440846689111720668938768688662906922865040450459121417721679927842538279457692421287442441886205089317937841010900992,False,True,False
width192__13_add192_err_0.00364685_size_1864_depth_28__ER__R1,192,13_add192_err_0.00364685_size_1864_depth_28,R1,1003413144634384332665854440161513502050064034747916644689044110926215023546828382035635816979501002926034628959215179204904761281971462180963777367731925/107262463439540776796592199985646769019834926564739147021788491549774112240588375814414994385335227421520254865491888406830031062495572559571469192048672768,1003413144634384332665854440161513502050064034747916644689044110926215023546828382035635816979501002926034628959215179204904761281971462180963777367731925/107262463439540776796592199985646769019834926564739147021788491549774112240588375814414994385335227421520254865491888406830031062495572559571469192048672768,False,True,False
width192__13_add192_err_0.00364685_size_1864_depth_28__ER__R2,192,13_add192_err_0.00364685_size_1864_depth_28,R2,18904374598609195895479025899973315091629645700593593895125717098050346307650165098684315036852134177806838951192674877453749022434107841294442211175929675/6864797660130609714981900799081393217269435300143305409394463459185543183397656052122559640661454554977296311391480858037121987999716643812574028291115057152,18904374598609195895479025899973315091629645700593593895125717098050346307650165098684315036852134177806838951192674877453749022434107841294442211175929675/6864797660130609714981900799081393217269435300143305409394463459185543183397656052122559640661454554977296311391480858037121987999716643812574028291115057152,False,True,False
width192__13_add192_err_0.00364685_size_1864_depth_28__ER__R3,192,13_add192_err_0.00364685_size_1864_depth_28,R3,913948453892570305430666104860044138268003014474649580949026130704334437667098114879330612636039928009275410380498094971537544944577665787443685951413874955/219673525124179510879420825570604582952621929604585773100622830693937381868724993667921908501166545759273481964527387457187903615990932602002368905315681828864,913948453892570305430666104860044138268003014474649580949026130704334437667098114879330612636039928009275410380498094971537544944577665787443685951413874955/219673525124179510879420825570604582952621929604585773100622830693937381868724993667921908501166545759273481964527387457187903615990932602002368905315681828864,False,True,False
width192__13_add192_err_0.00364685_size_1864_depth_28__ER__R4,192,13_add192_err_0.00364685_size_1864_depth_28,R4,3554547611945247207895951474857164291550703241685007279230181214236119902251460733383822890418620878502407776691726880989031841416470573063043726819602125/429049853758163107186368799942587076079339706258956588087153966199096448962353503257659977541340909686081019461967553627320124249982290238285876768194691072,3554547611945247207895951474857164291550703241685007279230181214236119902251460733383822890418620878502407776691726880989031841416470573063043726819602125/429049853758163107186368799942587076079339706258956588087153966199096448962353503257659977541340909686081019461967553627320124249982290238285876768194691072,False,True,False
width192__13_add192_err_0.00364685_size_1864_depth_28__ER__R5,192,13_add192_err_0.00364685_size_1864_depth_28,R5,609188382034401744312112895679828532227660157919775918735638062425933228853704395575269584584230395725579883984514084105904715254962729807752193153656321/107262463439540776796592199985646769019834926564739147021788491549774112240588375814414994385335227421520254865491888406830031062495572559571469192048672768,609188382034401744312112895679828532227660157919775918735638062425933228853704395575269584584230395725579883984514084105904715254962729807752193153656321/107262463439540776796592199985646769019834926564739147021788491549774112240588375814414994385335227421520254865491888406830031062495572559571469192048672768,False,True,False
width192__13_add192_err_0.00364685_size_1864_depth_28__ER__R6,192,13_add192_err_0.00364685_size_1864_depth_28,R6,57950381382271307194080847029209177872922082974426554230978670999081035998217459929788311667289642354485418829615382434989112955918364539103668111428065720775/28118211215894977392565865673037386617935606989386978956879722328823984879196799189494004288149317857187005691459505594520051662846839373056303219880407274094592,57950381382271307194080847029209177872922082974426554230978670999081035998217459929788311667289642354485418829615382434989112955918364539103668111428065720775/28118211215894977392565865673037386617935606989386978956879722328823984879196799189494004288149317857187005691459505594520051662846839373056303219880407274094592,False,True,False
width192__13_add192_err_0.00364685_size_1864_depth_28__ER__R7,192,13_add192_err_0.00364685_size_1864_depth_28,R7,31127755686052777810891814181279533610217780322424207198968596500869931248616571862745537833440387276229126190208904270679967858641685982913911268725975/13407807929942597099574024998205846127479365820592393377723561443721764030073546976801874298166903427690031858186486050853753882811946569946433649006084096,31127755686052777810891814181279533610217780322424207198968596500869931248616571862745537833440387276229126190208904270679967858641685982913911268725975/13407807929942597099574024998205846127479365820592393377723561443721764030073546976801874298166903427690031858186486050853753882811946569946433649006084096,False,True,False
width192__13_add192_err_0.00364685_size_1864_depth_28__ER__R8,192,13_add192_err_0.00364685_size_1864_depth_28,R8,14375150097837857927184606557806897688783834017441745075156335470479542297810433405860723185268497826603684620992959491487103352624154827450510907961182485/1716199415032652428745475199770348304317358825035826352348615864796385795849414013030639910165363638744324077847870214509280496999929160953143507072778764288,14375150097837857927184606557806897688783834017441745075156335470479542297810433405860723185268497826603684620992959491487103352624154827450510907961182485/1716199415032652428745475199770348304317358825035826352348615864796385795849414013030639910165363638744324077847870214509280496999929160953143507072778764288,False,True,False
width192__13_add192_err_0.00364685_size_1864_depth_28__ER__R9,192,13_add192_err_0.00364685_size_1864_depth_28,R9,12039949583497524578217961327227032518691009763971866078865264511033099824377945821181215040151315568075412216013211471309333662545125923619339168065/6546781215792283740026379393655198304433284092086129578966582736192267592809349109766540184651808314301773368255120142018434513091770786106657055178752,12039949583497524578217961327227032518691009763971866078865264511033099824377945821181215040151315568075412216013211471309333662545125923619339168065/6546781215792283740026379393655198304433284092086129578966582736192267592809349109766540184651808314301773368255120142018434513091770786106657055178752,False,True,False
width192__16_add192_err_0.00900269_size_1841_depth_28__ER__D0,192,16_add192_err_0.00900269_size_1841_depth_28,D0,,123747610308159872737719806858209435965551494036385775/12259964326927110866866776217202473468949912977468817408,False,,True
width192__16_add192_err_0.00900269_size_1841_depth_28__ER__D1,192,16_add192_err_0.00900269_size_1841_depth_28,D1,,22251467764927385159068334763469471974150316615965960022236658836504663381368332970112688749075439304538868957509156016252758708164705990496431615374472880795/112472844863579909570263462692149546471742427957547915827518889315295939516787196757976017152597271428748022765838022378080206651387357492225212879521629096378368,False,,True
width192__16_add192_err_0.00900269_size_1841_depth_28__ER__D2,192,16_add192_err_0.00900269_size_1841_depth_28,D2,,200148337497595231191214359032709797398842903374396259910666746710829533699272182347187564380637056074502350231016894294671978482088481628459868562757447111747/112472844863579909570263462692149546471742427957547915827518889315295939516787196757976017152597271428748022765838022378080206651387357492225212879521629096378368,False,,True
width192__16_add192_err_0.00900269_size_1841_depth_28__ER__D3,192,16_add192_err_0.00900269_size_1841_depth_28,D3,,151651258028329034574222718103495863032526075062077212805805210493507328478821684346522125019792124277877673479936349472107494397658579589457720350132388726875/112472844863579909570263462692149546471742427957547915827518889315295939516787196757976017152597271428748022765838022378080206651387357492225212879521629096378368,False,,True
width192__16_add192_err_0.00900269_size_1841_depth_28__ER__D4,192,16_add192_err_0.00900269_size_1841_depth_28,D4,,6971026731024422740892906949798726129332490779254472739454220725903489496896577526658192537902411799573043192944070671465008732172163006702644886568255662109375/112472844863579909570263462692149546471742427957547915827518889315295939516787196757976017152597271428748022765838022378080206651387357492225212879521629096378368,False,,True
width192__16_add192_err_0.00900269_size_1841_depth_28__ER__D5,192,16_add192_err_0.00900269_size_1841_depth_28,D5,,6971026731024422740892906949798726129332490779254472739454220725903489496896577526658192537902411799573043192944070671465008732172163006702644886568255662109375/112472844863579909570263462692149546471742427957547915827518889315295939516787196757976017152597271428748022765838022378080206651387357492225212879521629096378368,False,,True
width192__16_add192_err_0.00900269_size_1841_depth_28__ER__R0,192,16_add192_err_0.00900269_size_1841_depth_28,R0,,254078612031428113372088685285316436393422229422259364480930290827211192624727864783632233235663925901485337555118046192256275287830296115282248246644077720656968905/14742040721959145907193572581985425355144223517251720423344555860334469384344331453461432520225229560708860839963921269139728846210643721220943102544658968920505450496,False,,True
width192__16_add192_err_0.00900269_size_1841_depth_28__ER__R1,192,16_add192_err_0.00900269_size_1841_depth_28,R1,,737394533426480719475296326684611981049954555574564284252490883478655597392294222494653905404622221448830240253877022698602271026686074392739855801927575/26815615859885194199148049996411692254958731641184786755447122887443528060147093953603748596333806855380063716372972101707507765623893139892867298012168192,False,,True
width192__16_add192_err_0.00900269_size_1841_depth_28__ER__R2,192,16_add192_err_0.00900269_size_1841_depth_28,R2,,47717545909892339343342701258881309487755299923480366027237093517443135385781552783030924807751499576541605611005768574542343986099147495324546903576100105/6864797660130609714981900799081393217269435300143305409394463459185543183397656052122559640661454554977296311391480858037121987999716643812574028291115057152,False,,True
width192__16_add192_err_0.00900269_size_1841_depth_28__ER__R3,192,16_add192_err_0.00900269_size_1841_depth_28,R3,,1172741896638311600902774714457679720185354289205575488421554678219326256144896563412502280547355902882649670190562058078251052997202265259341841074101582695/219673525124179510879420825570604582952621929604585773100622830693937381868724993667921908501166545759273481964527387457187903615990932602002368905315681828864,False,,True
width192__16_add192_err_0.00900269_size_1841_depth_28__ER__R4,192,16_add192_err_0.00900269_size_1841_depth_28,R4,,921988955531102843797173374402806341917370046653424625884096714351181298876350206765958389965370651287051748193121265549807718184061004134291762415080225/53631231719770388398296099992823384509917463282369573510894245774887056120294187907207497192667613710760127432745944203415015531247786279785734596024336384,False,,True
width192__16_add192_err_0.00900269_size_1841_depth_28__ER__R5,192,16_add192_err_0.00900269_size_1841_depth_28,R5,,356278968953799953925632779872814599475345766991017909848762741752991295170267312227015289519986474973514746716808139648612935703823485668544852776831889/26815615859885194199148049996411692254958731641184786755447122887443528060147093953603748596333806855380063716372972101707507765623893139892867298012168192,False,,True
width192__16_add192_err_0.00900269_size_1841_depth_28__ER__R6,192,16_add192_err_0.00900269_size_1841_depth_28,R6,,105301133366444892145008965469072861220492600148391493789773862331284969444133844088496435953565860787449172784132323829203084964564645438205301582764683730275/28118211215894977392565865673037386617935606989386978956879722328823984879196799189494004288149317857187005691459505594520051662846839373056303219880407274094592,False,,True
width192__16_add192_err_0.00900269_size_1841_depth_28__ER__R7,192,16_add192_err_0.00900269_size_1841_depth_28,R7,,528675549732522409643214991635234548991680301802149391989247388054618672279286335625376019843500684845753903670591283480163191062350505289613523455702675/107262463439540776796592199985646769019834926564739147021788491549774112240588375814414994385335227421520254865491888406830031062495572559571469192048672768,False,,True
width192__16_add192_err_0.00900269_size_1841_depth_28__ER__R8,192,16_add192_err_0.00900269_size_1841_depth_28,R8,,14175822638667074829563195653265411802816140508668437409097781744245500221000455784901148452366880148496904281614527791978157550162662859936440818575934265/858099707516326214372737599885174152158679412517913176174307932398192897924707006515319955082681819372162038923935107254640248499964580476571753536389382144,False,,True
width192__16_add192_err_0.00900269_size_1841_depth_28__ER__R9,192,16_add192_err_0.00900269_size_1841_depth_28,R9,,58389066234020742905579888430451272157587095224014713723625767608469448677539700722003616105312993918831507846583148930849621940581682808649163931445/3273390607896141870013189696827599152216642046043064789483291368096133796404674554883270092325904157150886684127560071009217256545885393053328527589376,False,,True
width192__19_add192_err_0.0145569_size_1814_depth_28__ER__D0,192,19_add192_err_0.0145569_size_1814_depth_28,D0,,193199818277669148423885865470867898629533051636680815/12259964326927110866866776217202473468949912977468817408,False,,True
width192__19_add192_err_0.0145569_size_1814_depth_28__ER__D1,192,19_add192_err_0.0145569_size_1814_depth_28,D1,,35355133167487477644801694227298111925958913408779377862200726065222698109297472258554501037732511614020758396273714237369608769634873507887903676761007897119/112472844863579909570263462692149546471742427957547915827518889315295939516787196757976017152597271428748022765838022378080206651387357492225212879521629096378368,False,,True
width192__19_add192_err_0.0145569_size_1814_depth_28__ER__D2,192,19_add192_err_0.0145569_size_1814_depth_28,D2,,317870773779284681098078552117868563332885344679549036146045852917441187450913066180254654426584556470022265555630760451028899806317121720948172945975278455519/112472844863579909570263462692149546471742427957547915827518889315295939516787196757976017152597271428748022765838022378080206651387357492225212879521629096378368,False,,True
width192__19_add192_err_0.0145569_size_1814_depth_28__ER__D3,192,19_add192_err_0.0145569_size_1814_depth_28,D3,,240878402074420917448877582244553286999421262155675481987139410209817034554225810437415151659203480487107239166568818087201019762940430071186811301922233938975/112472844863579909570263462692149546471742427957547915827518889315295939516787196757976017152597271428748022765838022378080206651387357492225212879521629096378368,False,,True
width192__19_add192_err_0.0145569_size_1814_depth_28__ER__D4,192,19_add192_err_0.0145569_size_1814_depth_28,D4,,10416713138669423822855172396090472876925148283161150038210277181607325427957097464220863703892257754459229998758536443640014390134976129926491268411506862109375/112472844863579909570263462692149546471742427957547915827518889315295939516787196757976017152597271428748022765838022378080206651387357492225212879521629096378368,False,,True
width192__19_add192_err_0.0145569_size_1814_depth_28__ER__D5,192,19_add192_err_0.0145569_size_1814_depth_28,D5,,10416713138669423822855172396090472876925148283161150038210277181607325427957097464220863703892257754459229998758536443640014390134976129926491268411506862109375/112472844863579909570263462692149546471742427957547915827518889315295939516787196757976017152597271428748022765838022378080206651387357492225212879521629096378368,False,,True
width192__19_add192_err_0.0145569_size_1814_depth_28__ER__R0,192,19_add192_err_0.0145569_size_1814_depth_28,R0,,2107777470908271332502638649573410085188232788057405199825336291450049162208327269208050590152388285229598410453825431922259352488561448636833424986998381891402845065/117936325775673167257548580655883402841153788138013763386756446882675755074754651627691460161801836485670886719711370153117830769685149769767544820357271751364043603968,False,,True
width192__19_add192_err_0.0145569_size_1814_depth_28__ER__R1,192,19_add192_err_0.0145569_size_1814_depth_28,R1,,1671274687193551430704416194105184340302573919014734656696671406575894824638558482883137314199584298404814309862523288457248818575898262431462993022446855/53631231719770388398296099992823384509917463282369573510894245774887056120294187907207497192667613710760127432745944203415015531247786279785734596024336384,False,,True
width192__19_add192_err_0.0145569_size_1814_depth_28__ER__R2,192,19_add192_err_0.0145569_size_1814_depth_28,R2,,1092138404836578177504001543769071420437757374968846992440123669178864204068709240022225369567527537638246639179884902041790190101340609455795778422457606505/109836762562089755439710412785302291476310964802292886550311415346968690934362496833960954250583272879636740982263693728593951807995466301001184452657840914432,False,,True
width192__19_add192_err_0.0145569_size_1814_depth_28__ER__R3,192,19_add192_err_0.0145569_size_1814_depth_28,R3,,502635428150586195952558074292526616779619364183678762892872946760616236032340272612254357727165402324361051944399634140052926682998431562378416091715909567035/28118211215894977392565865673037386617935606989386978956879722328823984879196799189494004288149317857187005691459505594520051662846839373056303219880407274094592,False,,True
width192__19_add192_err_0.0145569_size_1814_depth_28__ER__R4,192,19_add192_err_0.0145569_size_1814_depth_28,R4,,9706120012101762907260645599362418761157961269923286515815664873627057076960880675742620527280384381108997314291565391775532905330765761294346363881722175/429049853758163107186368799942587076079339706258956588087153966199096448962353503257659977541340909686081019461967553627320124249982290238285876768194691072,False,,True
width192__19_add192_err_0.0145569_size_1814_depth_28__ER__R5,192,19_add192_err_0.0145569_size_1814_depth_28,R5,,6720765540591120296122051499614916965312463568631392856991236213923097645313419034925621092584432352471877638571084416929242471012122590382148134748859799/429049853758163107186368799942587076079339706258956588087153966199096448962353503257659977541340909686081019461967553627320124249982290238285876768194691072,False,,True
width192__19_add192_err_0.0145569_size_1814_depth_28__ER__R6,192,19_add192_err_0.0145569_size_1814_depth_28,R6,,692159114830301463618810085898078004254801138127012077166357389499356335752062120297914209326547886625742465142035145521243517101619763509838977186377389760175/56236422431789954785131731346074773235871213978773957913759444657647969758393598378988008576298635714374011382919011189040103325693678746112606439760814548189184,False,,True
width192__19_add192_err_0.0145569_size_1814_depth_28__ER__R7,192,19_add192_err_0.0145569_size_1814_depth_28,R7,,84180079976859941549006219183076359656055172904816331266491049013329181939547924207284239542147433013054192622228266369714616083153560266279263697493991365/6864797660130609714981900799081393217269435300143305409394463459185543183397656052122559640661454554977296311391480858037121987999716643812574028291115057152,False,,True
width192__19_add192_err_0.0145569_size_1814_depth_28__ER__R8,192,19_add192_err_0.0145569_size_1814_depth_28,R8,,65930228770140418449156658936947439514419974003724857565961797095078167539410837686130831789641883523504088842780512407925896636989259867351732031586524841/3432398830065304857490950399540696608634717650071652704697231729592771591698828026061279820330727277488648155695740429018560993999858321906287014145557528576,False,,True
width192__19_add192_err_0.0145569_size_1814_depth_28__ER__R9,192,19_add192_err_0.0145569_size_1814_depth_28,R9,,1555709025697187394253778172039479659060160063717117238206827080354217135045541176244312724150629007037204078804147675375851992343871686769387805697644005/53631231719770388398296099992823384509917463282369573510894245774887056120294187907207497192667613710760127432745944203415015531247786279785734596024336384,False,,True
width192__21_add192_err_0.0184631_size_1799_depth_28__ER__D0,192,21_add192_err_0.0184631_size_1799_depth_28,D0,,477551372596706387083119863476894872175724031780941805/24519928653854221733733552434404946937899825954937634816,False,,True
width192__21_add192_err_0.0184631_size_1799_depth_28__ER__D1,192,21_add192_err_0.0184631_size_1799_depth_28,D1,,88121126583194359014098548555870176283746398064099307992603877565314197767188212425169131597720437120249715108743375193855711308459460007436479280493398052445/224945689727159819140526925384299092943484855915095831655037778630591879033574393515952034305194542857496045531676044756160413302774714984450425759043258192756736,False,,True
width192__21_add192_err_0.0184631_size_1799_depth_28__ER__D2,192,21_add192_err_0.0184631_size_1799_depth_28,D2,,792046549941764827256789247551365328899318218261098455112653072745906040417905207378652289546909976535744656804468656243183332293615630241469051010987376214173/224945689727159819140526925384299092943484855915095831655037778630591879033574393515952034305194542857496045531676044756160413302774714984450425759043258192756736,False,,True
width192__21_add192_err_0.0184631_size_1799_depth_28__ER__D3,192,21_add192_err_0.0184631_size_1799_depth_28,D3,,600250768000255147045240601229570330634278235255406759289979396428896397276234048169685976684468365322449724406583476185385858797186660467028881862567265631325/224945689727159819140526925384299092943484855915095831655037778630591879033574393515952034305194542857496045531676044756160413302774714984450425759043258192756736,False,,True
width192__21_add192_err_0.0184631_size_1799_depth_28__ER__D4,192,21_add192_err_0.0184631_size_1799_depth_28,D4,,25174078242938250560961361501737416817202839783434594500185152540873931575333434377011432784219252947899232908739841877305530239964277702311686697285518986328125/224945689727159819140526925384299092943484855915095831655037778630591879033574393515952034305194542857496045531676044756160413302774714984450425759043258192756736,False,,True
width192__21_add192_err_0.0184631_size_1799_depth_28__ER__D5,192,21_add192_err_0.0184631_size_1799_depth_28,D5,,25174078242938250560961361501737416817202839783434594500185152540873931575333434377011432784219252947899232908739841877305530239964277702311686697285518986328125/224945689727159819140526925384299092943484855915095831655037778630591879033574393515952034305194542857496045531676044756160413302774714984450425759043258192756736,False,,True
width192__21_add192_err_0.0184631_size_1799_depth_28__ER__R0,192,21_add192_err_0.0184631_size_1799_depth_28,R0,,313706326869402898509302854375650545755406069162784268075994635877785528218765094773839705283017989137999252951851839526712569473326034625743634148810225627905140105/14742040721959145907193572581985425355144223517251720423344555860334469384344331453461432520225229560708860839963921269139728846210643721220943102544658968920505450496,False,,True
width192__21_add192_err_0.0184631_size_1799_depth_28__ER__R1,192,21_add192_err_0.0184631_size_1799_depth_28,R1,,1900190541889212472413946876170046841711257158886025250399170004812144027333786363671715776107297093211035409658075231791645235361892417107419910225147655/53631231719770388398296099992823384509917463282369573510894245774887056120294187907207497192667613710760127432745944203415015531247786279785734596024336384,False,,True
width192__21_add192_err_0.0184631_size_1799_depth_28__ER__R2,192,21_add192_err_0.0184631_size_1799_depth_28,R2,,1941130277121353354311392512830144682427865814475678845146061154543387852909599794562669493815944632286262704666162169859142109992805031254289858350095281065/109836762562089755439710412785302291476310964802292886550311415346968690934362496833960954250583272879636740982263693728593951807995466301001184452657840914432,False,,True
width192__21_add192_err_0.0184631_size_1799_depth_28__ER__R3,192,21_add192_err_0.0184631_size_1799_depth_28,R3,,597312238768009733034427384503872353786115793898138379783098206031780054255857952601727824461629525549831310732322405275862515460879623702916040569137827374195/28118211215894977392565865673037386617935606989386978956879722328823984879196799189494004288149317857187005691459505594520051662846839373056303219880407274094592,False,,True
width192__21_add192_err_0.0184631_size_1799_depth_28__ER__R4,192,21_add192_err_0.0184631_size_1799_depth_28,R4,,11608811341159358701592658115060347872209760811064265231766484617290173249576244018037458045442907242819687431924346957972039618283150228231213226571187775/429049853758163107186368799942587076079339706258956588087153966199096448962353503257659977541340909686081019461967553627320124249982290238285876768194691072,False,,True
width192__21_add192_err_0.0184631_size_1799_depth_28__ER__R5,192,21_add192_err_0.0184631_size_1799_depth_28,R5,,9641513759352393417305735042733000229694725284228115825480632014517876702607139037290932693990581366293434352718863919958319389039064024567328737107940999/429049853758163107186368799942587076079339706258956588087153966199096448962353503257659977541340909686081019461967553627320124249982290238285876768194691072,False,,True
width192__21_add192_err_0.0184631_size_1799_depth_28__ER__R6,192,21_add192_err_0.0184631_size_1799_depth_28,R6,,711164328273598347646133577801032928098430714532940430108874462855155428697179164708339400824682084945683460557907172743860333795678994299034981351859472464175/56236422431789954785131731346074773235871213978773957913759444657647969758393598378988008576298635714374011382919011189040103325693678746112606439760814548189184,False,,True
width192__21_add192_err_0.0184631_size_1799_depth_28__ER__R7,192,21_add192_err_0.0184631_size_1799_depth_28,R7,,103443775009276476968502044705007883467526520949775564604189890558644163062915285145720177028588597504492018183557802855381966458515201409899281437039511365/6864797660130609714981900799081393217269435300143305409394463459185543183397656052122559640661454554977296311391480858037121987999716643812574028291115057152,False,,True
width192__21_add192_err_0.0184631_size_1799_depth_28__ER__R8,192,21_add192_err_0.0184631_size_1799_depth_28,R8,,5893550307644595855354186158725298885937576664780940441186402739667073087063482828346013820368403259661036067774592112372999578494582975320683480850811402699/219673525124179510879420825570604582952621929604585773100622830693937381868724993667921908501166545759273481964527387457187903615990932602002368905315681828864,False,,True
width192__21_add192_err_0.0184631_size_1799_depth_28__ER__R9,192,21_add192_err_0.0184631_size_1799_depth_28,R9,,1617689748813002534757450305123660187619806754483348915828997355380693312899562117666641387979620594538612151908172107446646255929924626504820227361145455/53631231719770388398296099992823384509917463282369573510894245774887056120294187907207497192667613710760127432745944203415015531247786279785734596024336384,False,,True
width192__25_add192_err_0.0267792_size_1775_depth_28__ER__D0,192,25_add192_err_0.0267792_size_1775_depth_28,D0,,1322756723274740779213724780138549267201230870845324285/49039857307708443467467104868809893875799651909875269632,False,,True
width192__25_add192_err_0.0267792_size_1775_depth_28__ER__D1,192,25_add192_err_0.0267792_size_1775_depth_28,D1,,246206215525104253891932002684006564671255601124502052811733607921224100721687290802956244559730649628670938783968667634238181406014987118267448730086280014969/449891379454319638281053850768598185886969711830191663310075557261183758067148787031904068610389085714992091063352089512320826605549429968900851518086516385513472,False,,True
width192__25_add192_err_0.0267792_size_1775_depth_28__ER__D2,192,25_add192_err_0.0267792_size_1775_depth_28,D2,,2211701870196181909027679477270823808199536730178693717666598494948391601009343668652141593170939247964144952415519598960239589977250512652127766221509032949633/449891379454319638281053850768598185886969711830191663310075557261183758067148787031904068610389085714992091063352089512320826605549429968900851518086516385513472,False,,True
width192__25_add192_err_0.0267792_size_1775_depth_28__ER__D3,192,25_add192_err_0.0267792_size_1775_depth_28,D3,,1676389338610599529448562453509435978528186219033628775434373778602445550222274092302128343090097227352036070777666639731889412097688981174368174030785157236025/449891379454319638281053850768598185886969711830191663310075557261183758067148787031904068610389085714992091063352089512320826605549429968900851518086516385513472,False,,True
width192__25_add192_err_0.0267792_size_1775_depth_28__ER__D4,192,25_add192_err_0.0267792_size_1775_depth_28,D4,,67643609832176084805255734067370042727870156271006719404400249677186066721374327044148568456873894531374417137142337897928035283731041715625639242669533386328125/449891379454319638281053850768598185886969711830191663310075557261183758067148787031904068610389085714992091063352089512320826605549429968900851518086516385513472,False,,True
width192__25_add192_err_0.0267792_size_1775_depth_28__ER__D5,192,25_add192_err_0.0267792_size_1775_depth_28,D5,,67643609832176084805255734067370042727870156271006719404400249677186066721374327044148568456873894531374417137142337897928035283731041715625639242669533386328125/449891379454319638281053850768598185886969711830191663310075557261183758067148787031904068610389085714992091063352089512320826605549429968900851518086516385513472,False,,True
width192__25_add192_err_0.0267792_size_1775_depth_28__ER__R0,192,25_add192_err_0.0267792_size_1775_depth_28,R0,,1796182896116968905950380617869372991242483491576716371763051669004590209662802356325437200018648658427854967019840410802119233384138851956085435053056421547977557477/58968162887836583628774290327941701420576894069006881693378223441337877537377325813845730080900918242835443359855685076558915384842574884883772410178635875682021801984,False,,True
width192__25_add192_err_0.0267792_size_1775_depth_28__ER__R1,192,25_add192_err_0.0267792_size_1775_depth_28,R1,,8724556448868324711189670873850529926536410033451799626885946194861314359552017407414787209255318406444189857123785345851440242167307996692754615790836545/214524926879081553593184399971293538039669853129478294043576983099548224481176751628829988770670454843040509730983776813660062124991145119142938384097345536,False,,True
width192__25_add192_err_0.0267792_size_1775_depth_28__ER__R2,192,25_add192_err_0.0267792_size_1775_depth_28,R2,,5750614892768056072525024007687139733623390456261929599344184618911647457626311166240587680858108493013661081536741083823351257635792251477847049552975082755/219673525124179510879420825570604582952621929604585773100622830693937381868724993667921908501166545759273481964527387457187903615990932602002368905315681828864,False,,True
width192__25_add192_err_0.0267792_size_1775_depth_28__ER__R3,192,25_add192_err_0.0267792_size_1775_depth_28,R3,,22939806737293156777003699888850246148596720741957224964405647267578890715100473247340424725191037080860249015980958049245321393732886403842216883030526424009345/899782758908639276562107701537196371773939423660383326620151114522367516134297574063808137220778171429984182126704179024641653211098859937801703036173032771026944,False,,True
width192__25_add192_err_0.0267792_size_1775_depth_28__ER__R4,192,25_add192_err_0.0267792_size_1775_depth_28,R4,,72672845856825956118950069112315009367011927145961441082174542159739582644887679252099164982842272155707549232392754799888980691733766110957577781057012425/1716199415032652428745475199770348304317358825035826352348615864796385795849414013030639910165363638744324077847870214509280496999929160953143507072778764288,False,,True
width192__25_add192_err_0.0267792_size_1775_depth_28__ER__R5,192,25_add192_err_0.0267792_size_1775_depth_28,R5,,54213038956347356877247663932342126962931117277996572785400449197400270566222675975632367939913274469989124979743050776657197678184052681889454087679517175/1716199415032652428745475199770348304317358825035826352348615864796385795849414013030639910165363638744324077847870214509280496999929160953143507072778764288,False,,True
width192__25_add192_err_0.0267792_size_1775_depth_28__ER__R6,192,25_add192_err_0.0267792_size_1775_depth_28,R6,,4508028783348656307297484983683447313641192168213942528349653264901666314131781465621302478716498580308543005576722426539000012281523137736978896610023850046905/224945689727159819140526925384299092943484855915095831655037778630591879033574393515952034305194542857496045531676044756160413302774714984450425759043258192756736,False,,True
width192__25_add192_err_0.0267792_size_1775_depth_28__ER__R7,192,25_add192_err_0.0267792_size_1775_depth_28,R7,,353825847469106241203392509445300484758855800759903301429106744316021426241666080978382570319987030374552858599947092025143026201891589350667643650057152465/13729595320261219429963801598162786434538870600286610818788926918371086366795312104245119281322909109954592622782961716074243975999433287625148056582230114304,False,,True
width192__25_add192_err_0.0267792_size_1775_depth_28__ER__R8,192,25_add192_err_0.0267792_size_1775_depth_28,R8,,51041259506603186556694912475053660617087273445071183746735411369679824962354780712547736038118855606629916541528807065590684182846385812263858982887717013117/1757388200993436087035366604564836663620975436836686184804982645551499054949799949343375268009332366074187855716219099657503228927927460816018951242525454630912,False,,True
width192__25_add192_err_0.0267792_size_1775_depth_28__ER__R9,192,25_add192_err_0.0267792_size_1775_depth_28,R9,,2057950861784224940553436833596605027777400316450284982431307954074473830109630410288180375811437469294074524430903823973403875137270701562240859684690575/53631231719770388398296099992823384509917463282369573510894245774887056120294187907207497192667613710760127432745944203415015531247786279785734596024336384,False,,True
width192__28_add192_err_0.0333099_size_1758_depth_28__ER__D0,192,28_add192_err_0.0333099_size_1758_depth_28,D0,,1600532737905044797558392889050968359926657170910478335/49039857307708443467467104868809893875799651909875269632,False,,True
width192__28_add192_err_0.0333099_size_1758_depth_28__ER__D1,192,28_add192_err_0.0333099_size_1758_depth_28,D1,,298918631222529813331096795120171801417650021276197127708392169132972057631783833327315297964068335215874472751377971929823300143147877795859675909428599849719/449891379454319638281053850768598185886969711830191663310075557261183758067148787031904068610389085714992091063352089512320826605549429968900851518086516385513472,False,,True
width192__28_add192_err_0.0333099_size_1758_depth_28__ER__D2,192,28_add192_err_0.0333099_size_1758_depth_28,D2,,2684138445190555597544189458444063916862976310852559509344684610042872096926947606305777660533286787630352287585754460289450064359918774567776080203163899116263/449891379454319638281053850768598185886969711830191663310075557261183758067148787031904068610389085714992091063352089512320826605549429968900851518086516385513472,False,,True
width192__28_add192_err_0.0333099_size_1758_depth_28__ER__D3,192,28_add192_err_0.0333099_size_1758_depth_28,D3,,2034703404769898055622569735463045622907769150218181432505273009160415122484629891980014286005039917677367632697356750821015364720299467616487838036025146662775/449891379454319638281053850768598185886969711830191663310075557261183758067148787031904068610389085714992091063352089512320826605549429968900851518086516385513472,False,,True
width192__28_add192_err_0.0333099_size_1758_depth_28__ER__D4,192,28_add192_err_0.0333099_size_1758_depth_28,D4,,80481856679439484846778874891405532417847737082993133342682872477643166893574093741928510530778846437324851962981970311605834925456124867633981038653530862109375/449891379454319638281053850768598185886969711830191663310075557261183758067148787031904068610389085714992091063352089512320826605549429968900851518086516385513472,False,,True
width192__28_add192_err_0.0333099_size_1758_depth_28__ER__D5,192,28_add192_err_0.0333099_size_1758_depth_28,D5,,80481856679439484846778874891405532417847737082993133342682872477643166893574093741928510530778846437324851962981970311605834925456124867633981038653530862109375/449891379454319638281053850768598185886969711830191663310075557261183758067148787031904068610389085714992091063352089512320826605549429968900851518086516385513472,False,,True
width192__28_add192_err_0.0333099_size_1758_depth_28__ER__R0,192,28_add192_err_0.0333099_size_1758_depth_28,R0,,69335531026569488763790891637026935523442494809911382821163109162440282966664386618746511322717743385185206487104283671703168918610883358551278848184841377129665024359/1886981212410770676120777290494134445458460610208220214188103150122812081196074426043063362588829383770734187515381922449885292314962396316280717125716348021824697663488,False,,True
width192__28_add192_err_0.0333099_size_1758_depth_28__ER__R1,192,28_add192_err_0.0333099_size_1758_depth_28,R1,,171115211721721800253098296836952971108837643130103464689167364581291799570271046594812452678587401590485119066504707318694612689955192845600229259065583405/3432398830065304857490950399540696608634717650071652704697231729592771591698828026061279820330727277488648155695740429018560993999858321906287014145557528576,False,,True
width192__28_add192_err_0.0333099_size_1758_depth_28__ER__R2,192,28_add192_err_0.0333099_size_1758_depth_28,R2,,1870687979069883204616854140229706255595470000975576716253324141094550945554722854953749397682431618708222054750341951322112599320670589231739018949255336935/54918381281044877719855206392651145738155482401146443275155707673484345467181248416980477125291636439818370491131846864296975903997733150500592226328920457216,False,,True
width192__28_add192_err_0.0333099_size_1758_depth_28__ER__R3,192,28_add192_err_0.0333099_size_1758_depth_28,R3,,959517625429987593146324205769910770785494646543472854545178533540616972854131659087308833714076618132950005359525228265867905122306433267223737758325308365035/28118211215894977392565865673037386617935606989386978956879722328823984879196799189494004288149317857187005691459505594520051662846839373056303219880407274094592,False,,True
width192__28_add192_err_0.0333099_size_1758_depth_28__ER__R4,192,28_add192_err_0.0333099_size_1758_depth_28,R4,,668231509512766303885043780570172353081745602967543969561406816057180792502142030905370439449839092825162397802058140720950955433737748577340825168584098375/13729595320261219429963801598162786434538870600286610818788926918371086366795312104245119281322909109954592622782961716074243975999433287625148056582230114304,False,,True
width192__28_add192_err_0.0333099_size_1758_depth_28__ER__R5,192,28_add192_err_0.0333099_size_1758_depth_28,R5,,239993830608278137073188032501512760130451011985452158931357129608384322472358888475338776635226175931610388428702152795719997468202836547563631940243647075/6864797660130609714981900799081393217269435300143305409394463459185543183397656052122559640661454554977296311391480858037121987999716643812574028291115057152,False,,True
width192__28_add192_err_0.0333099_size_1758_depth_28__ER__R6,192,28_add192_err_0.0333099_size_1758_depth_28,R6,,64446252683023949899300127026325178082432219198951392228818145738152627176058582748490702075126357525942862543369341740785787654558565060200482035484370973012565/1799565517817278553124215403074392743547878847320766653240302229044735032268595148127616274441556342859968364253408358049283306422197719875603406072346065542053888,False,,True
width192__28_add192_err_0.0333099_size_1758_depth_28__ER__R7,192,28_add192_err_0.0333099_size_1758_depth_28,R7,,14075922335142412276706006025649454723106305338674606975635614743498656231064724436310655710559930363117897910945234796408282379599478887500568163963428945/429049853758163107186368799942587076079339706258956588087153966199096448962353503257659977541340909686081019461967553627320124249982290238285876768194691072,False,,True
width192__28_add192_err_0.0333099_size_1758_depth_28__ER__R8,192,28_add192_err_0.0333099_size_1758_depth_28,R8,,898549818180764127287731969642849035986252834658944973809849811783392074658436837824740256191415644663534021830276204871232949036189360443462275105408495703/27459190640522438859927603196325572869077741200573221637577853836742172733590624208490238562645818219909185245565923432148487951998866575250296113164460228608,False,,True
width192__28_add192_err_0.0333099_size_1758_depth_28__ER__R9,192,28_add192_err_0.0333099_size_1758_depth_28,R9,,278148100147366372861073409791936228912421707936085911447261810317482186348323017605833899087156180185653315684504594725576229549611179394492362857950629725/6864797660130609714981900799081393217269435300143305409394463459185543183397656052122559640661454554977296311391480858037121987999716643812574028291115057152,False,,True
width192__30_add192_err_0.0512085_size_1751_depth_28__ER__D0,192,30_add192_err_0.0512085_size_1751_depth_28,D0,,4868138916877520147721801534560449870433738926735567095/98079714615416886934934209737619787751599303819750539264,False,,True
width192__30_add192_err_0.0512085_size_1751_depth_28__ER__D1,192,30_add192_err_0.0512085_size_1751_depth_28,D1,,3300236610564367062287630409011599002832638518269454923266236947343882753494642358891656725873464864381371865355724108059974047825531461356653785866892164738169/899782758908639276562107701537196371773939423660383326620151114522367516134297574063808137220778171429984182126704179024641653211098859937801703036173032771026944,False,,True
width192__30_add192_err_0.0512085_size_1751_depth_28__ER__D2,192,30_add192_err_0.0512085_size_1751_depth_28,D2,,8336159333314393567655011856549778129036342454404851422512299567587918051741814655937021805632938438034008071773052191445459287514594421000414632199078599728209/899782758908639276562107701537196371773939423660383326620151114522367516134297574063808137220778171429984182126704179024641653211098859937801703036173032771026944,False,,True
width192__30_add192_err_0.0512085_size_1751_depth_28__ER__D3,192,30_add192_err_0.0512085_size_1751_depth_28,D3,,22423829379942347153130520712432096968526201893891913295217387482523799649998650337446151693111166070442035108142305261622106319333947207713647303813188067858425/899782758908639276562107701537196371773939423660383326620151114522367516134297574063808137220778171429984182126704179024641653211098859937801703036173032771026944,False,,True
width192__30_add192_err_0.0512085_size_1751_depth_28__ER__D4,192,30_add192_err_0.0512085_size_1751_depth_28,D4,,186275185925840329323198089241981351520508470102795813870861571466153606643771952313510163407058152651590457466894174553043415324186212472205719868371331335909125/899782758908639276562107701537196371773939423660383326620151114522367516134297574063808137220778171429984182126704179024641653211098859937801703036173032771026944,False,,True
width192__30_add192_err_0.0512085_size_1751_depth_28__ER__D5,192,30_add192_err_0.0512085_size_1751_depth_28,D5,,186275185925840329323198089241981351520508470102795813870861571466153606643771952313510163407058152651590457466894174553043415324186212472205719868371331335909125/899782758908639276562107701537196371773939423660383326620151114522367516134297574063808137220778171429984182126704179024641653211098859937801703036173032771026944,False,,True
width192__30_add192_err_0.0512085_size_1751_depth_28__ER__R0,192,30_add192_err_0.0512085_size_1751_depth_28,R0,,702860294021926907440199319599851721678428339530157151766817357380851169709060783547916451382099518121832562816318538924424858620382806256975363117904742755230718673773/15095849699286165408966218323953075563667684881665761713504825200982496649568595408344506900710635070165873500123055379599082338519699170530245737005730784174597581307904,False,,True
width192__30_add192_err_0.0512085_size_1751_depth_28__ER__R1,192,30_add192_err_0.0512085_size_1751_depth_28,R1,,186651562986669008640990595372784957929829868216165927976746736585374487019714874753930217176463712330186515693143754666584187502782839107239037447176875955/3432398830065304857490950399540696608634717650071652704697231729592771591698828026061279820330727277488648155695740429018560993999858321906287014145557528576,False,,True
width192__30_add192_err_0.0512085_size_1751_depth_28__ER__R2,192,30_add192_err_0.0512085_size_1751_depth_28,R2,,525925373404734666866046123456080234254035060480934417602418733581915713782751306753093841202070953844893405356492241458801763169632214428582061690876150687679/14059105607947488696282932836518693308967803494693489478439861164411992439598399594747002144074658928593502845729752797260025831423419686528151609940203637047296,False,,True
width192__30_add192_err_0.0512085_size_1751_depth_28__ER__R3,192,30_add192_err_0.0512085_size_1751_depth_28,R3,,40720130514068843830638266461435732129752146182438107895827703183974462718694908438361898930567832929311943487931371994122581041027839155636084860868705441914485/899782758908639276562107701537196371773939423660383326620151114522367516134297574063808137220778171429984182126704179024641653211098859937801703036173032771026944,False,,True
width192__30_add192_err_0.0512085_size_1751_depth_28__ER__R4,192,30_add192_err_0.0512085_size_1751_depth_28,R4,,103310088760298271479276649530591253620818550838974237892169258433178687788510117920266089163568402710050358040941691096533594623820741500643582926518214525/1716199415032652428745475199770348304317358825035826352348615864796385795849414013030639910165363638744324077847870214509280496999929160953143507072778764288,False,,True
width192__30_add192_err_0.0512085_size_1751_depth_28__ER__R5,192,30_add192_err_0.0512085_size_1751_depth_28,R5,,79089721659738533163360439684664763734118796919439333659104809539603437186271367385428424095514335547854042316726096943195040460100994708949135711789234657895/1757388200993436087035366604564836663620975436836686184804982645551499054949799949343375268009332366074187855716219099657503228927927460816018951242525454630912,False,,True
width192__30_add192_err_0.0512085_size_1751_depth_28__ER__R6,192,30_add192_err_0.0512085_size_1751_depth_28,R6,,10876183499207041873414476956314146444656103322741602048207562251536784030052746372724863986291215359597474896993834788950203365802848363961549137700667457467043/224945689727159819140526925384299092943484855915095831655037778630591879033574393515952034305194542857496045531676044756160413302774714984450425759043258192756736,False,,True
width192__30_add192_err_0.0512085_size_1751_depth_28__ER__R7,192,30_add192_err_0.0512085_size_1751_depth_28,R7,,306623167143633060235027593425938285458276146881204606387029530051172677459261007608896833898698595308373859167330995439399440128952210158205470714630348887005/7029552803973744348141466418259346654483901747346744739219930582205996219799199797373501072037329464296751422864876398630012915711709843264075804970101818523648,False,,True
width192__30_add192_err_0.0512085_size_1751_depth_28__ER__R8,192,30_add192_err_0.0512085_size_1751_depth_28,R8,,3679714866914823942283448514219440015006416910064957315366293232071543137215742387021977380671160430953725887133893117147296464174521020925949379513672356787/109836762562089755439710412785302291476310964802292886550311415346968690934362496833960954250583272879636740982263693728593951807995466301001184452657840914432,False,,True
width192__30_add192_err_0.0512085_size_1751_depth_28__ER__R9,192,30_add192_err_0.0512085_size_1751_depth_28,R9,,578437711056925407375473695278345558592045642234712971924738248853950553538148231613286983847956589838673115468916904639769118925023244440315249952681531591/13729595320261219429963801598162786434538870600286610818788926918371086366795312104245119281322909109954592622782961716074243975999433287625148056582230114304,False,,True
width192__3_add192_err_0_size_1935_depth_28__ER__D0,192,3_add192_err_0_size_1935_depth_28,D0,7253462684248872887320575/316912650057057350374175801344,7253462684248872887320575/316912650057057350374175801344,False,True,False
width192__3_add192_err_0_size_1935_depth_28__ER__D1,192,3_add192_err_0_size_1935_depth_28,D1,91268357406080071388854493463475261554169006226327522280628619244052587631205463/1989292945639146568621528992587283360401824603189390869761855907572637988050133502132224,91268357406080071388854493463475261554169006226327522280628619244052587631205463/1989292945639146568621528992587283360401824603189390869761855907572637988050133502132224,False,True,False
width192__3_add192_err_0_size_1935_depth_28__ER__D2,192,3_add192_err_0_size_1935_depth_28,D2,821415183155728585323398442643250402724655858552934952563650701103676968302720903/1989292945639146568621528992587283360401824603189390869761855907572637988050133502132224,821415183155728585323398442643250402724655858552934952563650701103676968302720903/1989292945639146568621528992587283360401824603189390869761855907572637988050133502132224,False,True,False
width192__3_add192_err_0_size_1935_depth_28__ER__D3,192,3_add192_err_0_size_1935_depth_28,D3,622284236584710097113378709687316479597783060367377597939819444105980414081564375/1989292945639146568621528992587283360401824603189390869761855907572637988050133502132224,622284236584710097113378709687316479597783060367377597939819444105980414081564375/1989292945639146568621528992587283360401824603189390869761855907572637988050133502132224,False,True,False
width192__3_add192_err_0_size_1935_depth_28__ER__D4,192,3_add192_err_0_size_1935_depth_28,D4,1616866128352659375007847559775471773320743654556366674094913653208591923675537109375/1989292945639146568621528992587283360401824603189390869761855907572637988050133502132224,1616866128352659375007847559775471773320743654556366674094913653208591923675537109375/1989292945639146568621528992587283360401824603189390869761855907572637988050133502132224,False,True,False
width192__3_add192_err_0_size_1935_depth_28__ER__D5,192,3_add192_err_0_size_1935_depth_28,D5,1616866128352659375007847559775471773320743654556366674094913653208591923675537109375/1989292945639146568621528992587283360401824603189390869761855907572637988050133502132224,1616866128352659375007847559775471773320743654556366674094913653208591923675537109375/1989292945639146568621528992587283360401824603189390869761855907572637988050133502132224,False,True,False
width192__3_add192_err_0_size_1935_depth_28__ER__R0,192,3_add192_err_0_size_1935_depth_28,R0,392736828198749307758042709201687497827147282323787241147246410653963881261319633191875/32592575621351777380295131014550050576823494298654980010178247189670100796213387298934358016,392736828198749307758042709201687497827147282323787241147246410653963881261319633191875/32592575621351777380295131014550050576823494298654980010178247189670100796213387298934358016,False,True,False
width192__3_add192_err_0_size_1935_depth_28__ER__R1,192,3_add192_err_0_size_1935_depth_28,R1,188183571509318671066689031825542264169074839257027823014609715921574345090625/3794275180128377091639574036764685364535950857523710002444946112771297432041422848,188183571509318671066689031825542264169074839257027823014609715921574345090625/3794275180128377091639574036764685364535950857523710002444946112771297432041422848,False,True,False
width192__3_add192_err_0_size_1935_depth_28__ER__R2,192,3_add192_err_0_size_1935_depth_28,R2,591611076061210580804886131421509498799105029374437389907305053405191266311440308125/127314748520905380391777855525586135065716774604121015664758778084648831235208544136462336,591611076061210580804886131421509498799105029374437389907305053405191266311440308125/127314748520905380391777855525586135065716774604121015664758778084648831235208544136462336,False,True,False
width192__3_add192_err_0_size_1935_depth_28__ER__R3,192,3_add192_err_0_size_1935_depth_28,R3,259558164425489490748189251082668371834274674569774713420834758988742499323155/3794275180128377091639574036764685364535950857523710002444946112771297432041422848,259558164425489490748189251082668371834274674569774713420834758988742499323155/3794275180128377091639574036764685364535950857523710002444946112771297432041422848,False,True,False
width192__3_add192_err_0_size_1935_depth_28__ER__R4,192,3_add192_err_0_size_1935_depth_28,R4,1991240944583873136967902843445822022849181066364629210841056916052195585317690625/124330809102446660538845562036705210025114037699336929360115994223289874253133343883264,1991240944583873136967902843445822022849181066364629210841056916052195585317690625/124330809102446660538845562036705210025114037699336929360115994223289874253133343883264,False,True,False
width192__3_add192_err_0_size_1935_depth_28__ER__R5,192,3_add192_err_0_size_1935_depth_28,R5,777740332963407217878193095031851527971063777428200894755322973828615953307135117375/31828687130226345097944463881396533766429193651030253916189694521162207808802136034115584,777740332963407217878193095031851527971063777428200894755322973828615953307135117375/31828687130226345097944463881396533766429193651030253916189694521162207808802136034115584,False,True,False
width192__3_add192_err_0_size_1935_depth_28__ER__R6,192,3_add192_err_0_size_1935_depth_28,R6,1076549119802369613939303788811472567271404050469337377294031686241608391545875/30354201441027016733116592294117482916287606860189680019559568902170379456331382784,1076549119802369613939303788811472567271404050469337377294031686241608391545875/30354201441027016733116592294117482916287606860189680019559568902170379456331382784,False,True,False
width192__3_add192_err_0_size_1935_depth_28__ER__R7,192,3_add192_err_0_size_1935_depth_28,R7,460048342004701727572867111392855706009621139699916057912495369685412939906832796875/509258994083621521567111422102344540262867098416484062659035112338595324940834176545849344,460048342004701727572867111392855706009621139699916057912495369685412939906832796875/509258994083621521567111422102344540262867098416484062659035112338595324940834176545849344,False,True,False
width192__3_add192_err_0_size_1935_depth_28__ER__R8,192,3_add192_err_0_size_1935_depth_28,R8,347176955216286214966199953735415928332335070501418004847394699501385860227345125/31082702275611665134711390509176302506278509424834232340028998555822468563283335970816,347176955216286214966199953735415928332335070501418004847394699501385860227345125/31082702275611665134711390509176302506278509424834232340028998555822468563283335970816,False,True,False
width192__3_add192_err_0_size_1935_depth_28__ER__R9,192,3_add192_err_0_size_1935_depth_28,R9,2475881990668692763534870036102342699308779260083136158084141759637380015625/237142198758023568227473377297792835283496928595231875152809132048206089502588928,2475881990668692763534870036102342699308779260083136158084141759637380015625/237142198758023568227473377297792835283496928595231875152809132048206089502588928,False,True,False
width192__6_add192_err_0_size_1912_depth_28__ER__D0,192,6_add192_err_0_size_1912_depth_28,D0,124611955521856160852693575828635645/2722258935367507707706996859454145691648,124611955521856160852693575828635645/2722258935367507707706996859454145691648,False,True,False
width192__6_add192_err_0_size_1912_depth_28__ER__D1,192,6_add192_err_0_size_1912_depth_28,D1,28924095684883658208313398489398766776030101450829391583086733253014797849123270998619012894370332731844923265/315216049571155833698232320801148910440637914163723573343586347233965774171977684891314130039079325126453023922454528,28924095684883658208313398489398766776030101450829391583086733253014797849123270998619012894370332731844923265/315216049571155833698232320801148910440637914163723573343586347233965774171977684891314130039079325126453023922454528,False,True,False
width192__6_add192_err_0_size_1912_depth_28__ER__D2,192,6_add192_err_0_size_1912_depth_28,D2,260316808082689306334783777199317107621168577288380759133087992371068181251511584944209942195896752647588095577/315216049571155833698232320801148910440637914163723573343586347233965774171977684891314130039079325126453023922454528,260316808082689306334783777199317107621168577288380759133087992371068181251511584944209942195896752647588095577/315216049571155833698232320801148910440637914163723573343586347233965774171977684891314130039079325126453023922454528,False,True,False
width192__6_add192_err_0_size_1912_depth_28__ER__D3,192,6_add192_err_0_size_1912_depth_28,D3,197209714060149280617146343904921163990672138657993630934292881123688237762535535927551192199163864871260543425/315216049571155833698232320801148910440637914163723573343586347233965774171977684891314130039079325126453023922454528,197209714060149280617146343904921163990672138657993630934292881123688237762535535927551192199163864871260543425/315216049571155833698232320801148910440637914163723573343586347233965774171977684891314130039079325126453023922454528,False,True,False
width192__6_add192_err_0_size_1912_depth_28__ER__D4,192,6_add192_err_0_size_1912_depth_28,D4,512173946154686850628338726032189136077676314097937011686393599548133502603152856441731192051833648954620361328125/315216049571155833698232320801148910440637914163723573343586347233965774171977684891314130039079325126453023922454528,512173946154686850628338726032189136077676314097937011686393599548133502603152856441731192051833648954620361328125/315216049571155833698232320801148910440637914163723573343586347233965774171977684891314130039079325126453023922454528,False,True,False
width192__6_add192_err_0_size_1912_depth_28__ER__D5,192,6_add192_err_0_size_1912_depth_28,D5,512173946154686850628338726032189136077676314097937011686393599548133502603152856441731192051833648954620361328125/315216049571155833698232320801148910440637914163723573343586347233965774171977684891314130039079325126453023922454528,512173946154686850628338726032189136077676314097937011686393599548133502603152856441731192051833648954620361328125/315216049571155833698232320801148910440637914163723573343586347233965774171977684891314130039079325126453023922454528,False,True,False
width192__6_add192_err_0_size_1912_depth_28__ER__R0,192,6_add192_err_0_size_1912_depth_28,R0,6043638748717580176266419184215665909923656801310799275682787959485734486922491334419524087929259590994506641668743570625/169230328010303641331690318856389386196071598838855992136870091590247882556495704531248437872567112920983350278405979725889536,6043638748717580176266419184215665909923656801310799275682787959485734486922491334419524087929259590994506641668743570625/169230328010303641331690318856389386196071598838855992136870091590247882556495704531248437872567112920983350278405979725889536,False,True,False
width192__6_add192_err_0_size_1912_depth_28__ER__R1,192,6_add192_err_0_size_1912_depth_28,R1,74912790188666970557976715894674608760650495015673214641851995133075156775877058365595973404726700385214375/601226901190101306339707032778070279008174732520529886901066488712245510429339761526706943586500787976175353856,74912790188666970557976715894674608760650495015673214641851995133075156775877058365595973404726700385214375/601226901190101306339707032778070279008174732520529886901066488712245510429339761526706943586500787976175353856,False,True,False
width192__6_add192_err_0_size_1912_depth_28__ER__R2,192,6_add192_err_0_size_1912_depth_28,R2,84332248027353000612034611474037929604059433876701249410126901294409249808575984376804865468750047276556229874375/5043456793138493339171717132818382567050206626619577173497381555743452386751642958261026080625269202023248382759272448,84332248027353000612034611474037929604059433876701249410126901294409249808575984376804865468750047276556229874375/5043456793138493339171717132818382567050206626619577173497381555743452386751642958261026080625269202023248382759272448,False,True,False
width192__6_add192_err_0_size_1912_depth_28__ER__R3,192,6_add192_err_0_size_1912_depth_28,R3,114522974425816589774986731763423484914777164730624567997861276916715281041086737758836599163376581593345462055/1231312693637327475383720003129487931408741852202045208373384168882678805359287831606695820465153613775207124697088,114522974425816589774986731763423484914777164730624567997861276916715281041086737758836599163376581593345462055/1231312693637327475383720003129487931408741852202045208373384168882678805359287831606695820465153613775207124697088,False,True,False
width192__6_add192_err_0_size_1912_depth_28__ER__R4,192,6_add192_err_0_size_1912_depth_28,R4,2020312160547675963853824358165578690617609145380637862400273536473121726082746678285936520057830718135936875/76957043352332967211482500195592995713046365762627825523336510555167425334955489475418488779072100860950445293568,2020312160547675963853824358165578690617609145380637862400273536473121726082746678285936520057830718135936875/76957043352332967211482500195592995713046365762627825523336510555167425334955489475418488779072100860950445293568,False,True,False
width192__6_add192_err_0_size_1912_depth_28__ER__R5,192,6_add192_err_0_size_1912_depth_28,R5,64998044721883974096304278919720150105912747243733377266537265188348230128307331675649384989080710747937646125/615656346818663737691860001564743965704370926101022604186692084441339402679643915803347910232576806887603562348544,64998044721883974096304278919720150105912747243733377266537265188348230128307331675649384989080710747937646125/615656346818663737691860001564743965704370926101022604186692084441339402679643915803347910232576806887603562348544,False,True,False
width192__6_add192_err_0_size_1912_depth_28__ER__R6,192,6_add192_err_0_size_1912_depth_28,R6,154441204708533534540838707583234289502006874538709314704783274077454546358977650213028971155860551573100748523125/2521728396569246669585858566409191283525103313309788586748690777871726193375821479130513040312634601011624191379636224,154441204708533534540838707583234289502006874538709314704783274077454546358977650213028971155860551573100748523125/2521728396569246669585858566409191283525103313309788586748690777871726193375821479130513040312634601011624191379636224,False,True,False
width192__6_add192_err_0_size_1912_depth_28__ER__R7,192,6_add192_err_0_size_1912_depth_28,R7,442555732835582725895023769947154587218606089879263765230503757878978867306676100948872517060256405988338757375/19701003098197239606139520050071806902539869635232723333974146702122860885748605305707133127442457820403313995153408,442555732835582725895023769947154587218606089879263765230503757878978867306676100948872517060256405988338757375/19701003098197239606139520050071806902539869635232723333974146702122860885748605305707133127442457820403313995153408,False,True,False
width192__6_add192_err_0_size_1912_depth_28__ER__R8,192,6_add192_err_0_size_1912_depth_28,R8,2519574346006654060558647216748215081868353997847590399855549716835832332767662673843822288964751142275153875/153914086704665934422965000391185991426092731525255651046673021110334850669910978950836977558144201721900890587136,2519574346006654060558647216748215081868353997847590399855549716835832332767662673843822288964751142275153875/153914086704665934422965000391185991426092731525255651046673021110334850669910978950836977558144201721900890587136,False,True,False
width192__6_add192_err_0_size_1912_depth_28__ER__R9,192,6_add192_err_0_size_1912_depth_28,R9,76983843052759203115988442565339957897268521421769780805364075776935963311797687592077348930453779534359375/1202453802380202612679414065556140558016349465041059773802132977424491020858679523053413887173001575952350707712,76983843052759203115988442565339957897268521421769780805364075776935963311797687592077348930453779534359375/1202453802380202612679414065556140558016349465041059773802132977424491020858679523053413887173001575952350707712,False,True,False
width256__10_add256_err_0_size_2531_depth_31__ER__D0,256,10_add256_err_0_size_2531_depth_31,D0,803841391853812461762759368895789474108836187636476336340993/13164036458569648337239753460458804039861886925068638906788872192,803841391853812461762759368895789474108836187636476336340993/13164036458569648337239753460458804039861886925068638906788872192,False,True,False
width256__10_add256_err_0_size_2531_depth_31__ER__D1,256,10_add256_err_0_size_2531_depth_31,D1,255525620041704639251788485185549819293622214750777443948084250298164838314784415073697824197981965637929564812684741803431211083315771200358104456006776768053209800554717541613021291/556938551955834377275533643273961343370755433013740225900780336657626363184653001282460059975265063449541297555370411048668054775558525146271076821255153099151854818647493280039413353545728,255525620041704639251788485185549819293622214750777443948084250298164838314784415073697824197981965637929564812684741803431211083315771200358104456006776768053209800554717541613021291/556938551955834377275533643273961343370755433013740225900780336657626363184653001282460059975265063449541297555370411048668054775558525146271076821255153099151854818647493280039413353545728,False,True,False
width256__10_add256_err_0_size_2531_depth_31__ER__D2,256,10_add256_err_0_size_2531_depth_31,D2,482683039703847370658690513376271696944867602744305091622409898849332805538714670692642003162715872663253734984493542063649320662179461438690296344007828276127913039207947986544975435/556938551955834377275533643273961343370755433013740225900780336657626363184653001282460059975265063449541297555370411048668054775558525146271076821255153099151854818647493280039413353545728,482683039703847370658690513376271696944867602744305091622409898849332805538714670692642003162715872663253734984493542063649320662179461438690296344007828276127913039207947986544975435/556938551955834377275533643273961343370755433013740225900780336657626363184653001282460059975265063449541297555370411048668054775558525146271076821255153099151854818647493280039413353545728,False,True,False
width256__10_add256_err_0_size_2531_depth_31__ER__D3,256,10_add256_err_0_size_2531_depth_31,D3,503324046399692839375030205698907239784462945584305177211083634405538947040723170734945471353807457040756248655321525060465159381325646150122283619258469195386312987414866206670368595/556938551955834377275533643273961343370755433013740225900780336657626363184653001282460059975265063449541297555370411048668054775558525146271076821255153099151854818647493280039413353545728,503324046399692839375030205698907239784462945584305177211083634405538947040723170734945471353807457040756248655321525060465159381325646150122283619258469195386312987414866206670368595/556938551955834377275533643273961343370755433013740225900780336657626363184653001282460059975265063449541297555370411048668054775558525146271076821255153099151854818647493280039413353545728,False,True,False
width256__10_add256_err_0_size_2531_depth_31__ER__D4,256,10_add256_err_0_size_2531_depth_31,D4,1149809563729018420767230356156030543837137462881368515237506275963745430415509449019821626888672030302687818609893632255596863375031803525631517034791867645970400113809666726593017578125/556938551955834377275533643273961343370755433013740225900780336657626363184653001282460059975265063449541297555370411048668054775558525146271076821255153099151854818647493280039413353545728,1149809563729018420767230356156030543837137462881368515237506275963745430415509449019821626888672030302687818609893632255596863375031803525631517034791867645970400113809666726593017578125/556938551955834377275533643273961343370755433013740225900780336657626363184653001282460059975265063449541297555370411048668054775558525146271076821255153099151854818647493280039413353545728,False,True,False
width256__10_add256_err_0_size_2531_depth_31__ER__D5,256,10_add256_err_0_size_2531_depth_31,D5,1149809563729018420767230356156030543837137462881368515237506275963745430415509449019821626888672030302687818609893632255596863375031803525631517034791867645970400113809666726593017578125/556938551955834377275533643273961343370755433013740225900780336657626363184653001282460059975265063449541297555370411048668054775558525146271076821255153099151854818647493280039413353545728,1149809563729018420767230356156030543837137462881368515237506275963745430415509449019821626888672030302687818609893632255596863375031803525631517034791867645970400113809666726593017578125/556938551955834377275533643273961343370755433013740225900780336657626363184653001282460059975265063449541297555370411048668054775558525146271076821255153099151854818647493280039413353545728,False,True,False
width256__10_add256_err_0_size_2531_depth_31__ER__R0,256,10_add256_err_0_size_2531_depth_31,R0,629698502035637573874138684931829086454903326567095000862961439418101716046679501650209004042919990775028736527018144579525289978116648342074717393828782071410927551057053991620166475/17404329748619824289860426352311291980336107281679382059399385520550823849520406290076876874227033232798165548605325345270876711736203910820971150664223534348495463082734165001231667298304,629698502035637573874138684931829086454903326567095000862961439418101716046679501650209004042919990775028736527018144579525289978116648342074717393828782071410927551057053991620166475/17404329748619824289860426352311291980336107281679382059399385520550823849520406290076876874227033232798165548605325345270876711736203910820971150664223534348495463082734165001231667298304,False,True,False
width256__10_add256_err_0_size_2531_depth_31__ER__R1,256,10_add256_err_0_size_2531_depth_31,R1,6659612251744728154143735846297962969464584791187805033647380771626008093212043991558401319294740375794043995909026623022163622972834956857786962014601708087962111092819524438493887146613505/145998099763910246996517491382409322396583312231953917778534160572776805350677676368189209962155884792916553906355021033942038551084014015944085162231110854024063829579528478402651974151891320832,6659612251744728154143735846297962969464584791187805033647380771626008093212043991558401319294740375794043995909026623022163622972834956857786962014601708087962111092819524438493887146613505/145998099763910246996517491382409322396583312231953917778534160572776805350677676368189209962155884792916553906355021033942038551084014015944085162231110854024063829579528478402651974151891320832,False,True,False
width256__10_add256_err_0_size_2531_depth_31__ER__R2,256,10_add256_err_0_size_2531_depth_31,R2,2264191568642821052918424244567748924999201800606136136039857956735930729069195244561663021660251933746699734143771911310159329825143290249396156522312041366334448661380158330625/33196124551047943668099262909529289208099569857939495199965258637525222491303265171197656391576830354305583092890406313459161208603294202463094998672911709496489454427212076189483008,2264191568642821052918424244567748924999201800606136136039857956735930729069195244561663021660251933746699734143771911310159329825143290249396156522312041366334448661380158330625/33196124551047943668099262909529289208099569857939495199965258637525222491303265171197656391576830354305583092890406313459161208603294202463094998672911709496489454427212076189483008,False,True,False
width256__10_add256_err_0_size_2531_depth_31__ER__R3,256,10_add256_err_0_size_2531_depth_31,R3,1273997344641519016767495180998071698438435066639285583203614772623165372050216167597394307291012516913953265314538788303618376020521961919273180738105301591307605413360219375/16209045190941378744189093217543598246142368094697019140608036444104112544581672446873855659949624196438272994575393707743731058888327247296433104820757670652582741419537146576896,1273997344641519016767495180998071698438435066639285583203614772623165372050216167597394307291012516913953265314538788303618376020521961919273180738105301591307605413360219375/16209045190941378744189093217543598246142368094697019140608036444104112544581672446873855659949624196438272994575393707743731058888327247296433104820757670652582741419537146576896,False,True,False
width256__10_add256_err_0_size_2531_depth_31__ER__R4,256,10_add256_err_0_size_2531_depth_31,R4,26764235666465888146952396409621141487570145974048987740791140074475422618255156338159265726010042417873975942824764580151333332233792918572094770321765711425412273255459769436127875/543885304644369509058138323509727874385503352552480689356230797517213245297512696564902402319594788524942673393916417039714897241756372213155348458256985448390483221335442656288489603072,26764235666465888146952396409621141487570145974048987740791140074475422618255156338159265726010042417873975942824764580151333332233792918572094770321765711425412273255459769436127875/543885304644369509058138323509727874385503352552480689356230797517213245297512696564902402319594788524942673393916417039714897241756372213155348458256985448390483221335442656288489603072,False,True,False
width256__10_add256_err_0_size_2531_depth_31__ER__R5,256,10_add256_err_0_size_2531_depth_31,R5,406276603318091263804612820517880033597779867258882301888371070309084771070181575329583177983014147376613749503174317711123436313993441245558920843154789929385009047591229190715985/8498207885068273579033411304839498037273489883632510771191106211206456957773635883826600036243668570702229271779944016245545269402443315830552319660265397631101300333366291504507650048,406276603318091263804612820517880033597779867258882301888371070309084771070181575329583177983014147376613749503174317711123436313993441245558920843154789929385009047591229190715985/8498207885068273579033411304839498037273489883632510771191106211206456957773635883826600036243668570702229271779944016245545269402443315830552319660265397631101300333366291504507650048,False,True,False
width256__10_add256_err_0_size_2531_depth_31__ER__R6,256,10_add256_err_0_size_2531_depth_31,R6,83436595830343959663749301617823714749218467439188013911717362435304030055343150678696152934701207529702240399134496774915811167498046729606123173321015321319619312102865724390496875/4351082437154956072465106588077822995084026820419845514849846380137705962380101572519219218556758308199541387151331336317719177934050977705242787666055883587123865770683541250307916824576,83436595830343959663749301617823714749218467439188013911717362435304030055343150678696152934701207529702240399134496774915811167498046729606123173321015321319619312102865724390496875/4351082437154956072465106588077822995084026820419845514849846380137705962380101572519219218556758308199541387151331336317719177934050977705242787666055883587123865770683541250307916824576,False,True,False
width256__10_add256_err_0_size_2531_depth_31__ER__R7,256,10_add256_err_0_size_2531_depth_31,R7,14162024896646884421746655922342815765532279436527379189921015310922187338445290525090212825290413521857468687802083747174354758775389194319774697554783946492076520064109771039375/132784498204191774672397051638117156832398279431757980799861034550100889965213060684790625566307321417222332371561625253836644834413176809852379994691646837985957817708848304757932032,14162024896646884421746655922342815765532279436527379189921015310922187338445290525090212825290413521857468687802083747174354758775389194319774697554783946492076520064109771039375/132784498204191774672397051638117156832398279431757980799861034550100889965213060684790625566307321417222332371561625253836644834413176809852379994691646837985957817708848304757932032,False,True,False
width256__10_add256_err_0_size_2531_depth_31__ER__R8,256,10_add256_err_0_size_2531_depth_31,R8,264238974664713356500014931061394770291273092027597299451673908558903373997121294092103598496902631924506494376494751647064901164413145594811125343082280282947908841607385756555221125/4351082437154956072465106588077822995084026820419845514849846380137705962380101572519219218556758308199541387151331336317719177934050977705242787666055883587123865770683541250307916824576,264238974664713356500014931061394770291273092027597299451673908558903373997121294092103598496902631924506494376494751647064901164413145594811125343082280282947908841607385756555221125/4351082437154956072465106588077822995084026820419845514849846380137705962380101572519219218556758308199541387151331336317719177934050977705242787666055883587123865770683541250307916824576,False,True,False
width256__10_add256_err_0_size_2531_depth_31__ER__R9,256,10_add256_err_0_size_2531_depth_31,R9,92861955142153052294846274164550659548345237863549593219588603928671029919922551310543387988337201057722442705783650565231870036595067351873860702371381891799235937361262356195673376671007536034375/2449441655328671218473925200700819802261115891310932980616707775308160183158275122807205904404441104841876294862561960570988912251863537292521360689146388717906188066642938460312627143172697498123763712,92861955142153052294846274164550659548345237863549593219588603928671029919922551310543387988337201057722442705783650565231870036595067351873860702371381891799235937361262356195673376671007536034375/2449441655328671218473925200700819802261115891310932980616707775308160183158275122807205904404441104841876294862561960570988912251863537292521360689146388717906188066642938460312627143172697498123763712,False,True,False
width32__10_add32_err_0.197418_size_259_depth_14__ER__D0,32,10_add32_err_0.197418_size_259_depth_14,D0,853029939/4294967296,853029939/4294967296,False,True,False
width32__10_add32_err_0.197418_size_259_depth_14__ER__D1,32,10_add32_err_0.197418_size_259_depth_14,D1,17588895218565284406233817/309485009821345068724781056,17588895218565284406233817/309485009821345068724781056,False,True,False
width32__10_add32_err_0.197418_size_259_depth_14__ER__D2,32,10_add32_err_0.197418_size_259_depth_14,D2,27977126307957716782547961/309485009821345068724781056,27977126307957716782547961/309485009821345068724781056,False,True,False
width32__10_add32_err_0.197418_size_259_depth_14__ER__D3,32,10_add32_err_0.197418_size_259_depth_14,D3,30727520451755454209104665/309485009821345068724781056,30727520451755454209104665/309485009821345068724781056,False,True,False
width32__10_add32_err_0.197418_size_259_depth_14__ER__D4,32,10_add32_err_0.197418_size_259_depth_14,D4,124211282144574204701733625/309485009821345068724781056,124211282144574204701733625/309485009821345068724781056,False,True,False
width32__10_add32_err_0.197418_size_259_depth_14__ER__D5,32,10_add32_err_0.197418_size_259_depth_14,D5,124211282144574204701733625/309485009821345068724781056,124211282144574204701733625/309485009821345068724781056,False,True,False
width32__10_add32_err_0.197418_size_259_depth_14__ER__R0,32,10_add32_err_0.197418_size_259_depth_14,R0,1486677041389065935549499742665/20282409603651670423947251286016,1486677041389065935549499742665/20282409603651670423947251286016,False,True,False
width32__10_add32_err_0.197418_size_259_depth_14__ER__R1,32,10_add32_err_0.197418_size_259_depth_14,R1,362884352861682985313011/2417851639229258349412352,362884352861682985313011/2417851639229258349412352,False,True,False
width32__10_add32_err_0.197418_size_259_depth_14__ER__R2,32,10_add32_err_0.197418_size_259_depth_14,R2,17321601551759453139019899/154742504910672534362390528,17321601551759453139019899/154742504910672534362390528,False,True,False
width32__10_add32_err_0.197418_size_259_depth_14__ER__R3,32,10_add32_err_0.197418_size_259_depth_14,R3,1631455084761316066108136544695/10141204801825835211973625643008,1631455084761316066108136544695/10141204801825835211973625643008,False,True,False
width32__10_add32_err_0.197418_size_259_depth_14__ER__R4,32,10_add32_err_0.197418_size_259_depth_14,R4,8977210297532909599090365365/39614081257132168796771975168,8977210297532909599090365365/39614081257132168796771975168,False,True,False
width32__10_add32_err_0.197418_size_259_depth_14__ER__R5,32,10_add32_err_0.197418_size_259_depth_14,R5,60058588667081841052045/604462909807314587353088,60058588667081841052045/604462909807314587353088,False,True,False
width32__10_add32_err_0.197418_size_259_depth_14__ER__R6,32,10_add32_err_0.197418_size_259_depth_14,R6,536488058709068878637/2361183241434822606848,536488058709068878637/2361183241434822606848,False,True,False
width32__10_add32_err_0.197418_size_259_depth_14__ER__R7,32,10_add32_err_0.197418_size_259_depth_14,R7,10670217863324983256511327/38685626227668133590597632,10670217863324983256511327/38685626227668133590597632,False,True,False
width32__10_add32_err_0.197418_size_259_depth_14__ER__R8,32,10_add32_err_0.197418_size_259_depth_14,R8,92077381005143259400152229/618970019642690137449562112,92077381005143259400152229/618970019642690137449562112,False,True,False
width32__10_add32_err_0.197418_size_259_depth_14__ER__R9,32,10_add32_err_0.197418_size_259_depth_14,R9,50904441813587474828843047/309485009821345068724781056,50904441813587474828843047/309485009821345068724781056,False,True,False
width32__11_add32_err_0.223526_size_257_depth_14__ER__D0,32,11_add32_err_0.223526_size_257_depth_14,D0,960702897/4294967296,960702897/4294967296,False,True,False
width32__11_add32_err_0.223526_size_257_depth_14__ER__D1,32,11_add32_err_0.223526_size_257_depth_14,D1,30873559576697241594786639/309485009821345068724781056,30873559576697241594786639/309485009821345068724781056,False,True,False
width32__11_add32_err_0.223526_size_257_depth_14__ER__D2,32,11_add32_err_0.223526_size_257_depth_14,D2,24371167594694053597576191/309485009821345068724781056,24371167594694053597576191/309485009821345068724781056,False,True,False
width32__11_add32_err_0.223526_size_257_depth_14__ER__D3,32,11_add32_err_0.223526_size_257_depth_14,D3,36960520765272264066858255/309485009821345068724781056,36960520765272264066858255/309485009821345068724781056,False,True,False
width32__11_add32_err_0.223526_size_257_depth_14__ER__D4,32,11_add32_err_0.223526_size_257_depth_14,D4,132945830558791265440540375/309485009821345068724781056,132945830558791265440540375/309485009821345068724781056,False,True,False
width32__11_add32_err_0.223526_size_257_depth_14__ER__D5,32,11_add32_err_0.223526_size_257_depth_14,D5,132945830558791265440540375/309485009821345068724781056,132945830558791265440540375/309485009821345068724781056,False,True,False
width32__11_add32_err_0.223526_size_257_depth_14__ER__R0,32,11_add32_err_0.223526_size_257_depth_14,R0,3383851983543894174674714273915/20282409603651670423947251286016,3383851983543894174674714273915/20282409603651670423947251286016,False,True,False
width32__11_add32_err_0.223526_size_257_depth_14__ER__R1,32,11_add32_err_0.223526_size_257_depth_14,R1,408806554958845884811311/2417851639229258349412352,408806554958845884811311/2417851639229258349412352,False,True,False
width32__11_add32_err_0.223526_size_257_depth_14__ER__R2,32,11_add32_err_0.223526_size_257_depth_14,R2,23309812329232847271192145/154742504910672534362390528,23309812329232847271192145/154742504910672534362390528,False,True,False
width32__11_add32_err_0.223526_size_257_depth_14__ER__R3,32,11_add32_err_0.223526_size_257_depth_14,R3,3616654164854156247426404790597/10141204801825835211973625643008,3616654164854156247426404790597/10141204801825835211973625643008,False,True,False
width32__11_add32_err_0.223526_size_257_depth_14__ER__R4,32,11_add32_err_0.223526_size_257_depth_14,R4,8689993888204674201673016615/39614081257132168796771975168,8689993888204674201673016615/39614081257132168796771975168,False,True,False
width32__11_add32_err_0.223526_size_257_depth_14__ER__R5,32,11_add32_err_0.223526_size_257_depth_14,R5,106366486418291389356087/604462909807314587353088,106366486418291389356087/604462909807314587353088,False,True,False
width32__11_add32_err_0.223526_size_257_depth_14__ER__R6,32,11_add32_err_0.223526_size_257_depth_14,R6,613409131826107404005/2361183241434822606848,613409131826107404005/2361183241434822606848,False,True,False
width32__11_add32_err_0.223526_size_257_depth_14__ER__R7,32,11_add32_err_0.223526_size_257_depth_14,R7,8872773866247518979140157/38685626227668133590597632,8872773866247518979140157/38685626227668133590597632,False,True,False
width32__11_add32_err_0.223526_size_257_depth_14__ER__R8,32,11_add32_err_0.223526_size_257_depth_14,R8,89618487363272206039852529/618970019642690137449562112,89618487363272206039852529/618970019642690137449562112,False,True,False
width32__11_add32_err_0.223526_size_257_depth_14__ER__R9,32,11_add32_err_0.223526_size_257_depth_14,R9,63062227582190670297593497/309485009821345068724781056,63062227582190670297593497/309485009821345068724781056,False,True,False
width32__12_add32_err_0.25061_size_254_depth_14__ER__D0,32,12_add32_err_0.25061_size_254_depth_14,D0,2128680531/8589934592,2128680531/8589934592,False,True,False
width32__12_add32_err_0.25061_size_254_depth_14__ER__D1,32,12_add32_err_0.25061_size_254_depth_14,D1,87104555345415789853032357/618970019642690137449562112,87104555345415789853032357/618970019642690137449562112,False,True,False
width32__12_add32_err_0.25061_size_254_depth_14__ER__D2,32,12_add32_err_0.25061_size_254_depth_14,D2,41437707984195477193951821/618970019642690137449562112,41437707984195477193951821/618970019642690137449562112,False,True,False
width32__12_add32_err_0.25061_size_254_depth_14__ER__D3,32,12_add32_err_0.25061_size_254_depth_14,D3,86104346804107185074985765/618970019642690137449562112,86104346804107185074985765/618970019642690137449562112,False,True,False
width32__12_add32_err_0.25061_size_254_depth_14__ER__D4,32,12_add32_err_0.25061_size_254_depth_14,D4,281538797867606206547803625/618970019642690137449562112,281538797867606206547803625/618970019642690137449562112,False,True,False
width32__12_add32_err_0.25061_size_254_depth_14__ER__D5,32,12_add32_err_0.25061_size_254_depth_14,D5,281538797867606206547803625/618970019642690137449562112,281538797867606206547803625/618970019642690137449562112,False,True,False
width32__12_add32_err_0.25061_size_254_depth_14__ER__R0,32,12_add32_err_0.25061_size_254_depth_14,R0,7124063870630278154326414720693/40564819207303340847894502572032,7124063870630278154326414720693/40564819207303340847894502572032,False,True,False
width32__12_add32_err_0.25061_size_254_depth_14__ER__R1,32,12_add32_err_0.25061_size_254_depth_14,R1,799829496711199794782687/4835703278458516698824704,799829496711199794782687/4835703278458516698824704,False,True,False
width32__12_add32_err_0.25061_size_254_depth_14__ER__R2,32,12_add32_err_0.25061_size_254_depth_14,R2,189960171634901278502922305/1237940039285380274899124224,189960171634901278502922305/1237940039285380274899124224,False,True,False
width32__12_add32_err_0.25061_size_254_depth_14__ER__R3,32,12_add32_err_0.25061_size_254_depth_14,R3,7255146918548333100500543542159/20282409603651670423947251286016,7255146918548333100500543542159/20282409603651670423947251286016,False,True,False
width32__12_add32_err_0.25061_size_254_depth_14__ER__R4,32,12_add32_err_0.25061_size_254_depth_14,R4,24969389517140261355527215905/79228162514264337593543950336,24969389517140261355527215905/79228162514264337593543950336,False,True,False
width32__12_add32_err_0.25061_size_254_depth_14__ER__R5,32,12_add32_err_0.25061_size_254_depth_14,R5,649427539100815256834213/2417851639229258349412352,649427539100815256834213/2417851639229258349412352,False,True,False
width32__12_add32_err_0.25061_size_254_depth_14__ER__R6,32,12_add32_err_0.25061_size_254_depth_14,R6,1092055150056469157665/4722366482869645213696,1092055150056469157665/4722366482869645213696,False,True,False
width32__12_add32_err_0.25061_size_254_depth_14__ER__R7,32,12_add32_err_0.25061_size_254_depth_14,R7,34822276127603110078225773/154742504910672534362390528,34822276127603110078225773/154742504910672534362390528,False,True,False
width32__12_add32_err_0.25061_size_254_depth_14__ER__R8,32,12_add32_err_0.25061_size_254_depth_14,R8,898292693407536152172574507/4951760157141521099596496896,898292693407536152172574507/4951760157141521099596496896,False,True,False
width32__12_add32_err_0.25061_size_254_depth_14__ER__R9,32,12_add32_err_0.25061_size_254_depth_14,R9,148382411612517173723970185/618970019642690137449562112,148382411612517173723970185/618970019642690137449562112,False,True,False
width32__14_add32_err_0.295059_size_249_depth_14__ER__D0,32,14_add32_err_0.295059_size_249_depth_14,D0,5006830731/17179869184,5006830731/17179869184,False,True,False
width32__14_add32_err_0.295059_size_249_depth_14__ER__D1,32,14_add32_err_0.295059_size_249_depth_14,D1,268688010142069043441310945/1237940039285380274899124224,268688010142069043441310945/1237940039285380274899124224,False,True,False
width32__14_add32_err_0.295059_size_249_depth_14__ER__D2,32,14_add32_err_0.295059_size_249_depth_14,D2,52932243527138203841276433/1237940039285380274899124224,52932243527138203841276433/1237940039285380274899124224,False,True,False
width32__14_add32_err_0.295059_size_249_depth_14__ER__D3,32,14_add32_err_0.295059_size_249_depth_14,D3,218699217350417688877310625/1237940039285380274899124224,218699217350417688877310625/1237940039285380274899124224,False,True,False
width32__14_add32_err_0.295059_size_249_depth_14__ER__D4,32,14_add32_err_0.295059_size_249_depth_14,D4,608150655338331569625045625/1237940039285380274899124224,608150655338331569625045625/1237940039285380274899124224,False,True,False
width32__14_add32_err_0.295059_size_249_depth_14__ER__D5,32,14_add32_err_0.295059_size_249_depth_14,D5,608150655338331569625045625/1237940039285380274899124224,608150655338331569625045625/1237940039285380274899124224,False,True,False
width32__14_add32_err_0.295059_size_249_depth_14__ER__R0,32,14_add32_err_0.295059_size_249_depth_14,R0,17022506359801980193757182776593/81129638414606681695789005144064,17022506359801980193757182776593/81129638414606681695789005144064,False,True,False
width32__14_add32_err_0.295059_size_249_depth_14__ER__R1,32,14_add32_err_0.295059_size_249_depth_14,R1,8215464791810715987565991/38685626227668133590597632,8215464791810715987565991/38685626227668133590597632,False,True,False
width32__14_add32_err_0.295059_size_249_depth_14__ER__R2,32,14_add32_err_0.295059_size_249_depth_14,R2,1526897478739086929280656339/9903520314283042199192993792,1526897478739086929280656339/9903520314283042199192993792,False,True,False
width32__14_add32_err_0.295059_size_249_depth_14__ER__R3,32,14_add32_err_0.295059_size_249_depth_14,R3,13816343060905831314677310702993/40564819207303340847894502572032,13816343060905831314677310702993/40564819207303340847894502572032,False,True,False
width32__14_add32_err_0.295059_size_249_depth_14__ER__R4,32,14_add32_err_0.295059_size_249_depth_14,R4,56255827960410399588272167975/158456325028528675187087900672,56255827960410399588272167975/158456325028528675187087900672,False,True,False
width32__14_add32_err_0.295059_size_249_depth_14__ER__R5,32,14_add32_err_0.295059_size_249_depth_14,R5,5218380257638843450069985/19342813113834066795298816,5218380257638843450069985/19342813113834066795298816,False,True,False
width32__14_add32_err_0.295059_size_249_depth_14__ER__R6,32,14_add32_err_0.295059_size_249_depth_14,R6,5412772385507060213119/18889465931478580854784,5412772385507060213119/18889465931478580854784,False,True,False
width32__14_add32_err_0.295059_size_249_depth_14__ER__R7,32,14_add32_err_0.295059_size_249_depth_14,R7,255243309803142412006605725/1237940039285380274899124224,255243309803142412006605725/1237940039285380274899124224,False,True,False
width32__14_add32_err_0.295059_size_249_depth_14__ER__R8,32,14_add32_err_0.295059_size_249_depth_14,R8,2212678690785849081681728081/9903520314283042199192993792,2212678690785849081681728081/9903520314283042199192993792,False,True,False
width32__14_add32_err_0.295059_size_249_depth_14__ER__R9,32,14_add32_err_0.295059_size_249_depth_14,R9,565499001155538534124018499/2475880078570760549798248448,565499001155538534124018499/2475880078570760549798248448,False,True,False
width32__1_add32_err_0_size_310_depth_20__ER__D0,32,1_add32_err_0_size_310_depth_20,D0,65535/8589934592,65535/8589934592,False,True,False
width32__1_add32_err_0_size_310_depth_20__ER__D1,32,1_add32_err_0_size_310_depth_20,D1,2423314587584983541427/158456325028528675187087900672,2423314587584983541427/158456325028528675187087900672,False,True,False
width32__1_add32_err_0_size_310_depth_20__ER__D2,32,1_add32_err_0_size_310_depth_20,D2,21809831288264851872843/158456325028528675187087900672,21809831288264851872843/158456325028528675187087900672,False,True,False
width32__1_add32_err_0_size_310_depth_20__ER__D3,32,1_add32_err_0_size_310_depth_20,D3,16522599460806705964275/158456325028528675187087900672,16522599460806705964275/158456325028528675187087900672,False,True,False
width32__1_add32_err_0_size_310_depth_20__ER__D4,32,1_add32_err_0_size_310_depth_20,D4,42926389895634613037109375/158456325028528675187087900672,42926389895634613037109375/158456325028528675187087900672,False,True,False
width32__1_add32_err_0_size_310_depth_20__ER__D5,32,1_add32_err_0_size_310_depth_20,D5,42926389895634613037109375/158456325028528675187087900672,42926389895634613037109375/158456325028528675187087900672,False,True,False
width32__1_add32_err_0_size_310_depth_20__ER__R0,32,1_add32_err_0_size_310_depth_20,R0,56664290243337266580523125/162259276829213363391578010288128,56664290243337266580523125/162259276829213363391578010288128,False,True,False
width32__1_add32_err_0_size_310_depth_20__ER__R1,32,1_add32_err_0_size_310_depth_20,R1,52627346002925203125/154742504910672534362390528,52627346002925203125/154742504910672534362390528,False,True,False
width32__1_add32_err_0_size_310_depth_20__ER__R2,32,1_add32_err_0_size_310_depth_20,R2,57952850072209147295625/158456325028528675187087900672,57952850072209147295625/158456325028528675187087900672,False,True,False
width32__1_add32_err_0_size_310_depth_20__ER__R3,32,1_add32_err_0_size_310_depth_20,R3,3946024550376900990345703125/10384593717069655257060992658440192,3946024550376900990345703125/10384593717069655257060992658440192,False,True,False
width32__1_add32_err_0_size_310_depth_20__ER__R4,32,1_add32_err_0_size_310_depth_20,R4,2722797051227436085546875/2535301200456458802993406410752,2722797051227436085546875/2535301200456458802993406410752,False,True,False
width32__1_add32_err_0_size_310_depth_20__ER__R5,32,1_add32_err_0_size_310_depth_20,R5,304284233554230015625/2475880078570760549798248448,304284233554230015625/2475880078570760549798248448,False,True,False
width32__1_add32_err_0_size_310_depth_20__ER__R6,32,1_add32_err_0_size_310_depth_20,R6,255895097484324375/18889465931478580854784,255895097484324375/18889465931478580854784,False,True,False
width32__1_add32_err_0_size_310_depth_20__ER__R7,32,1_add32_err_0_size_310_depth_20,R7,36801890657049464409375/1237940039285380274899124224,36801890657049464409375/1237940039285380274899124224,False,True,False
width32__1_add32_err_0_size_310_depth_20__ER__R8,32,1_add32_err_0_size_310_depth_20,R8,2355021319044542367594375/1267650600228229401496703205376,2355021319044542367594375/1267650600228229401496703205376,False,True,False
width32__1_add32_err_0_size_310_depth_20__ER__R9,32,1_add32_err_0_size_310_depth_20,R9,1520513052440340436139475/158456325028528675187087900672,1520513052440340436139475/158456325028528675187087900672,False,True,False
width32__3_add32_err_0.00389099_size_290_depth_17__ER__D0,32,3_add32_err_0.00389099_size_290_depth_17,D0,255/65536,255/65536,False,True,False
width32__3_add32_err_0.00389099_size_290_depth_17__ER__D1,32,3_add32_err_0.00389099_size_290_depth_17,D1,22006453491/281474976710656,22006453491/281474976710656,False,True,False
width32__3_add32_err_0.00389099_size_290_depth_17__ER__D2,32,3_add32_err_0.00389099_size_290_depth_17,D2,198058081419/281474976710656,198058081419/281474976710656,False,True,False
width32__3_add32_err_0.00389099_size_290_depth_17__ER__D3,32,3_add32_err_0.00389099_size_290_depth_17,D3,150044001075/281474976710656,150044001075/281474976710656,False,True,False
width32__3_add32_err_0.00389099_size_290_depth_17__ER__D4,32,3_add32_err_0.00389099_size_290_depth_17,D4,6401012109375/281474976710656,6401012109375/281474976710656,False,True,False
width32__3_add32_err_0.00389099_size_290_depth_17__ER__D5,32,3_add32_err_0.00389099_size_290_depth_17,D5,6401012109375/281474976710656,6401012109375/281474976710656,False,True,False
width32__3_add32_err_0.00389099_size_290_depth_17__ER__R0,32,3_add32_err_0.00389099_size_290_depth_17,R0,801212683893125/1152921504606846976,801212683893125/1152921504606846976,False,True,False
width32__3_add32_err_0.00389099_size_290_depth_17__ER__R1,32,3_add32_err_0.00389099_size_290_depth_17,R1,1874341931875/2251799813685248,1874341931875/2251799813685248,False,True,False
width32__3_add32_err_0.00389099_size_290_depth_17__ER__R2,32,3_add32_err_0.00389099_size_290_depth_17,R2,275206172175/281474976710656,275206172175/281474976710656,False,True,False
width32__3_add32_err_0.00389099_size_290_depth_17__ER__R3,32,3_add32_err_0.00389099_size_290_depth_17,R3,129622902876775/144115188075855872,129622902876775/144115188075855872,False,True,False
width32__3_add32_err_0.00389099_size_290_depth_17__ER__R4,32,3_add32_err_0.00389099_size_290_depth_17,R4,798753251154375/288230376151711744,798753251154375/288230376151711744,False,True,False
width32__3_add32_err_0.00389099_size_290_depth_17__ER__R5,32,3_add32_err_0.00389099_size_290_depth_17,R5,5888687475/4398046511104,5888687475/4398046511104,False,True,False
width32__3_add32_err_0.00389099_size_290_depth_17__ER__R6,32,3_add32_err_0.00389099_size_290_depth_17,R6,558851405/137438953472,558851405/137438953472,False,True,False
width32__3_add32_err_0.00389099_size_290_depth_17__ER__R7,32,3_add32_err_0.00389099_size_290_depth_17,R7,22546450405875/4503599627370496,22546450405875/4503599627370496,False,True,False
width32__3_add32_err_0.00389099_size_290_depth_17__ER__R8,32,3_add32_err_0.00389099_size_290_depth_17,R8,63890806695705/18014398509481984,63890806695705/18014398509481984,False,True,False
width32__3_add32_err_0.00389099_size_290_depth_17__ER__R9,32,3_add32_err_0.00389099_size_290_depth_17,R9,822290930458275/576460752303423488,822290930458275/576460752303423488,False,True,False
width32__4_add32_err_0.0318451_size_286_depth_17__ER__D0,32,4_add32_err_0.0318451_size_286_depth_17,D0,4335/131072,4335/131072,False,True,False
width32__4_add32_err_0.0318451_size_286_depth_17__ER__D1,32,4_add32_err_0.0318451_size_286_depth_17,D1,1134826620147/562949953421312,1134826620147/562949953421312,False,True,False
width32__4_add32_err_0.0318451_size_286_depth_17__ER__D2,32,4_add32_err_0.0318451_size_286_depth_17,D2,10213439581323/562949953421312,10213439581323/562949953421312,False,True,False
width32__4_add32_err_0.0318451_size_286_depth_17__ER__D3,32,4_add32_err_0.0318451_size_286_depth_17,D3,7737454228275/562949953421312,7737454228275/562949953421312,False,True,False
width32__4_add32_err_0.0318451_size_286_depth_17__ER__D4,32,4_add32_err_0.0318451_size_286_depth_17,D4,48350685069375/562949953421312,48350685069375/562949953421312,False,True,False
width32__4_add32_err_0.0318451_size_286_depth_17__ER__D5,32,4_add32_err_0.0318451_size_286_depth_17,D5,48350685069375/562949953421312,48350685069375/562949953421312,False,True,False
width32__4_add32_err_0.0318451_size_286_depth_17__ER__R0,32,4_add32_err_0.0318451_size_286_depth_17,R0,197636839204525/36028797018963968,197636839204525/36028797018963968,False,True,False
width32__4_add32_err_0.0318451_size_286_depth_17__ER__R1,32,4_add32_err_0.0318451_size_286_depth_17,R1,4424681975/549755813888,4424681975/549755813888,False,True,False
width32__4_add32_err_0.0318451_size_286_depth_17__ER__R2,32,4_add32_err_0.0318451_size_286_depth_17,R2,6839500408785/1125899906842624,6839500408785/1125899906842624,False,True,False
width32__4_add32_err_0.0318451_size_286_depth_17__ER__R3,32,4_add32_err_0.0318451_size_286_depth_17,R3,7082277399788575/144115188075855872,7082277399788575/144115188075855872,False,True,False
width32__4_add32_err_0.0318451_size_286_depth_17__ER__R4,32,4_add32_err_0.0318451_size_286_depth_17,R4,15366090427986375/288230376151711744,15366090427986375/288230376151711744,False,True,False
width32__4_add32_err_0.0318451_size_286_depth_17__ER__R5,32,4_add32_err_0.0318451_size_286_depth_17,R5,28652496525/2199023255552,28652496525/2199023255552,False,True,False
width32__4_add32_err_0.0318451_size_286_depth_17__ER__R6,32,4_add32_err_0.0318451_size_286_depth_17,R6,1045527035/17179869184,1045527035/17179869184,False,True,False
width32__4_add32_err_0.0318451_size_286_depth_17__ER__R7,32,4_add32_err_0.0318451_size_286_depth_17,R7,349635732265083/4503599627370496,349635732265083/4503599627370496,False,True,False
width32__4_add32_err_0.0318451_size_286_depth_17__ER__R8,32,4_add32_err_0.0318451_size_286_depth_17,R8,171847485597465/18014398509481984,171847485597465/18014398509481984,False,True,False
width32__4_add32_err_0.0318451_size_286_depth_17__ER__R9,32,4_add32_err_0.0318451_size_286_depth_17,R9,13615855034431395/576460752303423488,13615855034431395/576460752303423488,False,True,False
width32__5_add32_err_0.0593414_size_282_depth_17__ER__D0,32,5_add32_err_0.0593414_size_282_depth_17,D0,7935/131072,7935/131072,False,True,False
width32__5_add32_err_0.0593414_size_282_depth_17__ER__D1,32,5_add32_err_0.0593414_size_282_depth_17,D1,2204487374067/562949953421312,2204487374067/562949953421312,False,True,False
width32__5_add32_err_0.0593414_size_282_depth_17__ER__D2,32,5_add32_err_0.0593414_size_282_depth_17,D2,19840386366603/562949953421312,19840386366603/562949953421312,False,True,False
width32__5_add32_err_0.0593414_size_282_depth_17__ER__D3,32,5_add32_err_0.0593414_size_282_depth_17,D3,15030595732275/562949953421312,15030595732275/562949953421312,False,True,False
width32__5_add32_err_0.0593414_size_282_depth_17__ER__D4,32,5_add32_err_0.0593414_size_282_depth_17,D4,79193158029375/562949953421312,79193158029375/562949953421312,False,True,False
width32__5_add32_err_0.0593414_size_282_depth_17__ER__D5,32,5_add32_err_0.0593414_size_282_depth_17,D5,79193158029375/562949953421312,79193158029375/562949953421312,False,True,False
width32__5_add32_err_0.0593414_size_282_depth_17__ER__R0,32,5_add32_err_0.0593414_size_282_depth_17,R0,875968687684525/36028797018963968,875968687684525/36028797018963968,False,True,False
width32__5_add32_err_0.0593414_size_282_depth_17__ER__R1,32,5_add32_err_0.0593414_size_282_depth_17,R1,22317781975/274877906944,22317781975/274877906944,False,True,False
width32__5_add32_err_0.0593414_size_282_depth_17__ER__R2,32,5_add32_err_0.0593414_size_282_depth_17,R2,26924823892945/1125899906842624,26924823892945/1125899906842624,False,True,False
width32__5_add32_err_0.0593414_size_282_depth_17__ER__R3,32,5_add32_err_0.0593414_size_282_depth_17,R3,7602947304029215/144115188075855872,7602947304029215/144115188075855872,False,True,False
width32__5_add32_err_0.0593414_size_282_depth_17__ER__R4,32,5_add32_err_0.0593414_size_282_depth_17,R4,19269646421586375/288230376151711744,19269646421586375/288230376151711744,False,True,False
width32__5_add32_err_0.0593414_size_282_depth_17__ER__R5,32,5_add32_err_0.0593414_size_282_depth_17,R5,58000172685/2199023255552,58000172685/2199023255552,False,True,False
width32__5_add32_err_0.0593414_size_282_depth_17__ER__R6,32,5_add32_err_0.0593414_size_282_depth_17,R6,1129405627/17179869184,1129405627/17179869184,False,True,False
width32__5_add32_err_0.0593414_size_282_depth_17__ER__R7,32,5_add32_err_0.0593414_size_282_depth_17,R7,673202684074107/4503599627370496,673202684074107/4503599627370496,False,True,False
width32__5_add32_err_0.0593414_size_282_depth_17__ER__R8,32,5_add32_err_0.0593414_size_282_depth_17,R8,886411711850265/18014398509481984,886411711850265/18014398509481984,False,True,False
width32__5_add32_err_0.0593414_size_282_depth_17__ER__R9,32,5_add32_err_0.0593414_size_282_depth_17,R9,20757559415666595/576460752303423488,20757559415666595/576460752303423488,False,True,False
width32__7_add32_err_0.114944_size_273_depth_17__ER__D0,32,7_add32_err_0.114944_size_273_depth_17,D0,3907215/33554432,3907215/33554432,False,True,False
width32__7_add32_err_0.114944_size_273_depth_17__ER__D1,32,7_add32_err_0.114944_size_273_depth_17,D1,73493216968735070199/9444732965739290427392,73493216968735070199/9444732965739290427392,False,True,False
width32__7_add32_err_0.114944_size_273_depth_17__ER__D2,32,7_add32_err_0.114944_size_273_depth_17,D2,653670318632378406183/9444732965739290427392,653670318632378406183/9444732965739290427392,False,True,False
width32__7_add32_err_0.114944_size_273_depth_17__ER__D3,32,7_add32_err_0.114944_size_273_depth_17,D3,496809876529950009975/9444732965739290427392,496809876529950009975/9444732965739290427392,False,True,False
width32__7_add32_err_0.114944_size_273_depth_17__ER__D4,32,7_add32_err_0.114944_size_273_depth_17,D4,2417568981373142049375/9444732965739290427392,2417568981373142049375/9444732965739290427392,False,True,False
width32__7_add32_err_0.114944_size_273_depth_17__ER__D5,32,7_add32_err_0.114944_size_273_depth_17,D5,2417568981373142049375/9444732965739290427392,2417568981373142049375/9444732965739290427392,False,True,False
width32__7_add32_err_0.114944_size_273_depth_17__ER__R0,32,7_add32_err_0.114944_size_273_depth_17,R0,2119327593652697886516073/38685626227668133590597632,2119327593652697886516073/38685626227668133590597632,False,True,False
width32__7_add32_err_0.114944_size_273_depth_17__ER__R1,32,7_add32_err_0.114944_size_273_depth_17,R1,4274725383872854655/36893488147419103232,4274725383872854655/36893488147419103232,False,True,False
width32__7_add32_err_0.114944_size_273_depth_17__ER__R2,32,7_add32_err_0.114944_size_273_depth_17,R2,5467259914146153774607/75557863725914323419136,5467259914146153774607/75557863725914323419136,False,True,False
width32__7_add32_err_0.114944_size_273_depth_17__ER__R3,32,7_add32_err_0.114944_size_273_depth_17,R3,247526916978500890977548585/2475880078570760549798248448,247526916978500890977548585/2475880078570760549798248448,False,True,False
width32__7_add32_err_0.114944_size_273_depth_17__ER__R4,32,7_add32_err_0.114944_size_273_depth_17,R4,119753987580381162807355/1208925819614629174706176,119753987580381162807355/1208925819614629174706176,False,True,False
width32__7_add32_err_0.114944_size_273_depth_17__ER__R5,32,7_add32_err_0.114944_size_273_depth_17,R5,108334717898679973855/2361183241434822606848,108334717898679973855/2361183241434822606848,False,True,False
width32__7_add32_err_0.114944_size_273_depth_17__ER__R6,32,7_add32_err_0.114944_size_273_depth_17,R6,7081875528308749/72057594037927936,7081875528308749/72057594037927936,False,True,False
width32__7_add32_err_0.114944_size_273_depth_17__ER__R7,32,7_add32_err_0.114944_size_273_depth_17,R7,8946605857569869237623/37778931862957161709568,8946605857569869237623/37778931862957161709568,False,True,False
width32__7_add32_err_0.114944_size_273_depth_17__ER__R8,32,7_add32_err_0.114944_size_273_depth_17,R8,13305939333365200448499/151115727451828646838272,13305939333365200448499/151115727451828646838272,False,True,False
width32__7_add32_err_0.114944_size_273_depth_17__ER__R9,32,7_add32_err_0.114944_size_273_depth_17,R9,66211918318485698469681/604462909807314587353088,66211918318485698469681/604462909807314587353088,False,True,False
width32__8_add32_err_0.14183_size_268_depth_17__ER__D0,32,8_add32_err_0.14183_size_268_depth_17,D0,307157535/2147483648,307157535/2147483648,False,True,False
width32__8_add32_err_0.14183_size_268_depth_17__ER__D1,32,8_add32_err_0.14183_size_268_depth_17,D1,1502199218599819663037499/154742504910672534362390528,1502199218599819663037499/154742504910672534362390528,False,True,False
width32__8_add32_err_0.14183_size_268_depth_17__ER__D2,32,8_add32_err_0.14183_size_268_depth_17,D2,13266951293040434893446147/154742504910672534362390528,13266951293040434893446147/154742504910672534362390528,False,True,False
width32__8_add32_err_0.14183_size_268_depth_17__ER__D3,32,8_add32_err_0.14183_size_268_depth_17,D3,10102861210806116427649275/154742504910672534362390528,10102861210806116427649275/154742504910672534362390528,False,True,False
width32__8_add32_err_0.14183_size_268_depth_17__ER__D4,32,8_add32_err_0.14183_size_268_depth_17,D4,47420173738620191752059375/154742504910672534362390528,47420173738620191752059375/154742504910672534362390528,False,True,False
width32__8_add32_err_0.14183_size_268_depth_17__ER__D5,32,8_add32_err_0.14183_size_268_depth_17,D5,47420173738620191752059375/154742504910672534362390528,47420173738620191752059375/154742504910672534362390528,False,True,False
width32__8_add32_err_0.14183_size_268_depth_17__ER__R0,32,8_add32_err_0.14183_size_268_depth_17,R0,151201760562601541406528155481/2535301200456458802993406410752,151201760562601541406528155481/2535301200456458802993406410752,False,True,False
width32__8_add32_err_0.14183_size_268_depth_17__ER__R1,32,8_add32_err_0.14183_size_268_depth_17,R1,147520041753286834497365/1208925819614629174706176,147520041753286834497365/1208925819614629174706176,False,True,False
width32__8_add32_err_0.14183_size_268_depth_17__ER__R2,32,8_add32_err_0.14183_size_268_depth_17,R2,6229747302768028867503943/77371252455336267181195264,6229747302768028867503943/77371252455336267181195264,False,True,False
width32__8_add32_err_0.14183_size_268_depth_17__ER__R3,32,8_add32_err_0.14183_size_268_depth_17,R3,129314833782006342862795726375/1267650600228229401496703205376,129314833782006342862795726375/1267650600228229401496703205376,False,True,False
width32__8_add32_err_0.14183_size_268_depth_17__ER__R4,32,8_add32_err_0.14183_size_268_depth_17,R4,2494563997158090839323100365/19807040628566084398385987584,2494563997158090839323100365/19807040628566084398385987584,False,True,False
width32__8_add32_err_0.14183_size_268_depth_17__ER__R5,32,8_add32_err_0.14183_size_268_depth_17,R5,17657417495251977028765/302231454903657293676544,17657417495251977028765/302231454903657293676544,False,True,False
width32__8_add32_err_0.14183_size_268_depth_17__ER__R6,32,8_add32_err_0.14183_size_268_depth_17,R6,60934666717841743573/590295810358705651712,60934666717841743573/590295810358705651712,False,True,False
width32__8_add32_err_0.14183_size_268_depth_17__ER__R7,32,8_add32_err_0.14183_size_268_depth_17,R7,2313898823467247625669613/9671406556917033397649408,2313898823467247625669613/9671406556917033397649408,False,True,False
width32__8_add32_err_0.14183_size_268_depth_17__ER__R8,32,8_add32_err_0.14183_size_268_depth_17,R8,39484062176889508606897077/309485009821345068724781056,39484062176889508606897077/309485009821345068724781056,False,True,False
width32__8_add32_err_0.14183_size_268_depth_17__ER__R9,32,8_add32_err_0.14183_size_268_depth_17,R9,18379889706520846834078961/154742504910672534362390528,18379889706520846834078961/154742504910672534362390528,False,True,False
width64__10_add64_err_0.0665131_size_574_depth_22__ER__D0,64,10_add64_err_0.0665131_size_574_depth_22,D0,9412388901375/140737488355328,9412388901375/140737488355328,False,True,False
width64__10_add64_err_0.0665131_size_574_depth_22__ER__D1,64,10_add64_err_0.0665131_size_574_depth_22,D1,177124856319954901638795805178985107451/43556142965880123323311949751266331066368,177124856319954901638795805178985107451/43556142965880123323311949751266331066368,False,True,False
width64__10_add64_err_0.0665131_size_574_depth_22__ER__D2,64,10_add64_err_0.0665131_size_574_depth_22,D2,1580899863849487444011310354138135151043/43556142965880123323311949751266331066368,1580899863849487444011310354138135151043/43556142965880123323311949751266331066368,False,True,False
width64__10_add64_err_0.0665131_size_574_depth_22__ER__D3,64,10_add64_err_0.0665131_size_574_depth_22,D3,1200383034902706803842549500584867314875/43556142965880123323311949751266331066368,1200383034902706803842549500584867314875/43556142965880123323311949751266331066368,False,True,False
width64__10_add64_err_0.0665131_size_574_depth_22__ER__D4,64,10_add64_err_0.0665131_size_574_depth_22,D4,7584107018574020751283115963808728739375/43556142965880123323311949751266331066368,7584107018574020751283115963808728739375/43556142965880123323311949751266331066368,False,True,False
width64__10_add64_err_0.0665131_size_574_depth_22__ER__D5,64,10_add64_err_0.0665131_size_574_depth_22,D5,7584107018574020751283115963808728739375/43556142965880123323311949751266331066368,7584107018574020751283115963808728739375/43556142965880123323311949751266331066368,False,True,False
width64__10_add64_err_0.0665131_size_574_depth_22__ER__R0,64,10_add64_err_0.0665131_size_574_depth_22,R0,80409444522275989034470416371518823925/2722258935367507707706996859454145691648,80409444522275989034470416371518823925/2722258935367507707706996859454145691648,False,True,False
width64__10_add64_err_0.0665131_size_574_depth_22__ER__R1,64,10_add64_err_0.0665131_size_574_depth_22,R1,1801852281812260757149501264355149110951315/89202980794122492566142873090593446023921664,1801852281812260757149501264355149110951315/89202980794122492566142873090593446023921664,False,True,False
width64__10_add64_err_0.0665131_size_574_depth_22__ER__R2,64,10_add64_err_0.0665131_size_574_depth_22,R2,27365091082417259330083023507655653296759901/713623846352979940529142984724747568191373312,27365091082417259330083023507655653296759901/713623846352979940529142984724747568191373312,False,True,False
width64__10_add64_err_0.0665131_size_574_depth_22__ER__R3,64,10_add64_err_0.0665131_size_574_depth_22,R3,3244106524458550478479250197734525515/42535295865117307932921825928971026432,3244106524458550478479250197734525515/42535295865117307932921825928971026432,False,True,False
width64__10_add64_err_0.0665131_size_574_depth_22__ER__R4,64,10_add64_err_0.0665131_size_574_depth_22,R4,1769400392995243560216777336418651019239256115/45671926166590716193865151022383844364247891968,1769400392995243560216777336418651019239256115/45671926166590716193865151022383844364247891968,False,True,False
width64__10_add64_err_0.0665131_size_574_depth_22__ER__R5,64,10_add64_err_0.0665131_size_574_depth_22,R5,356419197476331681492060397130305170805/10889035741470030830827987437816582766592,356419197476331681492060397130305170805/10889035741470030830827987437816582766592,False,True,False
width64__10_add64_err_0.0665131_size_574_depth_22__ER__R6,64,10_add64_err_0.0665131_size_574_depth_22,R6,9584228219243593188101790692900332407/340282366920938463463374607431768211456,9584228219243593188101790692900332407/340282366920938463463374607431768211456,False,True,False
width64__10_add64_err_0.0665131_size_574_depth_22__ER__R7,64,10_add64_err_0.0665131_size_574_depth_22,R7,20561816079228609957553668428454703296929/348449143727040986586495598010130648530944,20561816079228609957553668428454703296929/348449143727040986586495598010130648530944,False,True,False
width64__10_add64_err_0.0665131_size_574_depth_22__ER__R8,64,10_add64_err_0.0665131_size_574_depth_22,R8,2547990644313112923951603566138766235/85070591730234615865843651857942052864,2547990644313112923951603566138766235/85070591730234615865843651857942052864,False,True,False
width64__10_add64_err_0.0665131_size_574_depth_22__ER__R9,64,10_add64_err_0.0665131_size_574_depth_22,R9,939309777851791855612314804555349939955/10889035741470030830827987437816582766592,939309777851791855612314804555349939955/10889035741470030830827987437816582766592,False,True,False
width64__11_add64_err_0.0929413_size_571_depth_22__ER__D0,64,11_add64_err_0.0929413_size_571_depth_22,D0,13142700376575/140737488355328,13142700376575/140737488355328,False,True,False
width64__11_add64_err_0.0929413_size_571_depth_22__ER__D1,64,11_add64_err_0.0929413_size_571_depth_22,D1,259715784121379106348664157568158584827/43556142965880123323311949751266331066368,259715784121379106348664157568158584827/43556142965880123323311949751266331066368,False,True,False
width64__11_add64_err_0.0929413_size_571_depth_22__ER__D2,64,11_add64_err_0.0929413_size_571_depth_22,D2,2311977720758894634363267391029926052291/43556142965880123323311949751266331066368,2311977720758894634363267391029926052291/43556142965880123323311949751266331066368,False,True,False
width64__11_add64_err_0.0929413_size_571_depth_22__ER__D3,64,11_add64_err_0.0929413_size_571_depth_22,D3,1756758370000303114495949943355160050875/43556142965880123323311949751266331066368,1756758370000303114495949943355160050875/43556142965880123323311949751266331066368,False,True,False
width64__11_add64_err_0.0929413_size_571_depth_22__ER__D4,64,11_add64_err_0.0929413_size_571_depth_22,D4,9739760996114190656754165673133590179375/43556142965880123323311949751266331066368,9739760996114190656754165673133590179375/43556142965880123323311949751266331066368,False,True,False
width64__11_add64_err_0.0929413_size_571_depth_22__ER__D5,64,11_add64_err_0.0929413_size_571_depth_22,D5,9739760996114190656754165673133590179375/43556142965880123323311949751266331066368,9739760996114190656754165673133590179375/43556142965880123323311949751266331066368,False,True,False
width64__11_add64_err_0.0929413_size_571_depth_22__ER__R0,64,11_add64_err_0.0929413_size_571_depth_22,R0,125410805115675375658574203365107457525/2722258935367507707706996859454145691648,125410805115675375658574203365107457525/2722258935367507707706996859454145691648,False,True,False
width64__11_add64_err_0.0929413_size_571_depth_22__ER__R1,64,11_add64_err_0.0929413_size_571_depth_22,R1,3770919097294757415352043732208665910951315/89202980794122492566142873090593446023921664,3770919097294757415352043732208665910951315/89202980794122492566142873090593446023921664,False,True,False
width64__11_add64_err_0.0929413_size_571_depth_22__ER__R2,64,11_add64_err_0.0929413_size_571_depth_22,R2,68384850356824873717373813906131984506479709/713623846352979940529142984724747568191373312,68384850356824873717373813906131984506479709/713623846352979940529142984724747568191373312,False,True,False
width64__11_add64_err_0.0929413_size_571_depth_22__ER__R3,64,11_add64_err_0.0929413_size_571_depth_22,R3,4264738938049353019565704236708170315/42535295865117307932921825928971026432,4264738938049353019565704236708170315/42535295865117307932921825928971026432,False,True,False
width64__11_add64_err_0.0929413_size_571_depth_22__ER__R4,64,11_add64_err_0.0929413_size_571_depth_22,R4,9450329418222897608965637887524089492800303155/45671926166590716193865151022383844364247891968,9450329418222897608965637887524089492800303155/45671926166590716193865151022383844364247891968,False,True,False
width64__11_add64_err_0.0929413_size_571_depth_22__ER__R5,64,11_add64_err_0.0929413_size_571_depth_22,R5,662215372290616481488283677320787193205/10889035741470030830827987437816582766592,662215372290616481488283677320787193205/10889035741470030830827987437816582766592,False,True,False
width64__11_add64_err_0.0929413_size_571_depth_22__ER__R6,64,11_add64_err_0.0929413_size_571_depth_22,R6,22568635770676086751071783312071844727/340282366920938463463374607431768211456,22568635770676086751071783312071844727/340282366920938463463374607431768211456,False,True,False
width64__11_add64_err_0.0929413_size_571_depth_22__ER__R7,64,11_add64_err_0.0929413_size_571_depth_22,R7,28107946848650449185417710241101498970529/348449143727040986586495598010130648530944,28107946848650449185417710241101498970529/348449143727040986586495598010130648530944,False,True,False
width64__11_add64_err_0.0929413_size_571_depth_22__ER__R8,64,11_add64_err_0.0929413_size_571_depth_22,R8,3239116574633809452721478934269408155/85070591730234615865843651857942052864,3239116574633809452721478934269408155/85070591730234615865843651857942052864,False,True,False
width64__11_add64_err_0.0929413_size_571_depth_22__ER__R9,64,11_add64_err_0.0929413_size_571_depth_22,R9,1141233587116171877464576808528746829555/10889035741470030830827987437816582766592,1141233587116171877464576808528746829555/10889035741470030830827987437816582766592,False,True,False
width64__1_add64_err_0_size_630_depth_22__ER__D0,64,1_add64_err_0_size_630_depth_22,D0,65535/8589934592,65535/8589934592,False,True,False
width64__1_add64_err_0_size_630_depth_22__ER__D1,64,1_add64_err_0_size_630_depth_22,D1,2423314587584983541427/158456325028528675187087900672,2423314587584983541427/158456325028528675187087900672,False,True,False
width64__1_add64_err_0_size_630_depth_22__ER__D2,64,1_add64_err_0_size_630_depth_22,D2,21809831288264851872843/158456325028528675187087900672,21809831288264851872843/158456325028528675187087900672,False,True,False
width64__1_add64_err_0_size_630_depth_22__ER__D3,64,1_add64_err_0_size_630_depth_22,D3,16522599460806705964275/158456325028528675187087900672,16522599460806705964275/158456325028528675187087900672,False,True,False
width64__1_add64_err_0_size_630_depth_22__ER__D4,64,1_add64_err_0_size_630_depth_22,D4,42926389895634613037109375/158456325028528675187087900672,42926389895634613037109375/158456325028528675187087900672,False,True,False
width64__1_add64_err_0_size_630_depth_22__ER__D5,64,1_add64_err_0_size_630_depth_22,D5,42926389895634613037109375/158456325028528675187087900672,42926389895634613037109375/158456325028528675187087900672,False,True,False
width64__1_add64_err_0_size_630_depth_22__ER__R0,64,1_add64_err_0_size_630_depth_22,R0,86774007147200419921875/4951760157141521099596496896,86774007147200419921875/4951760157141521099596496896,False,True,False
width64__1_add64_err_0_size_630_depth_22__ER__R1,64,1_add64_err_0_size_630_depth_22,R1,4630422909484825278065625/40564819207303340847894502572032,4630422909484825278065625/40564819207303340847894502572032,False,True,False
width64__1_add64_err_0_size_630_depth_22__ER__R2,64,1_add64_err_0_size_630_depth_22,R2,60270124977996661331690625/81129638414606681695789005144064,60270124977996661331690625/81129638414606681695789005144064,False,True,False
width64__1_add64_err_0_size_630_depth_22__ER__R3,64,1_add64_err_0_size_630_depth_22,R3,405952933454519751609375/19807040628566084398385987584,405952933454519751609375/19807040628566084398385987584,False,True,False
width64__1_add64_err_0_size_630_depth_22__ER__R4,64,1_add64_err_0_size_630_depth_22,R4,14413255953455083907724609375/20769187434139310514121985316880384,14413255953455083907724609375/20769187434139310514121985316880384,False,True,False
width64__1_add64_err_0_size_630_depth_22__ER__R5,64,1_add64_err_0_size_630_depth_22,R5,5276476022665266890625/618970019642690137449562112,5276476022665266890625/618970019642690137449562112,False,True,False
width64__1_add64_err_0_size_630_depth_22__ER__R6,64,1_add64_err_0_size_630_depth_22,R6,621557757345246046875/154742504910672534362390528,621557757345246046875/154742504910672534362390528,False,True,False
width64__1_add64_err_0_size_630_depth_22__ER__R7,64,1_add64_err_0_size_630_depth_22,R7,981964803089624444033625/316912650057057350374175801344,981964803089624444033625/316912650057057350374175801344,False,True,False
width64__1_add64_err_0_size_630_depth_22__ER__R8,64,1_add64_err_0_size_630_depth_22,R8,8813109914509301671875/1237940039285380274899124224,8813109914509301671875/1237940039285380274899124224,False,True,False
width64__1_add64_err_0_size_630_depth_22__ER__R9,64,1_add64_err_0_size_630_depth_22,R9,519048647513871534675/4951760157141521099596496896,519048647513871534675/4951760157141521099596496896,False,True,False
width64__2_add64_err_1.52588e-05_size_616_depth_22__ER__D0,64,2_add64_err_1.52588e-05_size_616_depth_22,D0,65535/4294967296,65535/4294967296,False,True,False
width64__2_add64_err_1.52588e-05_size_616_depth_22__ER__D1,64,2_add64_err_1.52588e-05_size_616_depth_22,D1,2423314587584983541427/79228162514264337593543950336,2423314587584983541427/79228162514264337593543950336,False,True,False
width64__2_add64_err_1.52588e-05_size_616_depth_22__ER__D2,64,2_add64_err_1.52588e-05_size_616_depth_22,D2,21809831288264851872843/79228162514264337593543950336,21809831288264851872843/79228162514264337593543950336,False,True,False
width64__2_add64_err_1.52588e-05_size_616_depth_22__ER__D3,64,2_add64_err_1.52588e-05_size_616_depth_22,D3,16522599460806705964275/79228162514264337593543950336,16522599460806705964275/79228162514264337593543950336,False,True,False
width64__2_add64_err_1.52588e-05_size_616_depth_22__ER__D4,64,2_add64_err_1.52588e-05_size_616_depth_22,D4,42926389895634613037109375/79228162514264337593543950336,42926389895634613037109375/79228162514264337593543950336,False,True,False
width64__2_add64_err_1.52588e-05_size_616_depth_22__ER__D5,64,2_add64_err_1.52588e-05_size_616_depth_22,D5,42926389895634613037109375/79228162514264337593543950336,42926389895634613037109375/79228162514264337593543950336,False,True,False
width64__2_add64_err_1.52588e-05_size_616_depth_22__ER__R0,64,2_add64_err_1.52588e-05_size_616_depth_22,R0,380196669874838373046875/19807040628566084398385987584,380196669874838373046875/19807040628566084398385987584,False,True,False
width64__2_add64_err_1.52588e-05_size_616_depth_22__ER__R1,64,2_add64_err_1.52588e-05_size_616_depth_22,R1,76364511787429215771815625/40564819207303340847894502572032,76364511787429215771815625/40564819207303340847894502572032,False,True,False
width64__2_add64_err_1.52588e-05_size_616_depth_22__ER__R2,64,2_add64_err_1.52588e-05_size_616_depth_22,R2,110099960178031484558253125/81129638414606681695789005144064,110099960178031484558253125/81129638414606681695789005144064,False,True,False
width64__2_add64_err_1.52588e-05_size_616_depth_22__ER__R3,64,2_add64_err_1.52588e-05_size_616_depth_22,R3,545110987762167687609375/19807040628566084398385987584,545110987762167687609375/19807040628566084398385987584,False,True,False
width64__2_add64_err_1.52588e-05_size_616_depth_22__ER__R4,64,2_add64_err_1.52588e-05_size_616_depth_22,R4,25688999976709586179974609375/20769187434139310514121985316880384,25688999976709586179974609375/20769187434139310514121985316880384,False,True,False
width64__2_add64_err_1.52588e-05_size_616_depth_22__ER__R5,64,2_add64_err_1.52588e-05_size_616_depth_22,R5,633040818994071306328125/39614081257132168796771975168,633040818994071306328125/39614081257132168796771975168,False,True,False
width64__2_add64_err_1.52588e-05_size_616_depth_22__ER__R6,64,2_add64_err_1.52588e-05_size_616_depth_22,R6,13621777645751333609375/1237940039285380274899124224,13621777645751333609375/1237940039285380274899124224,False,True,False
width64__2_add64_err_1.52588e-05_size_616_depth_22__ER__R7,64,2_add64_err_1.52588e-05_size_616_depth_22,R7,3575886071696594345633625/316912650057057350374175801344,3575886071696594345633625/316912650057057350374175801344,False,True,False
width64__2_add64_err_1.52588e-05_size_616_depth_22__ER__R8,64,2_add64_err_1.52588e-05_size_616_depth_22,R8,12324880360825601671875/1237940039285380274899124224,12324880360825601671875/1237940039285380274899124224,False,True,False
width64__2_add64_err_1.52588e-05_size_616_depth_22__ER__R9,64,2_add64_err_1.52588e-05_size_616_depth_22,R9,110005609345600682380487975/2535301200456458802993406410752,110005609345600682380487975/2535301200456458802993406410752,False,True,False
width64__3_add64_err_0.00190735_size_612_depth_22__ER__D0,64,3_add64_err_0.00190735_size_612_depth_22,D0,16842495/8589934592,16842495/8589934592,False,True,False
width64__3_add64_err_0.00190735_size_612_depth_22__ER__D1,64,3_add64_err_0.00190735_size_612_depth_22,D1,6199111665732865768629939/158456325028528675187087900672,6199111665732865768629939/158456325028528675187087900672,False,True,False
width64__3_add64_err_0.00190735_size_612_depth_22__ER__D2,64,3_add64_err_0.00190735_size_612_depth_22,D2,55792004991595791917669451/158456325028528675187087900672,55792004991595791917669451/158456325028528675187087900672,False,True,False
width64__3_add64_err_0.00190735_size_612_depth_22__ER__D3,64,3_add64_err_0.00190735_size_612_depth_22,D3,42266670448178630240658675/158456325028528675187087900672,42266670448178630240658675/158456325028528675187087900672,False,True,False
width64__3_add64_err_0.00190735_size_612_depth_22__ER__D4,64,3_add64_err_0.00190735_size_612_depth_22,D4,1886600797266589774637109375/158456325028528675187087900672,1886600797266589774637109375/158456325028528675187087900672,False,True,False
width64__3_add64_err_0.00190735_size_612_depth_22__ER__D5,64,3_add64_err_0.00190735_size_612_depth_22,D5,1886600797266589774637109375/158456325028528675187087900672,1886600797266589774637109375/158456325028528675187087900672,False,True,False
width64__3_add64_err_0.00190735_size_612_depth_22__ER__R0,64,3_add64_err_0.00190735_size_612_depth_22,R0,30344379096994978109521875/4951760157141521099596496896,30344379096994978109521875/4951760157141521099596496896,False,True,False
width64__3_add64_err_0.00190735_size_612_depth_22__ER__R1,64,3_add64_err_0.00190735_size_612_depth_22,R1,8107682642612501159573105625/40564819207303340847894502572032,8107682642612501159573105625/40564819207303340847894502572032,False,True,False
width64__3_add64_err_0.00190735_size_612_depth_22__ER__R2,64,3_add64_err_0.00190735_size_612_depth_22,R2,219701453204309586287597290625/81129638414606681695789005144064,219701453204309586287597290625/81129638414606681695789005144064,False,True,False
width64__3_add64_err_0.00190735_size_612_depth_22__ER__R3,64,3_add64_err_0.00190735_size_612_depth_22,R3,59428093861043605885881375/19807040628566084398385987584,59428093861043605885881375/19807040628566084398385987584,False,True,False
width64__3_add64_err_0.00190735_size_612_depth_22__ER__R4,64,3_add64_err_0.00190735_size_612_depth_22,R4,45178955625449997109678323009375/20769187434139310514121985316880384,45178955625449997109678323009375/20769187434139310514121985316880384,False,True,False
width64__3_add64_err_0.00190735_size_612_depth_22__ER__R5,64,3_add64_err_0.00190735_size_612_depth_22,R5,1814130161203559247050625/618970019642690137449562112,1814130161203559247050625/618970019642690137449562112,False,True,False
width64__3_add64_err_0.00190735_size_612_depth_22__ER__R6,64,3_add64_err_0.00190735_size_612_depth_22,R6,300485362111311712709275/154742504910672534362390528,300485362111311712709275/154742504910672534362390528,False,True,False
width64__3_add64_err_0.00190735_size_612_depth_22__ER__R7,64,3_add64_err_0.00190735_size_612_depth_22,R7,583185021985075504852097625/316912650057057350374175801344,583185021985075504852097625/316912650057057350374175801344,False,True,False
width64__3_add64_err_0.00190735_size_612_depth_22__ER__R8,64,3_add64_err_0.00190735_size_612_depth_22,R8,7859216447079299471271875/1237940039285380274899124224,7859216447079299471271875/1237940039285380274899124224,False,True,False
width64__3_add64_err_0.00190735_size_612_depth_22__ER__R9,64,3_add64_err_0.00190735_size_612_depth_22,R9,865634880351846267587155/4951760157141521099596496896,865634880351846267587155/4951760157141521099596496896,False,True,False
width64__4_add64_err_0.00386047_size_605_depth_22__ER__D0,64,4_add64_err_0.00386047_size_605_depth_22,D0,4397962690815/1125899906842624,4397962690815/1125899906842624,False,True,False
width64__4_add64_err_0.00386047_size_605_depth_22__ER__D1,64,4_add64_err_0.00386047_size_605_depth_22,D1,6976850783958685187719416624320547063831/89202980794122492566142873090593446023921664,6976850783958685187719416624320547063831/89202980794122492566142873090593446023921664,False,True,False
width64__4_add64_err_0.00386047_size_605_depth_22__ER__D2,64,4_add64_err_0.00386047_size_605_depth_22,D2,62791653215971863555418134981095120015175/89202980794122492566142873090593446023921664,62791653215971863555418134981095120015175/89202980794122492566142873090593446023921664,False,True,False
width64__4_add64_err_0.00386047_size_605_depth_22__ER__D3,64,4_add64_err_0.00386047_size_605_depth_22,D3,47569435047841557060039209965937722509975/89202980794122492566142873090593446023921664,47569435047841557060039209965937722509975/89202980794122492566142873090593446023921664,False,True,False
width64__4_add64_err_0.00386047_size_605_depth_22__ER__D4,64,4_add64_err_0.00386047_size_605_depth_22,D4,2075518071165554717611697602332417062109375/89202980794122492566142873090593446023921664,2075518071165554717611697602332417062109375/89202980794122492566142873090593446023921664,False,True,False
width64__4_add64_err_0.00386047_size_605_depth_22__ER__D5,64,4_add64_err_0.00386047_size_605_depth_22,D5,2075518071165554717611697602332417062109375/89202980794122492566142873090593446023921664,2075518071165554717611697602332417062109375/89202980794122492566142873090593446023921664,False,True,False
width64__4_add64_err_0.00386047_size_605_depth_22__ER__R0,64,4_add64_err_0.00386047_size_605_depth_22,R0,42262594440694622085893609388869729503125/5575186299632655785383929568162090376495104,42262594440694622085893609388869729503125/5575186299632655785383929568162090376495104,False,True,False
width64__4_add64_err_0.00386047_size_605_depth_22__ER__R1,64,4_add64_err_0.00386047_size_605_depth_22,R1,511544047211280057726522738374390031685681065/730750818665451459101842416358141509827966271488,511544047211280057726522738374390031685681065/730750818665451459101842416358141509827966271488,False,True,False
width64__4_add64_err_0.00386047_size_605_depth_22__ER__R2,64,4_add64_err_0.00386047_size_605_depth_22,R2,1044231112351044132808718223898338484874332781/365375409332725729550921208179070754913983135744,1044231112351044132808718223898338484874332781/365375409332725729550921208179070754913983135744,False,True,False
width64__4_add64_err_0.00386047_size_605_depth_22__ER__R3,64,4_add64_err_0.00386047_size_605_depth_22,R3,294825936242491078083296596728550884125/43556142965880123323311949751266331066368,294825936242491078083296596728550884125/43556142965880123323311949751266331066368,False,True,False
width64__4_add64_err_0.00386047_size_605_depth_22__ER__R4,64,4_add64_err_0.00386047_size_605_depth_22,R4,231563901566951172519630824515271172761801046875/93536104789177786765035829293842113257979682750464,231563901566951172519630824515271172761801046875/93536104789177786765035829293842113257979682750464,False,True,False
width64__4_add64_err_0.00386047_size_605_depth_22__ER__R5,64,4_add64_err_0.00386047_size_605_depth_22,R5,442935309206875548340676983446334320893775/89202980794122492566142873090593446023921664,442935309206875548340676983446334320893775/89202980794122492566142873090593446023921664,False,True,False
width64__4_add64_err_0.00386047_size_605_depth_22__ER__R6,64,4_add64_err_0.00386047_size_605_depth_22,R6,897597133268706418124326975286502980825/348449143727040986586495598010130648530944,897597133268706418124326975286502980825/348449143727040986586495598010130648530944,False,True,False
width64__4_add64_err_0.00386047_size_605_depth_22__ER__R7,64,4_add64_err_0.00386047_size_605_depth_22,R7,269265588067356049550532947309085270954387/89202980794122492566142873090593446023921664,269265588067356049550532947309085270954387/89202980794122492566142873090593446023921664,False,True,False
width64__4_add64_err_0.00386047_size_605_depth_22__ER__R8,64,4_add64_err_0.00386047_size_605_depth_22,R8,314046619032926157052975810228748183305/43556142965880123323311949751266331066368,314046619032926157052975810228748183305/43556142965880123323311949751266331066368,False,True,False
width64__4_add64_err_0.00386047_size_605_depth_22__ER__R9,64,4_add64_err_0.00386047_size_605_depth_22,R9,13083754527961239361611232635554803253195/44601490397061246283071436545296723011960832,13083754527961239361611232635554803253195/44601490397061246283071436545296723011960832,False,True,False
width64__5_add64_err_0.0058136_size_596_depth_22__ER__D0,64,5_add64_err_0.0058136_size_596_depth_22,D0,12842893695/2199023255552,12842893695/2199023255552,False,True,False
width64__5_add64_err_0.0058136_size_596_depth_22__ER__D1,64,5_add64_err_0.0058136_size_596_depth_22,D1,311804190051320282406910771656375/2658455991569831745807614120560689152,311804190051320282406910771656375/2658455991569831745807614120560689152,False,True,False
width64__5_add64_err_0.0058136_size_596_depth_22__ER__D2,64,5_add64_err_0.0058136_size_596_depth_22,D2,2805944983951025042924508917665767/2658455991569831745807614120560689152,2805944983951025042924508917665767/2658455991569831745807614120560689152,False,True,False
width64__5_add64_err_0.0058136_size_596_depth_22__ER__D3,64,5_add64_err_0.0058136_size_596_depth_22,D3,2125776377616656196169604833061175/2658455991569831745807614120560689152,2125776377616656196169604833061175/2658455991569831745807614120560689152,False,True,False
width64__5_add64_err_0.0058136_size_596_depth_22__ER__D4,64,5_add64_err_0.0058136_size_596_depth_22,D4,91027862722008304488151937649609375/2658455991569831745807614120560689152,91027862722008304488151937649609375/2658455991569831745807614120560689152,False,True,False
width64__5_add64_err_0.0058136_size_596_depth_22__ER__D5,64,5_add64_err_0.0058136_size_596_depth_22,D5,91027862722008304488151937649609375/2658455991569831745807614120560689152,91027862722008304488151937649609375/2658455991569831745807614120560689152,False,True,False
width64__5_add64_err_0.0058136_size_596_depth_22__ER__R0,64,5_add64_err_0.0058136_size_596_depth_22,R0,354519311881580279386113460595134375/42535295865117307932921825928971026432,354519311881580279386113460595134375/42535295865117307932921825928971026432,False,True,False
width64__5_add64_err_0.0058136_size_596_depth_22__ER__R1,64,5_add64_err_0.0058136_size_596_depth_22,R1,312543523329848216498853042908827892805/87112285931760246646623899502532662132736,312543523329848216498853042908827892805/87112285931760246646623899502532662132736,False,True,False
width64__5_add64_err_0.0058136_size_596_depth_22__ER__R2,64,5_add64_err_0.0058136_size_596_depth_22,R2,46500735868737017910333801026431762683/10889035741470030830827987437816582766592,46500735868737017910333801026431762683/10889035741470030830827987437816582766592,False,True,False
width64__5_add64_err_0.0058136_size_596_depth_22__ER__R3,64,5_add64_err_0.0058136_size_596_depth_22,R3,1240303493133382567155645278895875/166153499473114484112975882535043072,1240303493133382567155645278895875/166153499473114484112975882535043072,False,True,False
width64__5_add64_err_0.0058136_size_596_depth_22__ER__R4,64,5_add64_err_0.0058136_size_596_depth_22,R4,3207298857200681949700140371847532891625/348449143727040986586495598010130648530944,3207298857200681949700140371847532891625/348449143727040986586495598010130648530944,False,True,False
width64__5_add64_err_0.0058136_size_596_depth_22__ER__R5,64,5_add64_err_0.0058136_size_596_depth_22,R5,1777136491472264843192632068469671975/340282366920938463463374607431768211456,1777136491472264843192632068469671975/340282366920938463463374607431768211456,False,True,False
width64__5_add64_err_0.0058136_size_596_depth_22__ER__R6,64,5_add64_err_0.0058136_size_596_depth_22,R6,69720861698130726161937463394075/20769187434139310514121985316880384,69720861698130726161937463394075/20769187434139310514121985316880384,False,True,False
width64__5_add64_err_0.0058136_size_596_depth_22__ER__R7,64,5_add64_err_0.0058136_size_596_depth_22,R7,45285888178259097748115960418089389/10633823966279326983230456482242756608,45285888178259097748115960418089389/10633823966279326983230456482242756608,False,True,False
width64__5_add64_err_0.0058136_size_596_depth_22__ER__R8,64,5_add64_err_0.0058136_size_596_depth_22,R8,9736496002529246136843519028744085/1329227995784915872903807060280344576,9736496002529246136843519028744085/1329227995784915872903807060280344576,False,True,False
width64__5_add64_err_0.0058136_size_596_depth_22__ER__R9,64,5_add64_err_0.0058136_size_596_depth_22,R9,51400304045794192913669370634355/41538374868278621028243970633760768,51400304045794192913669370634355/41538374868278621028243970633760768,False,True,False
width64__6_add64_err_0.00787354_size_594_depth_22__ER__D0,64,6_add64_err_0.00787354_size_594_depth_22,D0,133498365/17179869184,133498365/17179869184,False,True,False
width64__6_add64_err_0.00787354_size_594_depth_22__ER__D1,64,6_add64_err_0.00787354_size_594_depth_22,D1,49552675018921120786539525/316912650057057350374175801344,49552675018921120786539525/316912650057057350374175801344,False,True,False
width64__6_add64_err_0.00787354_size_594_depth_22__ER__D2,64,6_add64_err_0.00787354_size_594_depth_22,D2,445869469827315753124046229/316912650057057350374175801344,445869469827315753124046229/316912650057057350374175801344,False,True,False
width64__6_add64_err_0.00787354_size_594_depth_22__ER__D3,64,6_add64_err_0.00787354_size_594_depth_22,D3,337801514058498366820174725/316912650057057350374175801344,337801514058498366820174725/316912650057057350374175801344,False,True,False
width64__6_add64_err_0.00787354_size_594_depth_22__ER__D4,64,6_add64_err_0.00787354_size_594_depth_22,D4,14290879007214545131911328125/316912650057057350374175801344,14290879007214545131911328125/316912650057057350374175801344,False,True,False
width64__6_add64_err_0.00787354_size_594_depth_22__ER__D5,64,6_add64_err_0.00787354_size_594_depth_22,D5,14290879007214545131911328125/316912650057057350374175801344,14290879007214545131911328125/316912650057057350374175801344,False,True,False
width64__6_add64_err_0.00787354_size_594_depth_22__ER__R0,64,6_add64_err_0.00787354_size_594_depth_22,R0,46899675582589671590653596875/5070602400912917605986812821504,46899675582589671590653596875/5070602400912917605986812821504,False,True,False
width64__6_add64_err_0.00787354_size_594_depth_22__ER__R1,64,6_add64_err_0.00787354_size_594_depth_22,R1,22517037909084869102762624573355/5192296858534827628530496329220096,22517037909084869102762624573355/5192296858534827628530496329220096,False,True,False
width64__6_add64_err_0.00787354_size_594_depth_22__ER__R2,64,6_add64_err_0.00787354_size_594_depth_22,R2,736643231935536979694259155097/162259276829213363391578010288128,736643231935536979694259155097/162259276829213363391578010288128,False,True,False
width64__6_add64_err_0.00787354_size_594_depth_22__ER__R3,64,6_add64_err_0.00787354_size_594_depth_22,R3,11305187090329691890709404675/1267650600228229401496703205376,11305187090329691890709404675/1267650600228229401496703205376,False,True,False
width64__6_add64_err_0.00787354_size_594_depth_22__ER__R4,64,6_add64_err_0.00787354_size_594_depth_22,R4,201152915264271119120230419065375/20769187434139310514121985316880384,201152915264271119120230419065375/20769187434139310514121985316880384,False,True,False
width64__6_add64_err_0.00787354_size_594_depth_22__ER__R5,64,6_add64_err_0.00787354_size_594_depth_22,R5,21163531900177510761669892575/2535301200456458802993406410752,21163531900177510761669892575/2535301200456458802993406410752,False,True,False
width64__6_add64_err_0.00787354_size_594_depth_22__ER__R6,64,6_add64_err_0.00787354_size_594_depth_22,R6,2835103229543988349118975/618970019642690137449562112,2835103229543988349118975/618970019642690137449562112,False,True,False
width64__6_add64_err_0.00787354_size_594_depth_22__ER__R7,64,6_add64_err_0.00787354_size_594_depth_22,R7,1014229552389937222864463851/158456325028528675187087900672,1014229552389937222864463851/158456325028528675187087900672,False,True,False
width64__6_add64_err_0.00787354_size_594_depth_22__ER__R8,64,6_add64_err_0.00787354_size_594_depth_22,R8,2605388010870413243057662865/316912650057057350374175801344,2605388010870413243057662865/316912650057057350374175801344,False,True,False
width64__6_add64_err_0.00787354_size_594_depth_22__ER__R9,64,6_add64_err_0.00787354_size_594_depth_22,R9,159342968588320059032739865/19807040628566084398385987584,159342968588320059032739865/19807040628566084398385987584,False,True,False
width64__7_add64_err_0.0100861_size_585_depth_22__ER__D0,64,7_add64_err_0.0100861_size_585_depth_22,D0,21853212050175/2251799813685248,21853212050175/2251799813685248,False,True,False
width64__7_add64_err_0.0100861_size_585_depth_22__ER__D1,64,7_add64_err_0.0100861_size_585_depth_22,D1,34868981715692911336074727896409619287659/178405961588244985132285746181186892047843328,34868981715692911336074727896409619287659/178405961588244985132285746181186892047843328,False,True,False
width64__7_add64_err_0.0100861_size_585_depth_22__ER__D2,64,7_add64_err_0.0100861_size_585_depth_22,D2,313703067968634875607967470156606764666547/178405961588244985132285746181186892047843328,313703067968634875607967470156606764666547/178405961588244985132285746181186892047843328,False,True,False
width64__7_add64_err_0.0100861_size_585_depth_22__ER__D3,64,7_add64_err_0.0100861_size_585_depth_22,D3,237678170570204960903638676641058132440875/178405961588244985132285746181186892047843328,237678170570204960903638676641058132440875/178405961588244985132285746181186892047843328,False,True,False
width64__7_add64_err_0.0100861_size_585_depth_22__ER__D4,64,7_add64_err_0.0100861_size_585_depth_22,D4,10004676479421698517354515409084570662109375/178405961588244985132285746181186892047843328,10004676479421698517354515409084570662109375/178405961588244985132285746181186892047843328,False,True,False
width64__7_add64_err_0.0100861_size_585_depth_22__ER__D5,64,7_add64_err_0.0100861_size_585_depth_22,D5,10004676479421698517354515409084570662109375/178405961588244985132285746181186892047843328,10004676479421698517354515409084570662109375/178405961588244985132285746181186892047843328,False,True,False
width64__7_add64_err_0.0100861_size_585_depth_22__ER__R0,64,7_add64_err_0.0100861_size_585_depth_22,R0,57246939183154152933489158576982967806125/5575186299632655785383929568162090376495104,57246939183154152933489158576982967806125/5575186299632655785383929568162090376495104,False,True,False
width64__7_add64_err_0.0100861_size_585_depth_22__ER__R1,64,7_add64_err_0.0100861_size_585_depth_22,R1,1038805928599422682726516129193920450118486985/182687704666362864775460604089535377456991567872,1038805928599422682726516129193920450118486985/182687704666362864775460604089535377456991567872,False,True,False
width64__7_add64_err_0.0100861_size_585_depth_22__ER__R2,64,7_add64_err_0.0100861_size_585_depth_22,R2,4500500975385529735500185680692677497687896237/730750818665451459101842416358141509827966271488,4500500975385529735500185680692677497687896237/730750818665451459101842416358141509827966271488,False,True,False
width64__7_add64_err_0.0100861_size_585_depth_22__ER__R3,64,7_add64_err_0.0100861_size_585_depth_22,R3,853504083004531009341346765930137112675/87112285931760246646623899502532662132736,853504083004531009341346765930137112675/87112285931760246646623899502532662132736,False,True,False
width64__7_add64_err_0.0100861_size_585_depth_22__ER__R4,64,7_add64_err_0.0100861_size_585_depth_22,R4,1879490163720715093355181452815949391896788036375/187072209578355573530071658587684226515959365500928,1879490163720715093355181452815949391896788036375/187072209578355573530071658587684226515959365500928,False,True,False
width64__7_add64_err_0.0100861_size_585_depth_22__ER__R5,64,7_add64_err_0.0100861_size_585_depth_22,R5,1700011347939345928483987525761739272542925/178405961588244985132285746181186892047843328,1700011347939345928483987525761739272542925/178405961588244985132285746181186892047843328,False,True,False
width64__7_add64_err_0.0100861_size_585_depth_22__ER__R6,64,7_add64_err_0.0100861_size_585_depth_22,R6,4196118618478339976426853370169544068525/696898287454081973172991196020261297061888,4196118618478339976426853370169544068525/696898287454081973172991196020261297061888,False,True,False
width64__7_add64_err_0.0100861_size_585_depth_22__ER__R7,64,7_add64_err_0.0100861_size_585_depth_22,R7,1260860858600900462977125636675679410802549/178405961588244985132285746181186892047843328,1260860858600900462977125636675679410802549/178405961588244985132285746181186892047843328,False,True,False
width64__7_add64_err_0.0100861_size_585_depth_22__ER__R8,64,7_add64_err_0.0100861_size_585_depth_22,R8,901436997945399714930498891303786382685/87112285931760246646623899502532662132736,901436997945399714930498891303786382685/87112285931760246646623899502532662132736,False,True,False
width64__7_add64_err_0.0100861_size_585_depth_22__ER__R9,64,7_add64_err_0.0100861_size_585_depth_22,R9,2024127699020115210622908945270561672179705/178405961588244985132285746181186892047843328,2024127699020115210622908945270561672179705/178405961588244985132285746181186892047843328,False,True,False
width64__8_add64_err_0.0155334_size_581_depth_22__ER__D0,64,8_add64_err_0.0155334_size_581_depth_22,D0,35004586853375/2251799813685248,35004586853375/2251799813685248,False,True,False
width64__8_add64_err_0.0155334_size_581_depth_22__ER__D1,64,8_add64_err_0.0155334_size_581_depth_22,D1,474366743648328045191649868201038051004011/178405961588244985132285746181186892047843328,474366743648328045191649868201038051004011/178405961588244985132285746181186892047843328,False,True,False
width64__8_add64_err_0.0155334_size_581_depth_22__ER__D2,64,8_add64_err_0.0155334_size_581_depth_22,D2,300567915972965321418386688701296329805491/178405961588244985132285746181186892047843328,300567915972965321418386688701296329805491/178405961588244985132285746181186892047843328,False,True,False
width64__8_add64_err_0.0155334_size_581_depth_22__ER__D3,64,8_add64_err_0.0155334_size_581_depth_22,D3,347911049841274111640781915143159522113323/178405961588244985132285746181186892047843328,347911049841274111640781915143159522113323/178405961588244985132285746181186892047843328,False,True,False
width64__8_add64_err_0.0155334_size_581_depth_22__ER__D4,64,8_add64_err_0.0155334_size_581_depth_22,D4,13228545413808573929301541124917910566109375/178405961588244985132285746181186892047843328,13228545413808573929301541124917910566109375/178405961588244985132285746181186892047843328,False,True,False
width64__8_add64_err_0.0155334_size_581_depth_22__ER__D5,64,8_add64_err_0.0155334_size_581_depth_22,D5,13228545413808573929301541124917910566109375/178405961588244985132285746181186892047843328,13228545413808573929301541124917910566109375/178405961588244985132285746181186892047843328,False,True,False
width64__8_add64_err_0.0155334_size_581_depth_22__ER__R0,64,8_add64_err_0.0155334_size_581_depth_22,R0,75616473553225137880369580104028292606125/5575186299632655785383929568162090376495104,75616473553225137880369580104028292606125/5575186299632655785383929568162090376495104,False,True,False
width64__8_add64_err_0.0155334_size_581_depth_22__ER__R1,64,8_add64_err_0.0155334_size_581_depth_22,R1,1484486709461010039322424622708166589006678985/182687704666362864775460604089535377456991567872,1484486709461010039322424622708166589006678985/182687704666362864775460604089535377456991567872,False,True,False
width64__8_add64_err_0.0155334_size_581_depth_22__ER__R2,64,8_add64_err_0.0155334_size_581_depth_22,R2,6849352427540424400285582619078233907892056237/730750818665451459101842416358141509827966271488,6849352427540424400285582619078233907892056237/730750818665451459101842416358141509827966271488,False,True,False
width64__8_add64_err_0.0155334_size_581_depth_22__ER__R3,64,8_add64_err_0.0155334_size_581_depth_22,R3,1135390827179083226239885597877952434275/87112285931760246646623899502532662132736,1135390827179083226239885597877952434275/87112285931760246646623899502532662132736,False,True,False
width64__8_add64_err_0.0155334_size_581_depth_22__ER__R4,64,8_add64_err_0.0155334_size_581_depth_22,R4,1882314208012615825119638252483679372589677636375/187072209578355573530071658587684226515959365500928,1882314208012615825119638252483679372589677636375/187072209578355573530071658587684226515959365500928,False,True,False
width64__8_add64_err_0.0155334_size_581_depth_22__ER__R5,64,8_add64_err_0.0155334_size_581_depth_22,R5,1777632822511603898798634518719339534277325/178405961588244985132285746181186892047843328,1777632822511603898798634518719339534277325/178405961588244985132285746181186892047843328,False,True,False
width64__8_add64_err_0.0155334_size_581_depth_22__ER__R6,64,8_add64_err_0.0155334_size_581_depth_22,R6,6817483839098732921021717202394566020525/696898287454081973172991196020261297061888,6817483839098732921021717202394566020525/696898287454081973172991196020261297061888,False,True,False
width64__8_add64_err_0.0155334_size_581_depth_22__ER__R7,64,8_add64_err_0.0155334_size_581_depth_22,R7,1601355291425714767228724931780607230168949/178405961588244985132285746181186892047843328,1601355291425714767228724931780607230168949/178405961588244985132285746181186892047843328,False,True,False
width64__8_add64_err_0.0155334_size_581_depth_22__ER__R8,64,8_add64_err_0.0155334_size_581_depth_22,R8,862306551310930512958064197064570766685/87112285931760246646623899502532662132736,862306551310930512958064197064570766685/87112285931760246646623899502532662132736,False,True,False
width64__8_add64_err_0.0155334_size_581_depth_22__ER__R9,64,8_add64_err_0.0155334_size_581_depth_22,R9,13116753009035729867867203185827556461555705/178405961588244985132285746181186892047843328,13116753009035729867867203185827556461555705/178405961588244985132285746181186892047843328,False,True,False
width8__1_add8_err_0.0299377_size_63_depth_12__ER__D0,8,1_add8_err_0.0299377_size_63_depth_12,D0,15/512,15/512,False,True,False
width8__1_add8_err_0.0299377_size_63_depth_12__ER__D1,8,1_add8_err_0.0299377_size_63_depth_12,D1,65043/33554432,65043/33554432,False,True,False
width8__1_add8_err_0.0299377_size_63_depth_12__ER__D2,8,1_add8_err_0.0299377_size_63_depth_12,D2,585387/33554432,585387/33554432,False,True,False
width8__1_add8_err_0.0299377_size_63_depth_12__ER__D3,8,1_add8_err_0.0299377_size_63_depth_12,D3,443475/33554432,443475/33554432,False,True,False
width8__1_add8_err_0.0299377_size_63_depth_12__ER__D4,8,1_add8_err_0.0299377_size_63_depth_12,D4,2169375/33554432,2169375/33554432,False,True,False
width8__1_add8_err_0.0299377_size_63_depth_12__ER__D5,8,1_add8_err_0.0299377_size_63_depth_12,D5,2169375/33554432,2169375/33554432,False,True,False
width8__1_add8_err_0.0299377_size_63_depth_12__ER__R0,8,1_add8_err_0.0299377_size_63_depth_12,R0,15087875/4294967296,15087875/4294967296,False,True,False
width8__1_add8_err_0.0299377_size_63_depth_12__ER__R1,8,1_add8_err_0.0299377_size_63_depth_12,R1,504645/33554432,504645/33554432,False,True,False
width8__1_add8_err_0.0299377_size_63_depth_12__ER__R2,8,1_add8_err_0.0299377_size_63_depth_12,R2,326865/134217728,326865/134217728,False,True,False
width8__1_add8_err_0.0299377_size_63_depth_12__ER__R3,8,1_add8_err_0.0299377_size_63_depth_12,R3,3230375/67108864,3230375/67108864,False,True,False
width8__1_add8_err_0.0299377_size_63_depth_12__ER__R4,8,1_add8_err_0.0299377_size_63_depth_12,R4,3995/131072,3995/131072,False,True,False
width8__1_add8_err_0.0299377_size_63_depth_12__ER__R5,8,1_add8_err_0.0299377_size_63_depth_12,R5,67005/8388608,67005/8388608,False,True,False
width8__1_add8_err_0.0299377_size_63_depth_12__ER__R6,8,1_add8_err_0.0299377_size_63_depth_12,R6,321013/4194304,321013/4194304,False,True,False
width8__1_add8_err_0.0299377_size_63_depth_12__ER__R7,8,1_add8_err_0.0299377_size_63_depth_12,R7,27006595/2147483648,27006595/2147483648,False,True,False
width8__1_add8_err_0.0299377_size_63_depth_12__ER__R8,8,1_add8_err_0.0299377_size_63_depth_12,R8,630245/33554432,630245/33554432,False,True,False
width8__1_add8_err_0.0299377_size_63_depth_12__ER__R9,8,1_add8_err_0.0299377_size_63_depth_12,R9,456425/16777216,456425/16777216,False,True,False
width8__2_add8_err_0.11734_size_59_depth_10__ER__D0,8,2_add8_err_0.11734_size_59_depth_10,D0,15/128,15/128,False,True,False
width8__2_add8_err_0.11734_size_59_depth_10__ER__D1,8,2_add8_err_0.11734_size_59_depth_10,D1,7227/524288,7227/524288,False,True,False
width8__2_add8_err_0.11734_size_59_depth_10__ER__D2,8,2_add8_err_0.11734_size_59_depth_10,D2,65043/524288,65043/524288,False,True,False
width8__2_add8_err_0.11734_size_59_depth_10__ER__D3,8,2_add8_err_0.11734_size_59_depth_10,D3,49275/524288,49275/524288,False,True,False
width8__2_add8_err_0.11734_size_59_depth_10__ER__D4,8,2_add8_err_0.11734_size_59_depth_10,D4,86775/524288,86775/524288,False,True,False
width8__2_add8_err_0.11734_size_59_depth_10__ER__D5,8,2_add8_err_0.11734_size_59_depth_10,D5,86775/524288,86775/524288,False,True,False
width8__2_add8_err_0.11734_size_59_depth_10__ER__R0,8,2_add8_err_0.11734_size_59_depth_10,R0,274325/16777216,274325/16777216,False,True,False
width8__2_add8_err_0.11734_size_59_depth_10__ER__R1,8,2_add8_err_0.11734_size_59_depth_10,R1,504645/8388608,504645/8388608,False,True,False
width8__2_add8_err_0.11734_size_59_depth_10__ER__R2,8,2_add8_err_0.11734_size_59_depth_10,R2,46695/2097152,46695/2097152,False,True,False
width8__2_add8_err_0.11734_size_59_depth_10__ER__R3,8,2_add8_err_0.11734_size_59_depth_10,R3,646075/4194304,646075/4194304,False,True,False
width8__2_add8_err_0.11734_size_59_depth_10__ER__R4,8,2_add8_err_0.11734_size_59_depth_10,R4,3995/32768,3995/32768,False,True,False
width8__2_add8_err_0.11734_size_59_depth_10__ER__R5,8,2_add8_err_0.11734_size_59_depth_10,R5,22335/524288,22335/524288,False,True,False
width8__2_add8_err_0.11734_size_59_depth_10__ER__R6,8,2_add8_err_0.11734_size_59_depth_10,R6,29183/131072,29183/131072,False,True,False
width8__2_add8_err_0.11734_size_59_depth_10__ER__R7,8,2_add8_err_0.11734_size_59_depth_10,R7,3858085/33554432,3858085/33554432,False,True,False
width8__2_add8_err_0.11734_size_59_depth_10__ER__R8,8,2_add8_err_0.11734_size_59_depth_10,R8,57295/1048576,57295/1048576,False,True,False
width8__2_add8_err_0.11734_size_59_depth_10__ER__R9,8,2_add8_err_0.11734_size_59_depth_10,R9,91285/524288,91285/524288,False,True,False
width8__3_add8_err_0.188568_size_56_depth_8__ER__D0,8,3_add8_err_0.188568_size_56_depth_8,D0,3/16,3/16,False,True,False
width8__3_add8_err_0.188568_size_56_depth_8__ER__D1,8,3_add8_err_0.188568_size_56_depth_8,D1,99/4096,99/4096,False,True,False
width8__3_add8_err_0.188568_size_56_depth_8__ER__D2,8,3_add8_err_0.188568_size_56_depth_8,D2,891/4096,891/4096,False,True,False
width8__3_add8_err_0.188568_size_56_depth_8__ER__D3,8,3_add8_err_0.188568_size_56_depth_8,D3,675/4096,675/4096,False,True,False
width8__3_add8_err_0.188568_size_56_depth_8__ER__D4,8,3_add8_err_0.188568_size_56_depth_8,D4,975/4096,975/4096,False,True,False
width8__3_add8_err_0.188568_size_56_depth_8__ER__D5,8,3_add8_err_0.188568_size_56_depth_8,D5,975/4096,975/4096,False,True,False
width8__3_add8_err_0.188568_size_56_depth_8__ER__R0,8,3_add8_err_0.188568_size_56_depth_8,R0,2195/65536,2195/65536,False,True,False
width8__3_add8_err_0.188568_size_56_depth_8__ER__R1,8,3_add8_err_0.188568_size_56_depth_8,R1,12245/32768,12245/32768,False,True,False
width8__3_add8_err_0.188568_size_56_depth_8__ER__R2,8,3_add8_err_0.188568_size_56_depth_8,R2,1587/32768,1587/32768,False,True,False
width8__3_add8_err_0.188568_size_56_depth_8__ER__R3,8,3_add8_err_0.188568_size_56_depth_8,R3,13675/65536,13675/65536,False,True,False
width8__3_add8_err_0.188568_size_56_depth_8__ER__R4,8,3_add8_err_0.188568_size_56_depth_8,R4,469/2048,469/2048,False,True,False
width8__3_add8_err_0.188568_size_56_depth_8__ER__R5,8,3_add8_err_0.188568_size_56_depth_8,R5,1605/16384,1605/16384,False,True,False
width8__3_add8_err_0.188568_size_56_depth_8__ER__R6,8,3_add8_err_0.188568_size_56_depth_8,R6,707/2048,707/2048,False,True,False
width8__3_add8_err_0.188568_size_56_depth_8__ER__R7,8,3_add8_err_0.188568_size_56_depth_8,R7,42845/262144,42845/262144,False,True,False
width8__3_add8_err_0.188568_size_56_depth_8__ER__R8,8,3_add8_err_0.188568_size_56_depth_8,R8,3035/32768,3035/32768,False,True,False
width8__3_add8_err_0.188568_size_56_depth_8__ER__R9,8,3_add8_err_0.188568_size_56_depth_8,R9,6817/32768,6817/32768,False,True,False
width8__4_add8_err_0.269669_size_53_depth_7__ER__D0,8,4_add8_err_0.269669_size_53_depth_7,D0,69/256,69/256,False,True,False
width8__4_add8_err_0.269669_size_53_depth_7__ER__D1,8,4_add8_err_0.269669_size_53_depth_7,D1,46167/1048576,46167/1048576,False,True,False
width8__4_add8_err_0.269669_size_53_depth_7__ER__D2,8,4_add8_err_0.269669_size_53_depth_7,D2,394119/1048576,394119/1048576,False,True,False
width8__4_add8_err_0.269669_size_53_depth_7__ER__D3,8,4_add8_err_0.269669_size_53_depth_7,D3,191895/1048576,191895/1048576,False,True,False
width8__4_add8_err_0.269669_size_53_depth_7__ER__D4,8,4_add8_err_0.269669_size_53_depth_7,D4,309855/1048576,309855/1048576,False,True,False
width8__4_add8_err_0.269669_size_53_depth_7__ER__D5,8,4_add8_err_0.269669_size_53_depth_7,D5,309855/1048576,309855/1048576,False,True,False
width8__4_add8_err_0.269669_size_53_depth_7__ER__R0,8,4_add8_err_0.269669_size_53_depth_7,R0,2927005/67108864,2927005/67108864,False,True,False
width8__4_add8_err_0.269669_size_53_depth_7__ER__R1,8,4_add8_err_0.269669_size_53_depth_7,R1,30769747/67108864,30769747/67108864,False,True,False
width8__4_add8_err_0.269669_size_53_depth_7__ER__R2,8,4_add8_err_0.269669_size_53_depth_7,R2,518715/4194304,518715/4194304,False,True,False
width8__4_add8_err_0.269669_size_53_depth_7__ER__R3,8,4_add8_err_0.269669_size_53_depth_7,R3,1794587/8388608,1794587/8388608,False,True,False
width8__4_add8_err_0.269669_size_53_depth_7__ER__R4,8,4_add8_err_0.269669_size_53_depth_7,R4,27545/65536,27545/65536,False,True,False
width8__4_add8_err_0.269669_size_53_depth_7__ER__R5,8,4_add8_err_0.269669_size_53_depth_7,R5,370885/2097152,370885/2097152,False,True,False
width8__4_add8_err_0.269669_size_53_depth_7__ER__R6,8,4_add8_err_0.269669_size_53_depth_7,R6,589519/1048576,589519/1048576,False,True,False
width8__4_add8_err_0.269669_size_53_depth_7__ER__R7,8,4_add8_err_0.269669_size_53_depth_7,R7,12631091/67108864,12631091/67108864,False,True,False
width8__4_add8_err_0.269669_size_53_depth_7__ER__R8,8,4_add8_err_0.269669_size_53_depth_7,R8,219551/2097152,219551/2097152,False,True,False
width8__4_add8_err_0.269669_size_53_depth_7__ER__R9,8,4_add8_err_0.269669_size_53_depth_7,R9,480469/1048576,480469/1048576,False,True,False
width8__5_add8_err_0.325058_size_50_depth_7__ER__D0,8,5_add8_err_0.325058_size_50_depth_7,D0,83/256,83/256,False,True,False
width8__5_add8_err_0.325058_size_50_depth_7__ER__D1,8,5_add8_err_0.325058_size_50_depth_7,D1,61311/1048576,61311/1048576,False,True,False
width8__5_add8_err_0.325058_size_50_depth_7__ER__D2,8,5_add8_err_0.325058_size_50_depth_7,D2,514863/1048576,514863/1048576,False,True,False
width8__5_add8_err_0.325058_size_50_depth_7__ER__D3,8,5_add8_err_0.325058_size_50_depth_7,D3,312639/1048576,312639/1048576,False,True,False
width8__5_add8_err_0.325058_size_50_depth_7__ER__D4,8,5_add8_err_0.325058_size_50_depth_7,D4,346935/1048576,346935/1048576,False,True,False
width8__5_add8_err_0.325058_size_50_depth_7__ER__D5,8,5_add8_err_0.325058_size_50_depth_7,D5,346935/1048576,346935/1048576,False,True,False
width8__5_add8_err_0.325058_size_50_depth_7__ER__R0,8,5_add8_err_0.325058_size_50_depth_7,R0,5438941/67108864,5438941/67108864,False,True,False
width8__5_add8_err_0.325058_size_50_depth_7__ER__R1,8,5_add8_err_0.325058_size_50_depth_7,R1,36060179/67108864,36060179/67108864,False,True,False
width8__5_add8_err_0.325058_size_50_depth_7__ER__R2,8,5_add8_err_0.325058_size_50_depth_7,R2,875575/4194304,875575/4194304,False,True,False
width8__5_add8_err_0.325058_size_50_depth_7__ER__R3,8,5_add8_err_0.325058_size_50_depth_7,R3,1956091/8388608,1956091/8388608,False,True,False
width8__5_add8_err_0.325058_size_50_depth_7__ER__R4,8,5_add8_err_0.325058_size_50_depth_7,R4,30141/65536,30141/65536,False,True,False
width8__5_add8_err_0.325058_size_50_depth_7__ER__R5,8,5_add8_err_0.325058_size_50_depth_7,R5,377493/2097152,377493/2097152,False,True,False
width8__5_add8_err_0.325058_size_50_depth_7__ER__R6,8,5_add8_err_0.325058_size_50_depth_7,R6,620047/1048576,620047/1048576,False,True,False
width8__5_add8_err_0.325058_size_50_depth_7__ER__R7,8,5_add8_err_0.325058_size_50_depth_7,R7,13373987/67108864,13373987/67108864,False,True,False
width8__5_add8_err_0.325058_size_50_depth_7__ER__R8,8,5_add8_err_0.325058_size_50_depth_7,R8,290351/2097152,290351/2097152,False,True,False
width8__5_add8_err_0.325058_size_50_depth_7__ER__R9,8,5_add8_err_0.325058_size_50_depth_7,R9,492033/1048576,492033/1048576,False,True,False
width8__6_add8_err_0.400146_size_47_depth_7__ER__D0,8,6_add8_err_0.400146_size_47_depth_7,D0,51/128,51/128,False,True,False
width8__6_add8_err_0.400146_size_47_depth_7__ER__D1,8,6_add8_err_0.400146_size_47_depth_7,D1,10197/131072,10197/131072,False,True,False
width8__6_add8_err_0.400146_size_47_depth_7__ER__D2,8,6_add8_err_0.400146_size_47_depth_7,D2,79461/131072,79461/131072,False,True,False
width8__6_add8_err_0.400146_size_47_depth_7__ER__D3,8,6_add8_err_0.400146_size_47_depth_7,D3,53013/131072,53013/131072,False,True,False
width8__6_add8_err_0.400146_size_47_depth_7__ER__D4,8,6_add8_err_0.400146_size_47_depth_7,D4,50955/131072,50955/131072,False,True,False
width8__6_add8_err_0.400146_size_47_depth_7__ER__D5,8,6_add8_err_0.400146_size_47_depth_7,D5,50955/131072,50955/131072,False,True,False
width8__6_add8_err_0.400146_size_47_depth_7__ER__R0,8,6_add8_err_0.400146_size_47_depth_7,R0,470521/4194304,470521/4194304,False,True,False
width8__6_add8_err_0.400146_size_47_depth_7__ER__R1,8,6_add8_err_0.400146_size_47_depth_7,R1,2354999/4194304,2354999/4194304,False,True,False
width8__6_add8_err_0.400146_size_47_depth_7__ER__R2,8,6_add8_err_0.400146_size_47_depth_7,R2,62475/262144,62475/262144,False,True,False
width8__6_add8_err_0.400146_size_47_depth_7__ER__R3,8,6_add8_err_0.400146_size_47_depth_7,R3,69427/262144,69427/262144,False,True,False
width8__6_add8_err_0.400146_size_47_depth_7__ER__R4,8,6_add8_err_0.400146_size_47_depth_7,R4,3993/8192,3993/8192,False,True,False
width8__6_add8_err_0.400146_size_47_depth_7__ER__R5,8,6_add8_err_0.400146_size_47_depth_7,R5,31569/131072,31569/131072,False,True,False
width8__6_add8_err_0.400146_size_47_depth_7__ER__R6,8,6_add8_err_0.400146_size_47_depth_7,R6,41357/65536,41357/65536,False,True,False
width8__6_add8_err_0.400146_size_47_depth_7__ER__R7,8,6_add8_err_0.400146_size_47_depth_7,R7,970057/4194304,970057/4194304,False,True,False
width8__6_add8_err_0.400146_size_47_depth_7__ER__R8,8,6_add8_err_0.400146_size_47_depth_7,R8,30755/131072,30755/131072,False,True,False
width8__6_add8_err_0.400146_size_47_depth_7__ER__R9,8,6_add8_err_0.400146_size_47_depth_7,R9,300289/524288,300289/524288,False,True,False
width8__7_add8_err_0.453918_size_45_depth_7__ER__D0,8,7_add8_err_0.453918_size_45_depth_7,D0,29/64,29/64,False,True,False
width8__7_add8_err_0.453918_size_45_depth_7__ER__D1,8,7_add8_err_0.453918_size_45_depth_7,D1,1509/16384,1509/16384,False,True,False
width8__7_add8_err_0.453918_size_45_depth_7__ER__D2,8,7_add8_err_0.453918_size_45_depth_7,D2,11637/16384,11637/16384,False,True,False
width8__7_add8_err_0.453918_size_45_depth_7__ER__D3,8,7_add8_err_0.453918_size_45_depth_7,D3,6861/16384,6861/16384,False,True,False
width8__7_add8_err_0.453918_size_45_depth_7__ER__D4,8,7_add8_err_0.453918_size_45_depth_7,D4,7005/16384,7005/16384,False,True,False
width8__7_add8_err_0.453918_size_45_depth_7__ER__D5,8,7_add8_err_0.453918_size_45_depth_7,D5,7005/16384,7005/16384,False,True,False
width8__7_add8_err_0.453918_size_45_depth_7__ER__R0,8,7_add8_err_0.453918_size_45_depth_7,R0,201079/1048576,201079/1048576,False,True,False
width8__7_add8_err_0.453918_size_45_depth_7__ER__R1,8,7_add8_err_0.453918_size_45_depth_7,R1,154039/262144,154039/262144,False,True,False
width8__7_add8_err_0.453918_size_45_depth_7__ER__R2,8,7_add8_err_0.453918_size_45_depth_7,R2,33285/131072,33285/131072,False,True,False
width8__7_add8_err_0.453918_size_45_depth_7__ER__R3,8,7_add8_err_0.453918_size_45_depth_7,R3,2961/8192,2961/8192,False,True,False
width8__7_add8_err_0.453918_size_45_depth_7__ER__R4,8,7_add8_err_0.453918_size_45_depth_7,R4,2147/4096,2147/4096,False,True,False
width8__7_add8_err_0.453918_size_45_depth_7__ER__R5,8,7_add8_err_0.453918_size_45_depth_7,R5,18547/65536,18547/65536,False,True,False
width8__7_add8_err_0.453918_size_45_depth_7__ER__R6,8,7_add8_err_0.453918_size_45_depth_7,R6,23321/32768,23321/32768,False,True,False
width8__7_add8_err_0.453918_size_45_depth_7__ER__R7,8,7_add8_err_0.453918_size_45_depth_7,R7,134729/524288,134729/524288,False,True,False
width8__7_add8_err_0.453918_size_45_depth_7__ER__R8,8,7_add8_err_0.453918_size_45_depth_7,R8,17131/65536,17131/65536,False,True,False
width8__7_add8_err_0.453918_size_45_depth_7__ER__R9,8,7_add8_err_0.453918_size_45_depth_7,R9,87457/131072,87457/131072,False,True,False
